FOLIO;FECHA;CODIGO_PREDIO;NOMBRE_PREDIO;EQUIPO;UNIDAD_OPERATIVA;INTERVENCION;HORA_INICIO;HORA_TERMINO;TIEMPO_EFECTIVO;HORAS_COLACION;NUMERO_CICLOS;NUMERO_PERSONAS;RUT_EMPRESA;NOMBRE_EMPRESA;NUMERO_ACTA;SECUENCIA;RUT_CALIBRADOR;NOMBRE_CALIBRADOR;DIAMETRO;CODIGO_PRODUCTO;FACTOR_CORTEZA;ESPECIE;TROZOS;CODIGO_DESTINO;LARGO;LARGO_REAL;M3SSC;M3SSC_CABEZAL;STOCK;TIEMPOS_MUERTOS;TOTAL_HR_TMP_MUERTOS;TIPO_NOC;ESTADO_MADERA;FECHA_REGISTRO;FECHA_CORTE;ID_DETALLE_NOC;OBSERVACION;TIPO_EQUIPO;BIOMASA;PRODUCTO;NOMBRE_DESTINO;TEMPORADA;COMPLETA;ZONA_FORESTAL_PREDIO;ZONA_FORESTAL_MOVIL;ZONA_COSECHA;FSC_PRODUCCION;CERTFOR_PRODUCCION
825860;01-05-2026;12191;CE-27 ESPINALILLO YBAR;MG5;COSECHA;COSECHA;11:00;23:00;0:00;1:00;1;0;796625600;FORESTAL MILLALEMU Y CIA.LTDA.;2078007;1;796625600;MILLALEMU Y CIA.LTDA. FORESTAL MILLALEMU;;P0244URCPLSD;CC;PIRA;0;T010;2,39;2,44;0;0;0;42-Descanso/Pausa programada-11;660;P;Fresca;01-05-2026 12:49:26;02-05-2026;0;;GRAPPLE;;PULPABLE;CP CONSTITUCION;VE2026;SI;FASA Zona Constituci;FASA Zona Constituci;FASA Zona Constituci;FSC 100%-SA-FM/COC-004173;100% CERTIFICADO CERTFOR-CL21/819943415
825861;01-05-2026;10608;POLHUIN;T125;COSECHA;COSECHA;11:00;23:00;0:00;1:00;0;0;796625600;FORESTAL MILLALEMU Y CIA.LTDA.;2076038;1;796625600;MILLALEMU Y CIA.LTDA. FORESTAL MILLALEMU;;E0550UGCPLLF;CC;EUGL;0;N011;5,4;5,5;0;0;0;42-Descanso/Pausa programada-11;660;P;Fresca;01-05-2026 12:51:52;02-05-2026;0;;TORRE500;;PULPABLE;PTA NVA ALDEA;VE2026;SI;FASA Zona Constituci;FASA Zona Constituci;FASA Zona Constituci;FSC 100%-SA-FM/COC-004173;100% CERTIFICADO CERTFOR-CL21/819943415
825863;01-05-2026;11982;LO MARJU CBB;TEA02;COSECHA;COSECHA;11:00;23:00;0:00;1:00;0;0;796625600;FORESTAL MILLALEMU Y CIA.LTDA.;2077169;1;796625600;MILLALEMU Y CIA.LTDA. FORESTAL MILLALEMU;;P0244NRCPLLF;CC;PIRA;0;N048;2,39;2,44;0;0;0;42-Descanso/Pausa programada-11;660;P;Quemada;01-05-2026 13:27:59;02-05-2026;0;;FORWINCH;;PULPABLE;CN RANQUIL;VE2026;SI;FASA Zona Chillán;FASA Zona Chillán;FASA Zona Chillán;FSC 100%-SA-FM/COC-004173;100% CERTIFICADO CERTFOR-CL21/819943415
825876;02-05-2026;11983;EL CABRITO CBB;S123;COSECHA;COSECHA;11:00;20:00;7:30;0:30;43;480;796625600;FORESTAL MILLALEMU Y CIA.LTDA.;2074817;1;796625600;MILLALEMU Y CIA.LTDA. FORESTAL MILLALEMU;;P0244NRCPLLF;CC;PIRA;0;N048;2,44;2,44;0;0;42;17-Falta de trozado-0.5|43-Colacion-0.5;60;P;Quemada;02-05-2026 23:46:48;02-05-2026;0;;SKIDDER;;PULPABLE;CN RANQUIL;VE2026;SI;FASA Zona Chillán;FASA Zona Chillán;FASA Zona Chillán;FSC 100%-SA-FM/COC-004173;100% CERTIFICADO CERTFOR-CL21/819943415
825876;02-05-2026;11983;EL CABRITO CBB;S123;COSECHA;COSECHA;11:00;20:00;7:30;0:30;43;480;796625600;FORESTAL MILLALEMU Y CIA.LTDA.;2074817;1;796625600;MILLALEMU Y CIA.LTDA. FORESTAL MILLALEMU;;P0265LRCCAL1;CC;PIRA;87;N051;2,6;2,65;29,841;0;130;17-Falta de trozado-0.5|43-Colacion-0.5;60;P;Quemada;02-05-2026 23:46:48;02-05-2026;0;;SKIDDER;;PODADO;CN LOG NVA ALDEA;VE2026;SI;FASA Zona Chillán;FASA Zona Chillán;FASA Zona Chillán;FSC 100%-SA-FM/COC-004173;100% CERTIFICADO CERTFOR-CL21/819943415
825876;02-05-2026;11983;EL CABRITO CBB;S123;COSECHA;COSECHA;11:00;20:00;7:30;0:30;43;480;796625600;FORESTAL MILLALEMU Y CIA.LTDA.;2074817;1;796625600;MILLALEMU Y CIA.LTDA. FORESTAL MILLALEMU;;P0265MRCCAL1;CC;PIRA;63;N051;2,6;2,65;21,987;0;322;17-Falta de trozado-0.5|43-Colacion-0.5;60;P;Quemada;02-05-2026 23:46:48;02-05-2026;0;;SKIDDER;;ASERRABLE;CN LOG NVA ALDEA;VE2026;SI;FASA Zona Chillán;FASA Zona Chillán;FASA Zona Chillán;FSC 100%-SA-FM/COC-004173;100% CERTIFICADO CERTFOR-CL21/819943415
825876;02-05-2026;11983;EL CABRITO CBB;S123;COSECHA;COSECHA;11:00;20:00;7:30;0:30;43;480;796625600;FORESTAL MILLALEMU Y CIA.LTDA.;2074817;1;796625600;MILLALEMU Y CIA.LTDA. FORESTAL MILLALEMU;;P0265RRCCAL1;CC;PIRA;0;N051;2,6;2,65;0;0;30;17-Falta de trozado-0.5|43-Colacion-0.5;60;P;Fresca;02-05-2026 23:46:48;02-05-2026;0;;SKIDDER;;ASERRABLE;CN LOG NVA ALDEA;VE2026;SI;FASA Zona Chillán;FASA Zona Chillán;FASA Zona Chillán;FSC 100%-SA-FM/COC-004173;100% CERTIFICADO CERTFOR-CL21/819943415
825876;02-05-2026;11983;EL CABRITO CBB;S123;COSECHA;COSECHA;11:00;20:00;7:30;0:30;43;480;796625600;FORESTAL MILLALEMU Y CIA.LTDA.;2074817;1;796625600;MILLALEMU Y CIA.LTDA. FORESTAL MILLALEMU;;P0350URCPLLF;CC;PIRA;;N011;3,5;3,5;32,050872;0;82;17-Falta de trozado-0.5|43-Colacion-0.5;60;P;Fresca;02-05-2026 23:46:48;02-05-2026;0;;SKIDDER;;PULPABLE;PTA NVA ALDEA;VE2026;SI;FASA Zona Chillán;FASA Zona Chillán;FASA Zona Chillán;FSC 100%-SA-FM/COC-004173;100% CERTIFICADO CERTFOR-CL21/819943415
825876;02-05-2026;11983;EL CABRITO CBB;S123;COSECHA;COSECHA;11:00;20:00;7:30;0:30;43;480;796625600;FORESTAL MILLALEMU Y CIA.LTDA.;2074817;1;796625600;MILLALEMU Y CIA.LTDA. FORESTAL MILLALEMU;;P0375MRCCAL1;CC;PIRA;479;N051;3,65;3,75;120,229;0;670;17-Falta de trozado-0.5|43-Colacion-0.5;60;P;Quemada;02-05-2026 23:46:48;02-05-2026;0;;SKIDDER;;ASERRABLE;CN LOG NVA ALDEA;VE2026;SI;FASA Zona Chillán;FASA Zona Chillán;FASA Zona Chillán;FSC 100%-SA-FM/COC-004173;100% CERTIFICADO CERTFOR-CL21/819943415
825876;02-05-2026;11983;EL CABRITO CBB;S123;COSECHA;COSECHA;11:00;20:00;7:30;0:30;43;480;796625600;FORESTAL MILLALEMU Y CIA.LTDA.;2074817;1;796625600;MILLALEMU Y CIA.LTDA. FORESTAL MILLALEMU;;P0375RRCCAL1;CC;PIRA;277;N051;3,65;3,75;63,987;0;144;17-Falta de trozado-0.5|43-Colacion-0.5;60;P;Fresca;02-05-2026 23:46:48;02-05-2026;0;;SKIDDER;;ASERRABLE;CN LOG NVA ALDEA;VE2026;SI;FASA Zona Chillán;FASA Zona Chillán;FASA Zona Chillán;FSC 100%-SA-FM/COC-004173;100% CERTIFICADO CERTFOR-CL21/819943415
825876;02-05-2026;11983;EL CABRITO CBB;S123;COSECHA;COSECHA;11:00;20:00;7:30;0:30;43;480;796625600;FORESTAL MILLALEMU Y CIA.LTDA.;2074817;1;796625600;MILLALEMU Y CIA.LTDA. FORESTAL MILLALEMU;;P0400NRCPLLF;CC;PIRA;;N048;4;4;7,588474;0;258;17-Falta de trozado-0.5|43-Colacion-0.5;60;P;Quemada;02-05-2026 23:46:48;02-05-2026;0;;SKIDDER;;PULPABLE;CN RANQUIL;VE2026;SI;FASA Zona Chillán;FASA Zona Chillán;FASA Zona Chillán;FSC 100%-SA-FM/COC-004173;100% CERTIFICADO CERTFOR-CL21/819943415
825877;02-05-2026;11983;EL CABRITO CBB;S123;COSECHA;COSECHA;20:00;23:00;2:00;0:30;9;100;796625600;FORESTAL MILLALEMU Y CIA.LTDA.;2074817;1;796625600;MILLALEMU Y CIA.LTDA. FORESTAL MILLALEMU;;P0375MRCCAL1;CC;PIRA;151;N051;3,65;3,75;37,901;0;437;17-Falta de trozado-0.5;30;P;Manchada;02-05-2026 23:46:55;02-05-2026;0;;SKIDDER;;ASERRABLE;CN LOG NVA ALDEA;VE2026;SI;FASA Zona Chillán;FASA Zona Chillán;FASA Zona Chillán;FSC 100%-SA-FM/COC-004173;100% CERTIFICADO CERTFOR-CL21/819943415
825877;02-05-2026;11983;EL CABRITO CBB;S123;COSECHA;COSECHA;20:00;23:00;2:00;0:30;9;100;796625600;FORESTAL MILLALEMU Y CIA.LTDA.;2074817;1;796625600;MILLALEMU Y CIA.LTDA. FORESTAL MILLALEMU;;P0375RRCCAL1;CC;PIRA;40;N051;3,65;3,75;9,24;0;59;17-Falta de trozado-0.5;30;P;Manchada;02-05-2026 23:46:55;02-05-2026;0;;SKIDDER;;ASERRABLE;CN LOG NVA ALDEA;VE2026;SI;FASA Zona Chillán;FASA Zona Chillán;FASA Zona Chillán;FSC 100%-SA-FM/COC-004173;100% CERTIFICADO CERTFOR-CL21/819943415
825895;02-05-2026;12191;CE-27 ESPINALILLO YBAR;MG5;COSECHA;COSECHA;11:00;23:00;5:00;1:00;17;1232;796625600;FORESTAL MILLALEMU Y CIA.LTDA.;2078008;1;796625600;MILLALEMU Y CIA.LTDA. FORESTAL MILLALEMU;;P0244URC18-38;CC;PIRA;;T010;2,44;2,44;9,6558;0;25;4-Reparacion/Falla equipo de Trozado-6;360;P;Fresca;03-05-2026 00:38:01;02-05-2026;0;;GRAPPLE;;PULPABLE;CP CONSTITUCION;VE2026;SI;FASA Zona Constituci;FASA Zona Constituci;FASA Zona Constituci;FSC 100%-SA-FM/COC-004173;100% CERTIFICADO CERTFOR-CL21/819943415
825895;02-05-2026;12191;CE-27 ESPINALILLO YBAR;MG5;COSECHA;COSECHA;11:00;23:00;5:00;1:00;17;1232;796625600;FORESTAL MILLALEMU Y CIA.LTDA.;2078008;1;796625600;MILLALEMU Y CIA.LTDA. FORESTAL MILLALEMU;;P0244URC8-16;CC;PIRA;;T010;2,44;2,44;27,2916;0;350;4-Reparacion/Falla equipo de Trozado-6;360;P;Fresca;03-05-2026 00:38:01;02-05-2026;0;;GRAPPLE;;PULPABLE;CP CONSTITUCION;VE2026;SI;FASA Zona Constituci;FASA Zona Constituci;FASA Zona Constituci;FSC 100%-SA-FM/COC-004173;100% CERTIFICADO CERTFOR-CL21/819943415
825895;02-05-2026;12191;CE-27 ESPINALILLO YBAR;MG5;COSECHA;COSECHA;11:00;23:00;5:00;1:00;17;1232;796625600;FORESTAL MILLALEMU Y CIA.LTDA.;2078008;1;796625600;MILLALEMU Y CIA.LTDA. FORESTAL MILLALEMU;;P0410RRCCAL1;CC;PIRA;68;T014;4;4,1;12,92;0;90;4-Reparacion/Falla equipo de Trozado-6;360;P;Fresca;03-05-2026 00:38:01;02-05-2026;0;;GRAPPLE;;ASERRABLE;CN VINALES;VE2026;SI;FASA Zona Constituci;FASA Zona Constituci;FASA Zona Constituci;FSC 100%-SA-FM/COC-004173;100% CERTIFICADO CERTFOR-CL21/819943415
825903;02-05-2026;11734;COIHUECO Y OTROS (BB);TEA08;COSECHA;COSECHA;11:00;23:00;0:00;1:00;0;0;796625600;FORESTAL MILLALEMU Y CIA.LTDA.;2076233;1;796625600;MILLALEMU Y CIA.LTDA. FORESTAL MILLALEMU;;P0244NRCPLLF;CC;PIRA;0;N048;2,39;2,44;0;0;50;4-Reparacion/Falla equipo de Trozado-11;660;P;Quemada;03-05-2026 00:42:30;02-05-2026;0;;FORWINCH;;PULPABLE;CN RANQUIL;VE2026;SI;FASA Zona Chillán;FASA Zona Chillán;FASA Zona Chillán;FSC 100%-SA-FM/COC-004173;100% CERTIFICADO CERTFOR-CL21/819943415
825903;02-05-2026;11734;COIHUECO Y OTROS (BB);TEA08;COSECHA;COSECHA;11:00;23:00;0:00;1:00;0;0;796625600;FORESTAL MILLALEMU Y CIA.LTDA.;2076233;1;796625600;MILLALEMU Y CIA.LTDA. FORESTAL MILLALEMU;;P0265LRCCAL1;CC;PIRA;0;N051;2,6;2,65;0;0;50;4-Reparacion/Falla equipo de Trozado-11;660;P;Quemada;03-05-2026 00:42:30;02-05-2026;0;;FORWINCH;;PODADO;CN LOG NVA ALDEA;VE2026;SI;FASA Zona Chillán;FASA Zona Chillán;FASA Zona Chillán;FSC 100%-SA-FM/COC-004173;100% CERTIFICADO CERTFOR-CL21/819943415
825903;02-05-2026;11734;COIHUECO Y OTROS (BB);TEA08;COSECHA;COSECHA;11:00;23:00;0:00;1:00;0;0;796625600;FORESTAL MILLALEMU Y CIA.LTDA.;2076233;1;796625600;MILLALEMU Y CIA.LTDA. FORESTAL MILLALEMU;;P0265MRCCAL1;CC;PIRA;0;N051;2,6;2,65;0;0;50;4-Reparacion/Falla equipo de Trozado-11;660;P;Quemada;03-05-2026 00:42:30;02-05-2026;0;;FORWINCH;;ASERRABLE;CN LOG NVA ALDEA;VE2026;SI;FASA Zona Chillán;FASA Zona Chillán;FASA Zona Chillán;FSC 100%-SA-FM/COC-004173;100% CERTIFICADO CERTFOR-CL21/819943415
825903;02-05-2026;11734;COIHUECO Y OTROS (BB);TEA08;COSECHA;COSECHA;11:00;23:00;0:00;1:00;0;0;796625600;FORESTAL MILLALEMU Y CIA.LTDA.;2076233;1;796625600;MILLALEMU Y CIA.LTDA. FORESTAL MILLALEMU;;P0350URCPLLF;CC;PIRA;0;N011;3,4;3,5;0;0;30;4-Reparacion/Falla equipo de Trozado-11;660;P;Fresca;03-05-2026 00:42:30;02-05-2026;0;;FORWINCH;;PULPABLE;PTA NVA ALDEA;VE2026;SI;FASA Zona Chillán;FASA Zona Chillán;FASA Zona Chillán;FSC 100%-SA-FM/COC-004173;100% CERTIFICADO CERTFOR-CL21/819943415
825903;02-05-2026;11734;COIHUECO Y OTROS (BB);TEA08;COSECHA;COSECHA;11:00;23:00;0:00;1:00;0;0;796625600;FORESTAL MILLALEMU Y CIA.LTDA.;2076233;1;796625600;MILLALEMU Y CIA.LTDA. FORESTAL MILLALEMU;;P0375MRCCAL1;CC;PIRA;0;N051;3,65;3,75;0;0;120;4-Reparacion/Falla equipo de Trozado-11;660;P;Quemada;03-05-2026 00:42:30;02-05-2026;0;;FORWINCH;;ASERRABLE;CN LOG NVA ALDEA;VE2026;SI;FASA Zona Chillán;FASA Zona Chillán;FASA Zona Chillán;FSC 100%-SA-FM/COC-004173;100% CERTIFICADO CERTFOR-CL21/819943415
825903;02-05-2026;11734;COIHUECO Y OTROS (BB);TEA08;COSECHA;COSECHA;11:00;23:00;0:00;1:00;0;0;796625600;FORESTAL MILLALEMU Y CIA.LTDA.;2076233;1;796625600;MILLALEMU Y CIA.LTDA. FORESTAL MILLALEMU;;P0375RRCCAL1;CC;PIRA;0;N051;3,65;3,75;0;0;120;4-Reparacion/Falla equipo de Trozado-11;660;P;Fresca;03-05-2026 00:42:30;02-05-2026;0;;FORWINCH;;ASERRABLE;CN LOG NVA ALDEA;VE2026;SI;FASA Zona Chillán;FASA Zona Chillán;FASA Zona Chillán;FSC 100%-SA-FM/COC-004173;100% CERTIFICADO CERTFOR-CL21/819943415
825904;02-05-2026;11982;LO MARJU CBB;TEA02;COSECHA;COSECHA;11:00;23:00;10:30;1:00;78;581;796625600;FORESTAL MILLALEMU Y CIA.LTDA.;2077169;1;796625600;MILLALEMU Y CIA.LTDA. FORESTAL MILLALEMU;;E0400NGCPLLF;CC;EUGL;0;N048;4;4;32,86332;0;32;42-Descanso/Pausa programada-0.5;30;P;Quemada;03-05-2026 00:43:56;;0;;FORWINCH;;PULPABLE;CN RANQUIL;VE2026;SI;FASA Zona Chillán;FASA Zona Chillán;FASA Zona Chillán;FSC 100%-SA-FM/COC-004173;100% CERTIFICADO CERTFOR-CL21/819943415
825904;02-05-2026;11982;LO MARJU CBB;TEA02;COSECHA;COSECHA;11:00;23:00;10:30;1:00;78;581;796625600;FORESTAL MILLALEMU Y CIA.LTDA.;2077169;1;796625600;MILLALEMU Y CIA.LTDA. FORESTAL MILLALEMU;;P0400NRCPLLF;CC;PIRA;;N048;4;4;80,944237;0;300;42-Descanso/Pausa programada-0.5;30;P;Quemada;03-05-2026 00:43:56;02-05-2026;0;;FORWINCH;;PULPABLE;CN RANQUIL;VE2026;SI;FASA Zona Chillán;FASA Zona Chillán;FASA Zona Chillán;FSC 100%-SA-FM/COC-004173;100% CERTIFICADO CERTFOR-CL21/819943415
825918;02-05-2026;11734;COIHUECO Y OTROS (BB);S246;COSECHA;COSECHA;11:00;23:00;1:00;1:00;1;200;796625600;FORESTAL MILLALEMU Y CIA.LTDA.;2076896;1;796625600;MILLALEMU Y CIA.LTDA. FORESTAL MILLALEMU;;P0265LRCCAL1;CC;PIRA;0;N051;2,6;2,65;0;0;68;4-Reparacion/Falla equipo de Trozado-10;600;P;Quemada;03-05-2026 01:09:07;02-05-2026;0;;SKIDDER;;PODADO;CN LOG NVA ALDEA;VE2026;SI;FASA Zona Chillán;FASA Zona Chillán;FASA Zona Chillán;FSC 100%-SA-FM/COC-004173;100% CERTIFICADO CERTFOR-CL21/819943415
825918;02-05-2026;11734;COIHUECO Y OTROS (BB);S246;COSECHA;COSECHA;11:00;23:00;1:00;1:00;1;200;796625600;FORESTAL MILLALEMU Y CIA.LTDA.;2076896;1;796625600;MILLALEMU Y CIA.LTDA. FORESTAL MILLALEMU;;P0265MRCCAL1;CC;PIRA;0;N051;2,6;2,65;0;0;52;4-Reparacion/Falla equipo de Trozado-10;600;P;Quemada;03-05-2026 01:09:07;02-05-2026;0;;SKIDDER;;ASERRABLE;CN LOG NVA ALDEA;VE2026;SI;FASA Zona Chillán;FASA Zona Chillán;FASA Zona Chillán;FSC 100%-SA-FM/COC-004173;100% CERTIFICADO CERTFOR-CL21/819943415
825918;02-05-2026;11734;COIHUECO Y OTROS (BB);S246;COSECHA;COSECHA;11:00;23:00;1:00;1:00;1;200;796625600;FORESTAL MILLALEMU Y CIA.LTDA.;2076896;1;796625600;MILLALEMU Y CIA.LTDA. FORESTAL MILLALEMU;;P0265PRCCAL1;CC;PIRA;0;N051;2,6;2,65;0;0;33;4-Reparacion/Falla equipo de Trozado-10;600;P;Fresca;03-05-2026 01:09:07;02-05-2026;0;;SKIDDER;;PODADO;CN LOG NVA ALDEA;VE2026;SI;FASA Zona Chillán;FASA Zona Chillán;FASA Zona Chillán;FSC 100%-SA-FM/COC-004173;100% CERTIFICADO CERTFOR-CL21/819943415
825918;02-05-2026;11734;COIHUECO Y OTROS (BB);S246;COSECHA;COSECHA;11:00;23:00;1:00;1:00;1;200;796625600;FORESTAL MILLALEMU Y CIA.LTDA.;2076896;1;796625600;MILLALEMU Y CIA.LTDA. FORESTAL MILLALEMU;;P0265RRCCAL1;CC;PIRA;0;N051;2,6;2,65;0;0;90;4-Reparacion/Falla equipo de Trozado-10;600;P;Fresca;03-05-2026 01:09:07;02-05-2026;0;;SKIDDER;;ASERRABLE;CN LOG NVA ALDEA;VE2026;SI;FASA Zona Chillán;FASA Zona Chillán;FASA Zona Chillán;FSC 100%-SA-FM/COC-004173;100% CERTIFICADO CERTFOR-CL21/819943415
825918;02-05-2026;11734;COIHUECO Y OTROS (BB);S246;COSECHA;COSECHA;11:00;23:00;1:00;1:00;1;200;796625600;FORESTAL MILLALEMU Y CIA.LTDA.;2076896;1;796625600;MILLALEMU Y CIA.LTDA. FORESTAL MILLALEMU;;P0350URCPLLF;CC;PIRA;;N011;3,5;3,5;3,434592;0;85;4-Reparacion/Falla equipo de Trozado-10;600;P;Fresca;03-05-2026 01:09:07;02-05-2026;0;;SKIDDER;;PULPABLE;PTA NVA ALDEA;VE2026;SI;FASA Zona Chillán;FASA Zona Chillán;FASA Zona Chillán;FSC 100%-SA-FM/COC-004173;100% CERTIFICADO CERTFOR-CL21/819943415
825918;02-05-2026;11734;COIHUECO Y OTROS (BB);S246;COSECHA;COSECHA;11:00;23:00;1:00;1:00;1;200;796625600;FORESTAL MILLALEMU Y CIA.LTDA.;2076896;1;796625600;MILLALEMU Y CIA.LTDA. FORESTAL MILLALEMU;;P0375MRCCAL1;CC;PIRA;0;N051;3,65;3,75;0;0;115;4-Reparacion/Falla equipo de Trozado-10;600;P;Quemada;03-05-2026 01:09:07;02-05-2026;0;;SKIDDER;;ASERRABLE;CN LOG NVA ALDEA;VE2026;SI;FASA Zona Chillán;FASA Zona Chillán;FASA Zona Chillán;FSC 100%-SA-FM/COC-004173;100% CERTIFICADO CERTFOR-CL21/819943415
825918;02-05-2026;11734;COIHUECO Y OTROS (BB);S246;COSECHA;COSECHA;11:00;23:00;1:00;1:00;1;200;796625600;FORESTAL MILLALEMU Y CIA.LTDA.;2076896;1;796625600;MILLALEMU Y CIA.LTDA. FORESTAL MILLALEMU;;P0375RRCCAL1;CC;PIRA;0;N051;3,65;3,75;0;0;380;4-Reparacion/Falla equipo de Trozado-10;600;P;Fresca;03-05-2026 01:09:07;02-05-2026;0;;SKIDDER;;ASERRABLE;CN LOG NVA ALDEA;VE2026;SI;FASA Zona Chillán;FASA Zona Chillán;FASA Zona Chillán;FSC 100%-SA-FM/COC-004173;100% CERTIFICADO CERTFOR-CL21/819943415
825918;02-05-2026;11734;COIHUECO Y OTROS (BB);S246;COSECHA;COSECHA;11:00;23:00;1:00;1:00;1;200;796625600;FORESTAL MILLALEMU Y CIA.LTDA.;2076896;1;796625600;MILLALEMU Y CIA.LTDA. FORESTAL MILLALEMU;;P0400NRCPLLF;CC;PIRA;0;N048;4;4;0;0;22;4-Reparacion/Falla equipo de Trozado-10;600;P;Quemada;03-05-2026 01:09:07;;0;;SKIDDER;;PULPABLE;CN RANQUIL;VE2026;SI;FASA Zona Chillán;FASA Zona Chillán;FASA Zona Chillán;FSC 100%-SA-FM/COC-004173;100% CERTIFICADO CERTFOR-CL21/819943415
825918;02-05-2026;11734;COIHUECO Y OTROS (BB);S246;COSECHA;COSECHA;11:00;23:00;1:00;1:00;1;200;796625600;FORESTAL MILLALEMU Y CIA.LTDA.;2076896;1;796625600;MILLALEMU Y CIA.LTDA. FORESTAL MILLALEMU;;P0400NRCPLLF;CC;PIRA;0;N048;4;4;0;0;47;4-Reparacion/Falla equipo de Trozado-10;600;P;Quemada;03-05-2026 01:09:07;02-05-2026;0;;SKIDDER;;PULPABLE;CN RANQUIL;VE2026;SI;FASA Zona Chillán;FASA Zona Chillán;FASA Zona Chillán;FSC 100%-SA-FM/COC-004173;100% CERTIFICADO CERTFOR-CL21/819943415
825924;02-05-2026;11748;LAS ULLOAS (BB);S223;COSECHA;COSECHA;11:00;23:00;6:00;1:00;26;132;796625600;FORESTAL MILLALEMU Y CIA.LTDA.;2076549;1;796625600;MILLALEMU Y CIA.LTDA. FORESTAL MILLALEMU;;P0265LRCCAL1;CC;PIRA;40;N051;2,6;2,65;13,56;0;25;1-Reparacion/Falla equipo de volteo-5;300;P;Quemada;03-05-2026 01:19:35;02-05-2026;0;;SKIDDER;;PODADO;CN LOG NVA ALDEA;VE2026;SI;FASA Zona Chillán;FASA Zona Chillán;FASA Zona Chillán;FSC 100%-SA-FM/COC-004173;100% CERTIFICADO CERTFOR-CL21/819943415
825924;02-05-2026;11748;LAS ULLOAS (BB);S223;COSECHA;COSECHA;11:00;23:00;6:00;1:00;26;132;796625600;FORESTAL MILLALEMU Y CIA.LTDA.;2076549;1;796625600;MILLALEMU Y CIA.LTDA. FORESTAL MILLALEMU;;P0265MRCCAL1;CC;PIRA;25;N051;2,6;2,65;8;0;25;1-Reparacion/Falla equipo de volteo-5;300;P;Quemada;03-05-2026 01:19:35;02-05-2026;0;;SKIDDER;;ASERRABLE;CN LOG NVA ALDEA;VE2026;SI;FASA Zona Chillán;FASA Zona Chillán;FASA Zona Chillán;FSC 100%-SA-FM/COC-004173;100% CERTIFICADO CERTFOR-CL21/819943415
825924;02-05-2026;11748;LAS ULLOAS (BB);S223;COSECHA;COSECHA;11:00;23:00;6:00;1:00;26;132;796625600;FORESTAL MILLALEMU Y CIA.LTDA.;2076549;1;796625600;MILLALEMU Y CIA.LTDA. FORESTAL MILLALEMU;;P0300NRCPLVA;CC;PIRA;;N048;3;3;77,888825;0;300;1-Reparacion/Falla equipo de volteo-5;300;P;Quemada 2;03-05-2026 01:19:35;02-05-2026;0;;SKIDDER;;PULPABLE;CN RANQUIL;VE2026;SI;FASA Zona Chillán;FASA Zona Chillán;FASA Zona Chillán;FSC 100%-SA-FM/COC-004173;100% CERTIFICADO CERTFOR-CL21/819943415
825924;02-05-2026;11748;LAS ULLOAS (BB);S223;COSECHA;COSECHA;11:00;23:00;6:00;1:00;26;132;796625600;FORESTAL MILLALEMU Y CIA.LTDA.;2076549;1;796625600;MILLALEMU Y CIA.LTDA. FORESTAL MILLALEMU;;P0375MRCCAL1;CC;PIRA;274;N051;3,65;3,75;59,458;0;150;1-Reparacion/Falla equipo de volteo-5;300;P;Manchada;03-05-2026 01:19:35;02-05-2026;0;;SKIDDER;;ASERRABLE;CN LOG NVA ALDEA;VE2026;SI;FASA Zona Chillán;FASA Zona Chillán;FASA Zona Chillán;FSC 100%-SA-FM/COC-004173;100% CERTIFICADO CERTFOR-CL21/819943415
825939;02-05-2026;10608;POLHUIN;T125;COSECHA;COSECHA;11:00;23:00;9:00;1:00;112;450;796625600;FORESTAL MILLALEMU Y CIA.LTDA.;2077147;1;796625600;MILLALEMU Y CIA.LTDA. FORESTAL MILLALEMU;;E0550UGCPLLF;CC;EUGL;;N011;5,5;5,5;181,0035;0;2800;25-Instalacion de torre (vientos/ soportes)-2;120;P;Fresca;03-05-2026 01:27:18;02-05-2026;0;;TORRE500;;PULPABLE;PTA NVA ALDEA;VE2026;SI;FASA Zona Constituci;FASA Zona Constituci;FASA Zona Constituci;FSC 100%-SA-FM/COC-004173;100% CERTIFICADO CERTFOR-CL21/819943415
825946;02-05-2026;11734;COIHUECO Y OTROS (BB);S58;COSECHA;COSECHA;12:00;23:00;8:00;1:00;63;280;796625600;FORESTAL MILLALEMU Y CIA.LTDA.;2077008;1;796625600;MILLALEMU Y CIA.LTDA. FORESTAL MILLALEMU;;P0244NRCPLLF;CC;PIRA;;N048;2,44;2,44;5,985;0;54;20-Falta/abstecimiento de combustible equipo de volte-2;120;P;Quemada 2;03-05-2026 01:40:22;02-05-2026;0;;SKIDDER;;PULPABLE;CN RANQUIL;VE2026;SI;FASA Zona Chillán;FASA Zona Chillán;FASA Zona Chillán;FSC 100%-SA-FM/COC-004173;100% CERTIFICADO CERTFOR-CL21/819943415
825946;02-05-2026;11734;COIHUECO Y OTROS (BB);S58;COSECHA;COSECHA;12:00;23:00;8:00;1:00;63;280;796625600;FORESTAL MILLALEMU Y CIA.LTDA.;2077008;1;796625600;MILLALEMU Y CIA.LTDA. FORESTAL MILLALEMU;;P0265LRCCAL1;CC;PIRA;59;N051;2,6;2,65;22,951;0;125;20-Falta/abstecimiento de combustible equipo de volte-2;120;P;Quemada;03-05-2026 01:40:22;02-05-2026;0;;SKIDDER;;PODADO;CN LOG NVA ALDEA;VE2026;SI;FASA Zona Chillán;FASA Zona Chillán;FASA Zona Chillán;FSC 100%-SA-FM/COC-004173;100% CERTIFICADO CERTFOR-CL21/819943415
825946;02-05-2026;11734;COIHUECO Y OTROS (BB);S58;COSECHA;COSECHA;12:00;23:00;8:00;1:00;63;280;796625600;FORESTAL MILLALEMU Y CIA.LTDA.;2077008;1;796625600;MILLALEMU Y CIA.LTDA. FORESTAL MILLALEMU;;P0265MRCCAL1;CC;PIRA;24;N051;2,6;2,65;7,8;0;253;20-Falta/abstecimiento de combustible equipo de volte-2;120;P;Quemada;03-05-2026 01:40:22;02-05-2026;0;;SKIDDER;;ASERRABLE;CN LOG NVA ALDEA;VE2026;SI;FASA Zona Chillán;FASA Zona Chillán;FASA Zona Chillán;FSC 100%-SA-FM/COC-004173;100% CERTIFICADO CERTFOR-CL21/819943415
825946;02-05-2026;11734;COIHUECO Y OTROS (BB);S58;COSECHA;COSECHA;12:00;23:00;8:00;1:00;63;280;796625600;FORESTAL MILLALEMU Y CIA.LTDA.;2077008;1;796625600;MILLALEMU Y CIA.LTDA. FORESTAL MILLALEMU;;P0350URCPLLF;CC;PIRA;;N011;3,5;3,5;8,883336;0;59;20-Falta/abstecimiento de combustible equipo de volte-2;120;P;Fresca;03-05-2026 01:40:22;02-05-2026;0;;SKIDDER;;PULPABLE;PTA NVA ALDEA;VE2026;SI;FASA Zona Chillán;FASA Zona Chillán;FASA Zona Chillán;FSC 100%-SA-FM/COC-004173;100% CERTIFICADO CERTFOR-CL21/819943415
825946;02-05-2026;11734;COIHUECO Y OTROS (BB);S58;COSECHA;COSECHA;12:00;23:00;8:00;1:00;63;280;796625600;FORESTAL MILLALEMU Y CIA.LTDA.;2077008;1;796625600;MILLALEMU Y CIA.LTDA. FORESTAL MILLALEMU;;P0375MRCCAL1;CC;PIRA;237;N051;3,65;3,75;57,354;0;285;20-Falta/abstecimiento de combustible equipo de volte-2;120;P;Quemada;03-05-2026 01:40:22;02-05-2026;0;;SKIDDER;;ASERRABLE;CN LOG NVA ALDEA;VE2026;SI;FASA Zona Chillán;FASA Zona Chillán;FASA Zona Chillán;FSC 100%-SA-FM/COC-004173;100% CERTIFICADO CERTFOR-CL21/819943415
825946;02-05-2026;11734;COIHUECO Y OTROS (BB);S58;COSECHA;COSECHA;12:00;23:00;8:00;1:00;63;280;796625600;FORESTAL MILLALEMU Y CIA.LTDA.;2077008;1;796625600;MILLALEMU Y CIA.LTDA. FORESTAL MILLALEMU;;P0375RRCCAL1;CC;PIRA;55;N051;3,65;3,75;12,815;0;212;20-Falta/abstecimiento de combustible equipo de volte-2;120;P;Fresca;03-05-2026 01:40:22;02-05-2026;0;;SKIDDER;;ASERRABLE;CN LOG NVA ALDEA;VE2026;SI;FASA Zona Chillán;FASA Zona Chillán;FASA Zona Chillán;FSC 100%-SA-FM/COC-004173;100% CERTIFICADO CERTFOR-CL21/819943415
825946;02-05-2026;11734;COIHUECO Y OTROS (BB);S58;COSECHA;COSECHA;12:00;23:00;8:00;1:00;63;280;796625600;FORESTAL MILLALEMU Y CIA.LTDA.;2077008;1;796625600;MILLALEMU Y CIA.LTDA. FORESTAL MILLALEMU;;P0400NRCPLLF;CC;PIRA;;N048;4;4;24,789838;0;344;20-Falta/abstecimiento de combustible equipo de volte-2;120;P;Quemada;03-05-2026 01:40:22;02-05-2026;0;;SKIDDER;;PULPABLE;CN RANQUIL;VE2026;SI;FASA Zona Chillán;FASA Zona Chillán;FASA Zona Chillán;FSC 100%-SA-FM/COC-004173;100% CERTIFICADO CERTFOR-CL21/819943415
825946;02-05-2026;11734;COIHUECO Y OTROS (BB);S58;COSECHA;COSECHA;12:00;23:00;8:00;1:00;63;280;796625600;FORESTAL MILLALEMU Y CIA.LTDA.;2077008;1;796625600;MILLALEMU Y CIA.LTDA. FORESTAL MILLALEMU;;P0400NRCPLLF;CC;PIRA;0;N048;4;4;22,765422;0;277;20-Falta/abstecimiento de combustible equipo de volte-2;120;P;Quemada 2;03-05-2026 01:40:22;;0;;SKIDDER;;PULPABLE;CN RANQUIL;VE2026;SI;FASA Zona Chillán;FASA Zona Chillán;FASA Zona Chillán;FSC 100%-SA-FM/COC-004173;100% CERTIFICADO CERTFOR-CL21/819943415
825948;02-05-2026;11734;COIHUECO Y OTROS (BB);S58;COSECHA;COSECHA;11:00;12:00;1:00;0:00;12;125;796625600;FORESTAL MILLALEMU Y CIA.LTDA.;2077008;1;796625600;MILLALEMU Y CIA.LTDA. FORESTAL MILLALEMU;;P0375MRCCAL1;CC;PIRA;212;N051;3,65;3,75;51,304;0;189;;0;P;Manchada;03-05-2026 01:47:33;02-05-2026;0;;SKIDDER;;ASERRABLE;CN LOG NVA ALDEA;VE2026;SI;FASA Zona Chillán;FASA Zona Chillán;FASA Zona Chillán;FSC 100%-SA-FM/COC-004173;100% CERTIFICADO CERTFOR-CL21/819943415
826002;03-05-2026;11983;EL CABRITO CBB;S123;COSECHA;COSECHA;11:00;20:00;6:30;0:30;41;280;796625600;FORESTAL MILLALEMU Y CIA.LTDA.;2074817;1;796625600;MILLALEMU Y CIA.LTDA. FORESTAL MILLALEMU;;P0244NRCPLLF;CC;PIRA;;N048;2,44;2,44;0;0;42;1-Reparacion/Falla equipo de volteo-2;120;P;Quemada;04-05-2026 00:13:46;03-05-2026;0;;SKIDDER;;PULPABLE;CN RANQUIL;VE2026;SI;FASA Zona Chillán;FASA Zona Chillán;FASA Zona Chillán;FSC 100%-SA-FM/COC-004173;100% CERTIFICADO CERTFOR-CL21/819943415
826002;03-05-2026;11983;EL CABRITO CBB;S123;COSECHA;COSECHA;11:00;20:00;6:30;0:30;41;280;796625600;FORESTAL MILLALEMU Y CIA.LTDA.;2074817;1;796625600;MILLALEMU Y CIA.LTDA. FORESTAL MILLALEMU;;P0265LRCCAL1;CC;PIRA;73;N051;2,6;2,65;25,039;0;155;1-Reparacion/Falla equipo de volteo-2;120;P;Quemada;04-05-2026 00:13:46;03-05-2026;0;;SKIDDER;;PODADO;CN LOG NVA ALDEA;VE2026;SI;FASA Zona Chillán;FASA Zona Chillán;FASA Zona Chillán;FSC 100%-SA-FM/COC-004173;100% CERTIFICADO CERTFOR-CL21/819943415
826002;03-05-2026;11983;EL CABRITO CBB;S123;COSECHA;COSECHA;11:00;20:00;6:30;0:30;41;280;796625600;FORESTAL MILLALEMU Y CIA.LTDA.;2074817;1;796625600;MILLALEMU Y CIA.LTDA. FORESTAL MILLALEMU;;P0265MRCCAL1;CC;PIRA;127;N051;2,6;2,65;44,323;0;366;1-Reparacion/Falla equipo de volteo-2;120;P;Quemada;04-05-2026 00:13:46;03-05-2026;0;;SKIDDER;;ASERRABLE;CN LOG NVA ALDEA;VE2026;SI;FASA Zona Chillán;FASA Zona Chillán;FASA Zona Chillán;FSC 100%-SA-FM/COC-004173;100% CERTIFICADO CERTFOR-CL21/819943415
826002;03-05-2026;11983;EL CABRITO CBB;S123;COSECHA;COSECHA;11:00;20:00;6:30;0:30;41;280;796625600;FORESTAL MILLALEMU Y CIA.LTDA.;2074817;1;796625600;MILLALEMU Y CIA.LTDA. FORESTAL MILLALEMU;;P0265RRCCAL1;CC;PIRA;7;N051;2,6;2,65;2,443;0;32;1-Reparacion/Falla equipo de volteo-2;120;P;Fresca;04-05-2026 00:13:46;03-05-2026;0;;SKIDDER;;ASERRABLE;CN LOG NVA ALDEA;VE2026;SI;FASA Zona Chillán;FASA Zona Chillán;FASA Zona Chillán;FSC 100%-SA-FM/COC-004173;100% CERTIFICADO CERTFOR-CL21/819943415
826002;03-05-2026;11983;EL CABRITO CBB;S123;COSECHA;COSECHA;11:00;20:00;6:30;0:30;41;280;796625600;FORESTAL MILLALEMU Y CIA.LTDA.;2074817;1;796625600;MILLALEMU Y CIA.LTDA. FORESTAL MILLALEMU;;P0350URCPLLF;CC;PIRA;;N011;3,5;3,5;11,447;0;93;1-Reparacion/Falla equipo de volteo-2;120;P;Fresca;04-05-2026 00:13:46;03-05-2026;0;;SKIDDER;;PULPABLE;PTA NVA ALDEA;VE2026;SI;FASA Zona Chillán;FASA Zona Chillán;FASA Zona Chillán;FSC 100%-SA-FM/COC-004173;100% CERTIFICADO CERTFOR-CL21/819943415
826002;03-05-2026;11983;EL CABRITO CBB;S123;COSECHA;COSECHA;11:00;20:00;6:30;0:30;41;280;796625600;FORESTAL MILLALEMU Y CIA.LTDA.;2074817;1;796625600;MILLALEMU Y CIA.LTDA. FORESTAL MILLALEMU;;P0375MRCCAL1;CC;PIRA;265;N051;3,65;3,75;66,515;0;736;1-Reparacion/Falla equipo de volteo-2;120;P;Quemada;04-05-2026 00:13:46;03-05-2026;0;;SKIDDER;;ASERRABLE;CN LOG NVA ALDEA;VE2026;SI;FASA Zona Chillán;FASA Zona Chillán;FASA Zona Chillán;FSC 100%-SA-FM/COC-004173;100% CERTIFICADO CERTFOR-CL21/819943415
826002;03-05-2026;11983;EL CABRITO CBB;S123;COSECHA;COSECHA;11:00;20:00;6:30;0:30;41;280;796625600;FORESTAL MILLALEMU Y CIA.LTDA.;2074817;1;796625600;MILLALEMU Y CIA.LTDA. FORESTAL MILLALEMU;;P0375RRCCAL1;CC;PIRA;175;N051;3,65;3,75;40,425;0;189;1-Reparacion/Falla equipo de volteo-2;120;P;Fresca;04-05-2026 00:13:46;03-05-2026;0;;SKIDDER;;ASERRABLE;CN LOG NVA ALDEA;VE2026;SI;FASA Zona Chillán;FASA Zona Chillán;FASA Zona Chillán;FSC 100%-SA-FM/COC-004173;100% CERTIFICADO CERTFOR-CL21/819943415
826002;03-05-2026;11983;EL CABRITO CBB;S123;COSECHA;COSECHA;11:00;20:00;6:30;0:30;41;280;796625600;FORESTAL MILLALEMU Y CIA.LTDA.;2074817;1;796625600;MILLALEMU Y CIA.LTDA. FORESTAL MILLALEMU;;P0400NRCPLLF;CC;PIRA;;N048;4;4;0;0;5;1-Reparacion/Falla equipo de volteo-2;120;P;Quemada 2;04-05-2026 00:13:46;03-05-2026;0;;SKIDDER;;PULPABLE;CN RANQUIL;VE2026;SI;FASA Zona Chillán;FASA Zona Chillán;FASA Zona Chillán;FSC 100%-SA-FM/COC-004173;100% CERTIFICADO CERTFOR-CL21/819943415
826002;03-05-2026;11983;EL CABRITO CBB;S123;COSECHA;COSECHA;11:00;20:00;6:30;0:30;41;280;796625600;FORESTAL MILLALEMU Y CIA.LTDA.;2074817;1;796625600;MILLALEMU Y CIA.LTDA. FORESTAL MILLALEMU;;P0400NRCPLLF;CC;PIRA;;N048;4;4;7,588;0;263;1-Reparacion/Falla equipo de volteo-2;120;P;Quemada;04-05-2026 00:13:46;03-05-2026;0;;SKIDDER;;PULPABLE;CN RANQUIL;VE2026;SI;FASA Zona Chillán;FASA Zona Chillán;FASA Zona Chillán;FSC 100%-SA-FM/COC-004173;100% CERTIFICADO CERTFOR-CL21/819943415
826003;03-05-2026;11983;EL CABRITO CBB;S123;COSECHA;COSECHA;20:00;23:00;1:30;0:30;17;120;796625600;FORESTAL MILLALEMU Y CIA.LTDA.;2074817;1;796625600;MILLALEMU Y CIA.LTDA. FORESTAL MILLALEMU;;P0375MRCCAL1;CC;PIRA;73;N051;3,65;3,75;18,323;0;456;1-Reparacion/Falla equipo de volteo-1;60;P;Manchada;04-05-2026 00:13:48;03-05-2026;0;;SKIDDER;;ASERRABLE;CN LOG NVA ALDEA;VE2026;SI;FASA Zona Chillán;FASA Zona Chillán;FASA Zona Chillán;FSC 100%-SA-FM/COC-004173;100% CERTIFICADO CERTFOR-CL21/819943415
826003;03-05-2026;11983;EL CABRITO CBB;S123;COSECHA;COSECHA;20:00;23:00;1:30;0:30;17;120;796625600;FORESTAL MILLALEMU Y CIA.LTDA.;2074817;1;796625600;MILLALEMU Y CIA.LTDA. FORESTAL MILLALEMU;;P0375RRCCAL1;CC;PIRA;289;N051;3,65;3,75;66,759;0;126;1-Reparacion/Falla equipo de volteo-1;60;P;Manchada;04-05-2026 00:13:48;03-05-2026;0;;SKIDDER;;ASERRABLE;CN LOG NVA ALDEA;VE2026;SI;FASA Zona Chillán;FASA Zona Chillán;FASA Zona Chillán;FSC 100%-SA-FM/COC-004173;100% CERTIFICADO CERTFOR-CL21/819943415
826006;03-05-2026;10608;POLHUIN;T125;COSECHA;COSECHA;11:00;23:00;10:00;1:00;125;655;796625600;FORESTAL MILLALEMU Y CIA.LTDA.;2077147;1;796625600;MILLALEMU Y CIA.LTDA. FORESTAL MILLALEMU;;E0550UGCPLLF;CC;EUGL;;N011;5,5;5,5;210,62252;0;2830;2-Reparacion/Falla de equipo de madereo-1;60;P;Fresca;04-05-2026 00:18:47;03-05-2026;0;;TORRE500;;PULPABLE;PTA NVA ALDEA;VE2026;SI;FASA Zona Constituci;FASA Zona Constituci;FASA Zona Constituci;FSC 100%-SA-FM/COC-004173;100% CERTIFICADO CERTFOR-CL21/819943415
826024;03-05-2026;11734;COIHUECO Y OTROS (BB);TEA02;COSECHA;COSECHA;11:00;23:00;10:30;1:00;23;300;796625600;FORESTAL MILLALEMU Y CIA.LTDA.;2077558;1;796625600;MILLALEMU Y CIA.LTDA. FORESTAL MILLALEMU;;P0265LRCCAL1;CC;PIRA;97;N051;2,6;2,65;32,98;0;32;42-Descanso/Pausa programada-0.5;30;P;Quemada;04-05-2026 00:41:10;03-05-2026;0;;FORWINCH;;PODADO;CN LOG NVA ALDEA;VE2026;SI;FASA Zona Chillán;FASA Zona Chillán;FASA Zona Chillán;FSC 100%-SA-FM/COC-004173;100% CERTIFICADO CERTFOR-CL21/819943415
826024;03-05-2026;11734;COIHUECO Y OTROS (BB);TEA02;COSECHA;COSECHA;11:00;23:00;10:30;1:00;23;300;796625600;FORESTAL MILLALEMU Y CIA.LTDA.;2077558;1;796625600;MILLALEMU Y CIA.LTDA. FORESTAL MILLALEMU;;P0265MRCCAL1;CC;PIRA;45;N051;2,6;2,65;15,705;0;15;42-Descanso/Pausa programada-0.5;30;P;Quemada;04-05-2026 00:41:10;03-05-2026;0;;FORWINCH;;ASERRABLE;CN LOG NVA ALDEA;VE2026;SI;FASA Zona Chillán;FASA Zona Chillán;FASA Zona Chillán;FSC 100%-SA-FM/COC-004173;100% CERTIFICADO CERTFOR-CL21/819943415
826024;03-05-2026;11734;COIHUECO Y OTROS (BB);TEA02;COSECHA;COSECHA;11:00;23:00;10:30;1:00;23;300;796625600;FORESTAL MILLALEMU Y CIA.LTDA.;2077558;1;796625600;MILLALEMU Y CIA.LTDA. FORESTAL MILLALEMU;;P0350URCPLLF;CC;PIRA;;N011;3,5;3,5;34,339536;0;9;42-Descanso/Pausa programada-0.5;30;P;Fresca;04-05-2026 00:41:10;03-05-2026;0;;FORWINCH;;PULPABLE;PTA NVA ALDEA;VE2026;SI;FASA Zona Chillán;FASA Zona Chillán;FASA Zona Chillán;FSC 100%-SA-FM/COC-004173;100% CERTIFICADO CERTFOR-CL21/819943415
826024;03-05-2026;11734;COIHUECO Y OTROS (BB);TEA02;COSECHA;COSECHA;11:00;23:00;10:30;1:00;23;300;796625600;FORESTAL MILLALEMU Y CIA.LTDA.;2077558;1;796625600;MILLALEMU Y CIA.LTDA. FORESTAL MILLALEMU;;P0375MRCCAL1;CC;PIRA;109;N051;3,65;3,75;24,743;0;24;42-Descanso/Pausa programada-0.5;30;P;Quemada;04-05-2026 00:41:10;03-05-2026;0;;FORWINCH;;ASERRABLE;CN LOG NVA ALDEA;VE2026;SI;FASA Zona Chillán;FASA Zona Chillán;FASA Zona Chillán;FSC 100%-SA-FM/COC-004173;100% CERTIFICADO CERTFOR-CL21/819943415
826024;03-05-2026;11734;COIHUECO Y OTROS (BB);TEA02;COSECHA;COSECHA;11:00;23:00;10:30;1:00;23;300;796625600;FORESTAL MILLALEMU Y CIA.LTDA.;2077558;1;796625600;MILLALEMU Y CIA.LTDA. FORESTAL MILLALEMU;;P0375RRCCAL1;CC;PIRA;18;N051;3,65;3,75;4,086;0;4;42-Descanso/Pausa programada-0.5;30;P;Fresca;04-05-2026 00:41:10;03-05-2026;0;;FORWINCH;;ASERRABLE;CN LOG NVA ALDEA;VE2026;SI;FASA Zona Chillán;FASA Zona Chillán;FASA Zona Chillán;FSC 100%-SA-FM/COC-004173;100% CERTIFICADO CERTFOR-CL21/819943415
826024;03-05-2026;11734;COIHUECO Y OTROS (BB);TEA02;COSECHA;COSECHA;11:00;23:00;10:30;1:00;23;300;796625600;FORESTAL MILLALEMU Y CIA.LTDA.;2077558;1;796625600;MILLALEMU Y CIA.LTDA. FORESTAL MILLALEMU;;P0400NRCPLLF;CC;PIRA;;N048;4;4;50,590341;0;20;42-Descanso/Pausa programada-0.5;30;P;Quemada;04-05-2026 00:41:10;03-05-2026;0;;FORWINCH;;PULPABLE;CN RANQUIL;VE2026;SI;FASA Zona Chillán;FASA Zona Chillán;FASA Zona Chillán;FSC 100%-SA-FM/COC-004173;100% CERTIFICADO CERTFOR-CL21/819943415
826028;03-05-2026;11734;COIHUECO Y OTROS (BB);S246;COSECHA;COSECHA;11:00;23:00;1:00;1:00;2;200;796625600;FORESTAL MILLALEMU Y CIA.LTDA.;2076896;1;796625600;MILLALEMU Y CIA.LTDA. FORESTAL MILLALEMU;;P0244NRCPLLF;CC;PIRA;0;N048;2,44;2,44;0;0;8;4-Reparacion/Falla equipo de Trozado-10;600;P;Quemada;04-05-2026 00:50:51;03-05-2026;0;;SKIDDER;;PULPABLE;CN RANQUIL;VE2026;SI;FASA Zona Chillán;FASA Zona Chillán;FASA Zona Chillán;FSC 100%-SA-FM/COC-004173;100% CERTIFICADO CERTFOR-CL21/819943415
826028;03-05-2026;11734;COIHUECO Y OTROS (BB);S246;COSECHA;COSECHA;11:00;23:00;1:00;1:00;2;200;796625600;FORESTAL MILLALEMU Y CIA.LTDA.;2076896;1;796625600;MILLALEMU Y CIA.LTDA. FORESTAL MILLALEMU;;P0265LRCCAL1;CC;PIRA;0;N051;2,6;2,65;0;0;68;4-Reparacion/Falla equipo de Trozado-10;600;P;Quemada;04-05-2026 00:50:51;03-05-2026;0;;SKIDDER;;PODADO;CN LOG NVA ALDEA;VE2026;SI;FASA Zona Chillán;FASA Zona Chillán;FASA Zona Chillán;FSC 100%-SA-FM/COC-004173;100% CERTIFICADO CERTFOR-CL21/819943415
826028;03-05-2026;11734;COIHUECO Y OTROS (BB);S246;COSECHA;COSECHA;11:00;23:00;1:00;1:00;2;200;796625600;FORESTAL MILLALEMU Y CIA.LTDA.;2076896;1;796625600;MILLALEMU Y CIA.LTDA. FORESTAL MILLALEMU;;P0265MRCCAL1;CC;PIRA;0;N051;2,6;2,65;0;0;52;4-Reparacion/Falla equipo de Trozado-10;600;P;Quemada;04-05-2026 00:50:51;03-05-2026;0;;SKIDDER;;ASERRABLE;CN LOG NVA ALDEA;VE2026;SI;FASA Zona Chillán;FASA Zona Chillán;FASA Zona Chillán;FSC 100%-SA-FM/COC-004173;100% CERTIFICADO CERTFOR-CL21/819943415
826028;03-05-2026;11734;COIHUECO Y OTROS (BB);S246;COSECHA;COSECHA;11:00;23:00;1:00;1:00;2;200;796625600;FORESTAL MILLALEMU Y CIA.LTDA.;2076896;1;796625600;MILLALEMU Y CIA.LTDA. FORESTAL MILLALEMU;;P0265PRCCAL1;CC;PIRA;0;N051;2,6;2,65;0;0;33;4-Reparacion/Falla equipo de Trozado-10;600;P;Fresca;04-05-2026 00:50:51;03-05-2026;0;;SKIDDER;;PODADO;CN LOG NVA ALDEA;VE2026;SI;FASA Zona Chillán;FASA Zona Chillán;FASA Zona Chillán;FSC 100%-SA-FM/COC-004173;100% CERTIFICADO CERTFOR-CL21/819943415
826028;03-05-2026;11734;COIHUECO Y OTROS (BB);S246;COSECHA;COSECHA;11:00;23:00;1:00;1:00;2;200;796625600;FORESTAL MILLALEMU Y CIA.LTDA.;2076896;1;796625600;MILLALEMU Y CIA.LTDA. FORESTAL MILLALEMU;;P0265RRCCAL1;CC;PIRA;0;N051;2,6;2,65;0;0;90;4-Reparacion/Falla equipo de Trozado-10;600;P;Fresca;04-05-2026 00:50:51;03-05-2026;0;;SKIDDER;;ASERRABLE;CN LOG NVA ALDEA;VE2026;SI;FASA Zona Chillán;FASA Zona Chillán;FASA Zona Chillán;FSC 100%-SA-FM/COC-004173;100% CERTIFICADO CERTFOR-CL21/819943415
826028;03-05-2026;11734;COIHUECO Y OTROS (BB);S246;COSECHA;COSECHA;11:00;23:00;1:00;1:00;2;200;796625600;FORESTAL MILLALEMU Y CIA.LTDA.;2076896;1;796625600;MILLALEMU Y CIA.LTDA. FORESTAL MILLALEMU;;P0350URCPLLF;CC;PIRA;;N011;3,5;3,5;10,30218;0;85;4-Reparacion/Falla equipo de Trozado-10;600;P;Fresca;04-05-2026 00:50:51;03-05-2026;0;;SKIDDER;;PULPABLE;PTA NVA ALDEA;VE2026;SI;FASA Zona Chillán;FASA Zona Chillán;FASA Zona Chillán;FSC 100%-SA-FM/COC-004173;100% CERTIFICADO CERTFOR-CL21/819943415
826028;03-05-2026;11734;COIHUECO Y OTROS (BB);S246;COSECHA;COSECHA;11:00;23:00;1:00;1:00;2;200;796625600;FORESTAL MILLALEMU Y CIA.LTDA.;2076896;1;796625600;MILLALEMU Y CIA.LTDA. FORESTAL MILLALEMU;;P0375MRCCAL1;CC;PIRA;0;N051;3,65;3,75;0;0;115;4-Reparacion/Falla equipo de Trozado-10;600;P;Quemada;04-05-2026 00:50:51;03-05-2026;0;;SKIDDER;;ASERRABLE;CN LOG NVA ALDEA;VE2026;SI;FASA Zona Chillán;FASA Zona Chillán;FASA Zona Chillán;FSC 100%-SA-FM/COC-004173;100% CERTIFICADO CERTFOR-CL21/819943415
826028;03-05-2026;11734;COIHUECO Y OTROS (BB);S246;COSECHA;COSECHA;11:00;23:00;1:00;1:00;2;200;796625600;FORESTAL MILLALEMU Y CIA.LTDA.;2076896;1;796625600;MILLALEMU Y CIA.LTDA. FORESTAL MILLALEMU;;P0375RRCCAL1;CC;PIRA;0;N051;3,65;3,75;0;0;380;4-Reparacion/Falla equipo de Trozado-10;600;P;Fresca;04-05-2026 00:50:51;03-05-2026;0;;SKIDDER;;ASERRABLE;CN LOG NVA ALDEA;VE2026;SI;FASA Zona Chillán;FASA Zona Chillán;FASA Zona Chillán;FSC 100%-SA-FM/COC-004173;100% CERTIFICADO CERTFOR-CL21/819943415
826028;03-05-2026;11734;COIHUECO Y OTROS (BB);S246;COSECHA;COSECHA;11:00;23:00;1:00;1:00;2;200;796625600;FORESTAL MILLALEMU Y CIA.LTDA.;2076896;1;796625600;MILLALEMU Y CIA.LTDA. FORESTAL MILLALEMU;;P0400NRCPLLF;CC;PIRA;0;N048;4;4;0;0;20;4-Reparacion/Falla equipo de Trozado-10;600;P;Quemada;04-05-2026 00:50:51;03-05-2026;0;;SKIDDER;;PULPABLE;CN RANQUIL;VE2026;SI;FASA Zona Chillán;FASA Zona Chillán;FASA Zona Chillán;FSC 100%-SA-FM/COC-004173;100% CERTIFICADO CERTFOR-CL21/819943415
826028;03-05-2026;11734;COIHUECO Y OTROS (BB);S246;COSECHA;COSECHA;11:00;23:00;1:00;1:00;2;200;796625600;FORESTAL MILLALEMU Y CIA.LTDA.;2076896;1;796625600;MILLALEMU Y CIA.LTDA. FORESTAL MILLALEMU;;P0400NRCPLLF;CC;PIRA;0;N048;4;4;0;0;22;4-Reparacion/Falla equipo de Trozado-10;600;P;Quemada;04-05-2026 00:50:51;;0;;SKIDDER;;PULPABLE;CN RANQUIL;VE2026;SI;FASA Zona Chillán;FASA Zona Chillán;FASA Zona Chillán;FSC 100%-SA-FM/COC-004173;100% CERTIFICADO CERTFOR-CL21/819943415
826046;03-05-2026;11748;LAS ULLOAS (BB);S223;COSECHA;COSECHA;11:00;23:00;7:00;1:00;24;118;796625600;FORESTAL MILLALEMU Y CIA.LTDA.;2076574;1;796625600;MILLALEMU Y CIA.LTDA. FORESTAL MILLALEMU;;P0265LRCCAL1;CC;PIRA;40;N051;2,6;2,65;12,36;0;20;4-Reparacion/Falla equipo de Trozado-4;240;P;Quemada;04-05-2026 01:18:23;03-05-2026;0;;SKIDDER;;PODADO;CN LOG NVA ALDEA;VE2026;SI;FASA Zona Chillán;FASA Zona Chillán;FASA Zona Chillán;FSC 100%-SA-FM/COC-004173;100% CERTIFICADO CERTFOR-CL21/819943415
826046;03-05-2026;11748;LAS ULLOAS (BB);S223;COSECHA;COSECHA;11:00;23:00;7:00;1:00;24;118;796625600;FORESTAL MILLALEMU Y CIA.LTDA.;2076574;1;796625600;MILLALEMU Y CIA.LTDA. FORESTAL MILLALEMU;;P0265MRCCAL1;CC;PIRA;34;N051;2,6;2,65;10,88;0;15;4-Reparacion/Falla equipo de Trozado-4;240;P;Quemada;04-05-2026 01:18:23;03-05-2026;0;;SKIDDER;;ASERRABLE;CN LOG NVA ALDEA;VE2026;SI;FASA Zona Chillán;FASA Zona Chillán;FASA Zona Chillán;FSC 100%-SA-FM/COC-004173;100% CERTIFICADO CERTFOR-CL21/819943415
826046;03-05-2026;11748;LAS ULLOAS (BB);S223;COSECHA;COSECHA;11:00;23:00;7:00;1:00;24;118;796625600;FORESTAL MILLALEMU Y CIA.LTDA.;2076574;1;796625600;MILLALEMU Y CIA.LTDA. FORESTAL MILLALEMU;;P0300NRCPLVA;CC;PIRA;;N048;3;3;62,311;0;300;4-Reparacion/Falla equipo de Trozado-4;240;P;Quemada;04-05-2026 01:18:23;03-05-2026;0;;SKIDDER;;PULPABLE;CN RANQUIL;VE2026;SI;FASA Zona Chillán;FASA Zona Chillán;FASA Zona Chillán;FSC 100%-SA-FM/COC-004173;100% CERTIFICADO CERTFOR-CL21/819943415
826046;03-05-2026;11748;LAS ULLOAS (BB);S223;COSECHA;COSECHA;11:00;23:00;7:00;1:00;24;118;796625600;FORESTAL MILLALEMU Y CIA.LTDA.;2076574;1;796625600;MILLALEMU Y CIA.LTDA. FORESTAL MILLALEMU;;P0375MRCCAL1;CC;PIRA;280;N051;3,65;3,75;60,76;0;100;4-Reparacion/Falla equipo de Trozado-4;240;P;Quemada;04-05-2026 01:18:23;03-05-2026;0;;SKIDDER;;ASERRABLE;CN LOG NVA ALDEA;VE2026;SI;FASA Zona Chillán;FASA Zona Chillán;FASA Zona Chillán;FSC 100%-SA-FM/COC-004173;100% CERTIFICADO CERTFOR-CL21/819943415
826057;03-05-2026;11734;COIHUECO Y OTROS (BB);TEA08;COSECHA;COSECHA;11:00;23:00;0:00;1:00;0;0;796625600;FORESTAL MILLALEMU Y CIA.LTDA.;2076233;1;796625600;MILLALEMU Y CIA.LTDA. FORESTAL MILLALEMU;;P0244NRCPLLF;CC;PIRA;0;N048;2,39;2,44;0;0;50;4-Reparacion/Falla equipo de Trozado-11;660;P;Quemada;04-05-2026 01:20:18;03-05-2026;0;;FORWINCH;;PULPABLE;CN RANQUIL;VE2026;SI;FASA Zona Chillán;FASA Zona Chillán;FASA Zona Chillán;FSC 100%-SA-FM/COC-004173;100% CERTIFICADO CERTFOR-CL21/819943415
826057;03-05-2026;11734;COIHUECO Y OTROS (BB);TEA08;COSECHA;COSECHA;11:00;23:00;0:00;1:00;0;0;796625600;FORESTAL MILLALEMU Y CIA.LTDA.;2076233;1;796625600;MILLALEMU Y CIA.LTDA. FORESTAL MILLALEMU;;P0265LRCCAL1;CC;PIRA;0;N051;2,6;2,65;0;0;50;4-Reparacion/Falla equipo de Trozado-11;660;P;Quemada;04-05-2026 01:20:18;03-05-2026;0;;FORWINCH;;PODADO;CN LOG NVA ALDEA;VE2026;SI;FASA Zona Chillán;FASA Zona Chillán;FASA Zona Chillán;FSC 100%-SA-FM/COC-004173;100% CERTIFICADO CERTFOR-CL21/819943415
826057;03-05-2026;11734;COIHUECO Y OTROS (BB);TEA08;COSECHA;COSECHA;11:00;23:00;0:00;1:00;0;0;796625600;FORESTAL MILLALEMU Y CIA.LTDA.;2076233;1;796625600;MILLALEMU Y CIA.LTDA. FORESTAL MILLALEMU;;P0265MRCCAL1;CC;PIRA;0;N051;2,6;2,65;0;0;50;4-Reparacion/Falla equipo de Trozado-11;660;P;Quemada;04-05-2026 01:20:18;03-05-2026;0;;FORWINCH;;ASERRABLE;CN LOG NVA ALDEA;VE2026;SI;FASA Zona Chillán;FASA Zona Chillán;FASA Zona Chillán;FSC 100%-SA-FM/COC-004173;100% CERTIFICADO CERTFOR-CL21/819943415
826057;03-05-2026;11734;COIHUECO Y OTROS (BB);TEA08;COSECHA;COSECHA;11:00;23:00;0:00;1:00;0;0;796625600;FORESTAL MILLALEMU Y CIA.LTDA.;2076233;1;796625600;MILLALEMU Y CIA.LTDA. FORESTAL MILLALEMU;;P0350URCPLLF;CC;PIRA;0;N011;3,4;3,5;0;0;30;4-Reparacion/Falla equipo de Trozado-11;660;P;Fresca;04-05-2026 01:20:18;03-05-2026;0;;FORWINCH;;PULPABLE;PTA NVA ALDEA;VE2026;SI;FASA Zona Chillán;FASA Zona Chillán;FASA Zona Chillán;FSC 100%-SA-FM/COC-004173;100% CERTIFICADO CERTFOR-CL21/819943415
826057;03-05-2026;11734;COIHUECO Y OTROS (BB);TEA08;COSECHA;COSECHA;11:00;23:00;0:00;1:00;0;0;796625600;FORESTAL MILLALEMU Y CIA.LTDA.;2076233;1;796625600;MILLALEMU Y CIA.LTDA. FORESTAL MILLALEMU;;P0375MRCCAL1;CC;PIRA;0;N051;3,65;3,75;0;0;120;4-Reparacion/Falla equipo de Trozado-11;660;P;Quemada;04-05-2026 01:20:18;03-05-2026;0;;FORWINCH;;ASERRABLE;CN LOG NVA ALDEA;VE2026;SI;FASA Zona Chillán;FASA Zona Chillán;FASA Zona Chillán;FSC 100%-SA-FM/COC-004173;100% CERTIFICADO CERTFOR-CL21/819943415
826057;03-05-2026;11734;COIHUECO Y OTROS (BB);TEA08;COSECHA;COSECHA;11:00;23:00;0:00;1:00;0;0;796625600;FORESTAL MILLALEMU Y CIA.LTDA.;2076233;1;796625600;MILLALEMU Y CIA.LTDA. FORESTAL MILLALEMU;;P0375RRCCAL1;CC;PIRA;0;N051;3,65;3,75;0;0;120;4-Reparacion/Falla equipo de Trozado-11;660;P;Fresca;04-05-2026 01:20:18;03-05-2026;0;;FORWINCH;;ASERRABLE;CN LOG NVA ALDEA;VE2026;SI;FASA Zona Chillán;FASA Zona Chillán;FASA Zona Chillán;FSC 100%-SA-FM/COC-004173;100% CERTIFICADO CERTFOR-CL21/819943415
826060;03-05-2026;11734;COIHUECO Y OTROS (BB);S58;COSECHA;COSECHA;13:00;22:00;6:00;1:00;26;132;796625600;FORESTAL MILLALEMU Y CIA.LTDA.;2077008;1;796625600;MILLALEMU Y CIA.LTDA. FORESTAL MILLALEMU;;P0244NRCPLLF;CC;PIRA;;N048;2,44;2,44;9,576;0;56;20-Falta/abstecimiento de combustible equipo de volte-2;120;P;Quemada;04-05-2026 01:28:50;03-05-2026;0;;SKIDDER;;PULPABLE;CN RANQUIL;VE2026;SI;FASA Zona Chillán;FASA Zona Chillán;FASA Zona Chillán;FSC 100%-SA-FM/COC-004173;100% CERTIFICADO CERTFOR-CL21/819943415
826060;03-05-2026;11734;COIHUECO Y OTROS (BB);S58;COSECHA;COSECHA;13:00;22:00;6:00;1:00;26;132;796625600;FORESTAL MILLALEMU Y CIA.LTDA.;2077008;1;796625600;MILLALEMU Y CIA.LTDA. FORESTAL MILLALEMU;;P0265LRCCAL1;CC;PIRA;17;N051;2,6;2,65;6,613;0;132;20-Falta/abstecimiento de combustible equipo de volte-2;120;P;Quemada;04-05-2026 01:28:50;03-05-2026;0;;SKIDDER;;PODADO;CN LOG NVA ALDEA;VE2026;SI;FASA Zona Chillán;FASA Zona Chillán;FASA Zona Chillán;FSC 100%-SA-FM/COC-004173;100% CERTIFICADO CERTFOR-CL21/819943415
826060;03-05-2026;11734;COIHUECO Y OTROS (BB);S58;COSECHA;COSECHA;13:00;22:00;6:00;1:00;26;132;796625600;FORESTAL MILLALEMU Y CIA.LTDA.;2077008;1;796625600;MILLALEMU Y CIA.LTDA. FORESTAL MILLALEMU;;P0265MRCCAL1;CC;PIRA;83;N051;2,6;2,65;26,975;0;278;20-Falta/abstecimiento de combustible equipo de volte-2;120;P;Quemada;04-05-2026 01:28:50;03-05-2026;0;;SKIDDER;;ASERRABLE;CN LOG NVA ALDEA;VE2026;SI;FASA Zona Chillán;FASA Zona Chillán;FASA Zona Chillán;FSC 100%-SA-FM/COC-004173;100% CERTIFICADO CERTFOR-CL21/819943415
826060;03-05-2026;11734;COIHUECO Y OTROS (BB);S58;COSECHA;COSECHA;13:00;22:00;6:00;1:00;26;132;796625600;FORESTAL MILLALEMU Y CIA.LTDA.;2077008;1;796625600;MILLALEMU Y CIA.LTDA. FORESTAL MILLALEMU;;P0350URCPLLF;CC;PIRA;;N011;3,5;3,5;4,807152;0;63;20-Falta/abstecimiento de combustible equipo de volte-2;120;P;Fresca;04-05-2026 01:28:50;03-05-2026;0;;SKIDDER;;PULPABLE;PTA NVA ALDEA;VE2026;SI;FASA Zona Chillán;FASA Zona Chillán;FASA Zona Chillán;FSC 100%-SA-FM/COC-004173;100% CERTIFICADO CERTFOR-CL21/819943415
826060;03-05-2026;11734;COIHUECO Y OTROS (BB);S58;COSECHA;COSECHA;13:00;22:00;6:00;1:00;26;132;796625600;FORESTAL MILLALEMU Y CIA.LTDA.;2077008;1;796625600;MILLALEMU Y CIA.LTDA. FORESTAL MILLALEMU;;P0375MRCCAL1;CC;PIRA;29;N051;3,65;3,75;7,018;0;294;20-Falta/abstecimiento de combustible equipo de volte-2;120;P;Quemada;04-05-2026 01:28:50;03-05-2026;0;;SKIDDER;;ASERRABLE;CN LOG NVA ALDEA;VE2026;SI;FASA Zona Chillán;FASA Zona Chillán;FASA Zona Chillán;FSC 100%-SA-FM/COC-004173;100% CERTIFICADO CERTFOR-CL21/819943415
826060;03-05-2026;11734;COIHUECO Y OTROS (BB);S58;COSECHA;COSECHA;13:00;22:00;6:00;1:00;26;132;796625600;FORESTAL MILLALEMU Y CIA.LTDA.;2077008;1;796625600;MILLALEMU Y CIA.LTDA. FORESTAL MILLALEMU;;P0375RRCCAL1;CC;PIRA;8;N051;3,65;3,75;1,864;0;213;20-Falta/abstecimiento de combustible equipo de volte-2;120;P;Fresca;04-05-2026 01:28:50;03-05-2026;0;;SKIDDER;;ASERRABLE;CN LOG NVA ALDEA;VE2026;SI;FASA Zona Chillán;FASA Zona Chillán;FASA Zona Chillán;FSC 100%-SA-FM/COC-004173;100% CERTIFICADO CERTFOR-CL21/819943415
826060;03-05-2026;11734;COIHUECO Y OTROS (BB);S58;COSECHA;COSECHA;13:00;22:00;6:00;1:00;26;132;796625600;FORESTAL MILLALEMU Y CIA.LTDA.;2077008;1;796625600;MILLALEMU Y CIA.LTDA. FORESTAL MILLALEMU;;P0400NRCPLLF;CC;PIRA;;N048;4;4;16,69526;0;354;20-Falta/abstecimiento de combustible equipo de volte-2;120;P;Quemada;04-05-2026 01:28:50;03-05-2026;0;;SKIDDER;;PULPABLE;CN RANQUIL;VE2026;SI;FASA Zona Chillán;FASA Zona Chillán;FASA Zona Chillán;FSC 100%-SA-FM/COC-004173;100% CERTIFICADO CERTFOR-CL21/819943415
826060;03-05-2026;11734;COIHUECO Y OTROS (BB);S58;COSECHA;COSECHA;13:00;22:00;6:00;1:00;26;132;796625600;FORESTAL MILLALEMU Y CIA.LTDA.;2077008;1;796625600;MILLALEMU Y CIA.LTDA. FORESTAL MILLALEMU;;P0400NRCPLLF;CC;PIRA;0;N048;4;4;13,154075;0;275;20-Falta/abstecimiento de combustible equipo de volte-2;120;P;Quemada;04-05-2026 01:28:50;;0;;SKIDDER;;PULPABLE;CN RANQUIL;VE2026;SI;FASA Zona Chillán;FASA Zona Chillán;FASA Zona Chillán;FSC 100%-SA-FM/COC-004173;100% CERTIFICADO CERTFOR-CL21/819943415
826062;03-05-2026;11734;COIHUECO Y OTROS (BB);S58;COSECHA;COSECHA;11:00;13:00;2:00;0:00;13;68;796625600;FORESTAL MILLALEMU Y CIA.LTDA.;2077008;1;796625600;MILLALEMU Y CIA.LTDA. FORESTAL MILLALEMU;;P0375MRCCAL1;CC;PIRA;131;N051;3,65;3,75;31,702;0;86;;0;P;Manchada;04-05-2026 01:34:06;03-05-2026;0;;SKIDDER;;ASERRABLE;CN LOG NVA ALDEA;VE2026;SI;FASA Zona Chillán;FASA Zona Chillán;FASA Zona Chillán;FSC 100%-SA-FM/COC-004173;100% CERTIFICADO CERTFOR-CL21/819943415
826062;03-05-2026;11734;COIHUECO Y OTROS (BB);S58;COSECHA;COSECHA;11:00;13:00;2:00;0:00;13;68;796625600;FORESTAL MILLALEMU Y CIA.LTDA.;2077008;1;796625600;MILLALEMU Y CIA.LTDA. FORESTAL MILLALEMU;;P0400NRCPLLF;CC;PIRA;;N048;4;4;12,394919;0;287;;0;P;Quemada 2;04-05-2026 01:34:06;03-05-2026;0;;SKIDDER;;PULPABLE;CN RANQUIL;VE2026;SI;FASA Zona Chillán;FASA Zona Chillán;FASA Zona Chillán;FSC 100%-SA-FM/COC-004173;100% CERTIFICADO CERTFOR-CL21/819943415
826080;03-05-2026;12191;CE-27 ESPINALILLO YBAR;MG5;COSECHA;COSECHA;11:00;23:00;11:00;1:00;26;850;796625600;FORESTAL MILLALEMU Y CIA.LTDA.;2078008;1;796625600;MILLALEMU Y CIA.LTDA. FORESTAL MILLALEMU;;P0244URC18-38;CC;PIRA;;T010;2,44;2,44;9,3366;0;30;;0;P;Fresca;04-05-2026 02:13:30;03-05-2026;0;;GRAPPLE;;PULPABLE;CP CONSTITUCION;VE2026;SI;FASA Zona Constituci;FASA Zona Constituci;FASA Zona Constituci;FSC 100%-SA-FM/COC-004173;100% CERTIFICADO CERTFOR-CL21/819943415
826080;03-05-2026;12191;CE-27 ESPINALILLO YBAR;MG5;COSECHA;COSECHA;11:00;23:00;11:00;1:00;26;850;796625600;FORESTAL MILLALEMU Y CIA.LTDA.;2078008;1;796625600;MILLALEMU Y CIA.LTDA. FORESTAL MILLALEMU;;P0244URC8-16;CC;PIRA;;T010;2,44;2,44;55,40514;0;350;;0;P;Fresca;04-05-2026 02:13:30;03-05-2026;0;;GRAPPLE;;PULPABLE;CP CONSTITUCION;VE2026;SI;FASA Zona Constituci;FASA Zona Constituci;FASA Zona Constituci;FSC 100%-SA-FM/COC-004173;100% CERTIFICADO CERTFOR-CL21/819943415
826080;03-05-2026;12191;CE-27 ESPINALILLO YBAR;MG5;COSECHA;COSECHA;11:00;23:00;11:00;1:00;26;850;796625600;FORESTAL MILLALEMU Y CIA.LTDA.;2078008;1;796625600;MILLALEMU Y CIA.LTDA. FORESTAL MILLALEMU;;P0410RRCCAL1;CC;PIRA;267;T014;4;4,1;50,73;0;350;;0;P;Fresca;04-05-2026 02:13:30;03-05-2026;0;;GRAPPLE;;ASERRABLE;CN VINALES;VE2026;SI;FASA Zona Constituci;FASA Zona Constituci;FASA Zona Constituci;FSC 100%-SA-FM/COC-004173;100% CERTIFICADO CERTFOR-CL21/819943415
826169;04-05-2026;11748;LAS ULLOAS (BB);S223;COSECHA;COSECHA;11:00;23:00;9:00;1:00;15;60;796625600;FORESTAL MILLALEMU Y CIA.LTDA.;2076574;1;796625600;MILLALEMU Y CIA.LTDA. FORESTAL MILLALEMU;;E0550NGCPLLF;CC;EUGL;0;N048;5,5;5,5;68,796;0;69;32-Carguio de camiones-2;120;P;Quemada;04-05-2026 22:22:27;;0;;SKIDDER;;PULPABLE;CN RANQUIL;VE2026;SI;FASA Zona Chillán;FASA Zona Chillán;FASA Zona Chillán;FSC 100%-SA-FM/COC-004173;100% CERTIFICADO CERTFOR-CL21/819943415
826169;04-05-2026;11748;LAS ULLOAS (BB);S223;COSECHA;COSECHA;11:00;23:00;9:00;1:00;15;60;796625600;FORESTAL MILLALEMU Y CIA.LTDA.;2076574;1;796625600;MILLALEMU Y CIA.LTDA. FORESTAL MILLALEMU;;P0265LRCCAL1;CC;PIRA;21;N051;2,6;2,65;6,279;0;50;32-Carguio de camiones-2;120;P;Quemada;04-05-2026 22:22:27;04-05-2026;0;;SKIDDER;;PODADO;CN LOG NVA ALDEA;VE2026;SI;FASA Zona Chillán;FASA Zona Chillán;FASA Zona Chillán;FSC 100%-SA-FM/COC-004173;100% CERTIFICADO CERTFOR-CL21/819943415
826169;04-05-2026;11748;LAS ULLOAS (BB);S223;COSECHA;COSECHA;11:00;23:00;9:00;1:00;15;60;796625600;FORESTAL MILLALEMU Y CIA.LTDA.;2076574;1;796625600;MILLALEMU Y CIA.LTDA. FORESTAL MILLALEMU;;P0265MRCCAL1;CC;PIRA;40;N051;2,6;2,65;12,8;0;40;32-Carguio de camiones-2;120;P;Quemada;04-05-2026 22:22:27;04-05-2026;0;;SKIDDER;;ASERRABLE;CN LOG NVA ALDEA;VE2026;SI;FASA Zona Chillán;FASA Zona Chillán;FASA Zona Chillán;FSC 100%-SA-FM/COC-004173;100% CERTIFICADO CERTFOR-CL21/819943415
826169;04-05-2026;11748;LAS ULLOAS (BB);S223;COSECHA;COSECHA;11:00;23:00;9:00;1:00;15;60;796625600;FORESTAL MILLALEMU Y CIA.LTDA.;2076574;1;796625600;MILLALEMU Y CIA.LTDA. FORESTAL MILLALEMU;;P0300NRCPLVA;CC;PIRA;;N048;3;3;23,367281;0;300;32-Carguio de camiones-2;120;P;Quemada;04-05-2026 22:22:27;04-05-2026;0;;SKIDDER;;PULPABLE;CN RANQUIL;VE2026;SI;FASA Zona Chillán;FASA Zona Chillán;FASA Zona Chillán;FSC 100%-SA-FM/COC-004173;100% CERTIFICADO CERTFOR-CL21/819943415
826169;04-05-2026;11748;LAS ULLOAS (BB);S223;COSECHA;COSECHA;11:00;23:00;9:00;1:00;15;60;796625600;FORESTAL MILLALEMU Y CIA.LTDA.;2076574;1;796625600;MILLALEMU Y CIA.LTDA. FORESTAL MILLALEMU;;P0375MRCCAL1;CC;PIRA;135;N051;3,65;3,75;29,295;0;75;32-Carguio de camiones-2;120;P;Quemada;04-05-2026 22:22:27;04-05-2026;0;;SKIDDER;;ASERRABLE;CN LOG NVA ALDEA;VE2026;SI;FASA Zona Chillán;FASA Zona Chillán;FASA Zona Chillán;FSC 100%-SA-FM/COC-004173;100% CERTIFICADO CERTFOR-CL21/819943415
826187;04-05-2026;11983;EL CABRITO CBB;S123;COSECHA;COSECHA;20:00;23:00;2:00;0:30;13;150;796625600;FORESTAL MILLALEMU Y CIA.LTDA.;2074817;1;796625600;MILLALEMU Y CIA.LTDA. FORESTAL MILLALEMU;;P0375MRCCAL1;CC;PIRA;43;N051;3,65;3,75;10,793;0;467;5-Reparacion/Falla de equipo de clasificado/carguio-0.5;30;P;Manchada;05-05-2026 00:24:17;04-05-2026;0;;SKIDDER;;ASERRABLE;CN LOG NVA ALDEA;VE2026;SI;FASA Zona Chillán;FASA Zona Chillán;FASA Zona Chillán;FSC 100%-SA-FM/COC-004173;100% CERTIFICADO CERTFOR-CL21/819943415
826187;04-05-2026;11983;EL CABRITO CBB;S123;COSECHA;COSECHA;20:00;23:00;2:00;0:30;13;150;796625600;FORESTAL MILLALEMU Y CIA.LTDA.;2074817;1;796625600;MILLALEMU Y CIA.LTDA. FORESTAL MILLALEMU;;P0375RRCCAL1;CC;PIRA;135;N051;3,65;3,75;31,185;0;157;5-Reparacion/Falla de equipo de clasificado/carguio-0.5;30;P;Manchada;05-05-2026 00:24:17;04-05-2026;0;;SKIDDER;;ASERRABLE;CN LOG NVA ALDEA;VE2026;SI;FASA Zona Chillán;FASA Zona Chillán;FASA Zona Chillán;FSC 100%-SA-FM/COC-004173;100% CERTIFICADO CERTFOR-CL21/819943415
826188;04-05-2026;11983;EL CABRITO CBB;S123;COSECHA;COSECHA;11:00;20:00;6:30;0:30;37;200;796625600;FORESTAL MILLALEMU Y CIA.LTDA.;2074817;1;796625600;MILLALEMU Y CIA.LTDA. FORESTAL MILLALEMU;;P0244NRCPLLF;CC;PIRA;0;N048;2,44;2,44;0;0;5;5-Reparacion/Falla de equipo de clasificado/carguio-2;120;P;Quemada 2;05-05-2026 00:24:27;04-05-2026;0;;SKIDDER;;PULPABLE;CN RANQUIL;VE2026;SI;FASA Zona Chillán;FASA Zona Chillán;FASA Zona Chillán;FSC 100%-SA-FM/COC-004173;100% CERTIFICADO CERTFOR-CL21/819943415
826188;04-05-2026;11983;EL CABRITO CBB;S123;COSECHA;COSECHA;11:00;20:00;6:30;0:30;37;200;796625600;FORESTAL MILLALEMU Y CIA.LTDA.;2074817;1;796625600;MILLALEMU Y CIA.LTDA. FORESTAL MILLALEMU;;P0244NRCPLSD;CC;PIRA;0;N048;2,44;2,44;9,576;0;10;5-Reparacion/Falla de equipo de clasificado/carguio-2;120;P;Quemada;05-05-2026 00:24:27;;0;;SKIDDER;;PULPABLE;CN RANQUIL;VE2026;SI;FASA Zona Chillán;FASA Zona Chillán;FASA Zona Chillán;FSC 100%-SA-FM/COC-004173;100% CERTIFICADO CERTFOR-CL21/819943415
826188;04-05-2026;11983;EL CABRITO CBB;S123;COSECHA;COSECHA;11:00;20:00;6:30;0:30;37;200;796625600;FORESTAL MILLALEMU Y CIA.LTDA.;2074817;1;796625600;MILLALEMU Y CIA.LTDA. FORESTAL MILLALEMU;;P0265LRCCAL1;CC;PIRA;34;N051;2,6;2,65;11,662;0;167;5-Reparacion/Falla de equipo de clasificado/carguio-2;120;P;Quemada;05-05-2026 00:24:27;04-05-2026;0;;SKIDDER;;PODADO;CN LOG NVA ALDEA;VE2026;SI;FASA Zona Chillán;FASA Zona Chillán;FASA Zona Chillán;FSC 100%-SA-FM/COC-004173;100% CERTIFICADO CERTFOR-CL21/819943415
826188;04-05-2026;11983;EL CABRITO CBB;S123;COSECHA;COSECHA;11:00;20:00;6:30;0:30;37;200;796625600;FORESTAL MILLALEMU Y CIA.LTDA.;2074817;1;796625600;MILLALEMU Y CIA.LTDA. FORESTAL MILLALEMU;;P0265MRCCAL1;CC;PIRA;82;N051;2,6;2,65;28,618;0;395;5-Reparacion/Falla de equipo de clasificado/carguio-2;120;P;Quemada;05-05-2026 00:24:27;04-05-2026;0;;SKIDDER;;ASERRABLE;CN LOG NVA ALDEA;VE2026;SI;FASA Zona Chillán;FASA Zona Chillán;FASA Zona Chillán;FSC 100%-SA-FM/COC-004173;100% CERTIFICADO CERTFOR-CL21/819943415
826188;04-05-2026;11983;EL CABRITO CBB;S123;COSECHA;COSECHA;11:00;20:00;6:30;0:30;37;200;796625600;FORESTAL MILLALEMU Y CIA.LTDA.;2074817;1;796625600;MILLALEMU Y CIA.LTDA. FORESTAL MILLALEMU;;P0265RRCCAL1;CC;PIRA;0;N051;2,6;2,65;0;0;32;5-Reparacion/Falla de equipo de clasificado/carguio-2;120;P;Fresca;05-05-2026 00:24:27;04-05-2026;0;;SKIDDER;;ASERRABLE;CN LOG NVA ALDEA;VE2026;SI;FASA Zona Chillán;FASA Zona Chillán;FASA Zona Chillán;FSC 100%-SA-FM/COC-004173;100% CERTIFICADO CERTFOR-CL21/819943415
826188;04-05-2026;11983;EL CABRITO CBB;S123;COSECHA;COSECHA;11:00;20:00;6:30;0:30;37;200;796625600;FORESTAL MILLALEMU Y CIA.LTDA.;2074817;1;796625600;MILLALEMU Y CIA.LTDA. FORESTAL MILLALEMU;;P0350URCPLLF;CC;PIRA;0;N011;3,5;3,5;0;0;93;5-Reparacion/Falla de equipo de clasificado/carguio-2;120;P;Fresca;05-05-2026 00:24:27;04-05-2026;0;;SKIDDER;;PULPABLE;PTA NVA ALDEA;VE2026;SI;FASA Zona Chillán;FASA Zona Chillán;FASA Zona Chillán;FSC 100%-SA-FM/COC-004173;100% CERTIFICADO CERTFOR-CL21/819943415
826188;04-05-2026;11983;EL CABRITO CBB;S123;COSECHA;COSECHA;11:00;20:00;6:30;0:30;37;200;796625600;FORESTAL MILLALEMU Y CIA.LTDA.;2074817;1;796625600;MILLALEMU Y CIA.LTDA. FORESTAL MILLALEMU;;P0375MRCCAL1;CC;PIRA;107;N051;3,65;3,75;26,857;0;763;5-Reparacion/Falla de equipo de clasificado/carguio-2;120;P;Quemada;05-05-2026 00:24:27;04-05-2026;0;;SKIDDER;;ASERRABLE;CN LOG NVA ALDEA;VE2026;SI;FASA Zona Chillán;FASA Zona Chillán;FASA Zona Chillán;FSC 100%-SA-FM/COC-004173;100% CERTIFICADO CERTFOR-CL21/819943415
826188;04-05-2026;11983;EL CABRITO CBB;S123;COSECHA;COSECHA;11:00;20:00;6:30;0:30;37;200;796625600;FORESTAL MILLALEMU Y CIA.LTDA.;2074817;1;796625600;MILLALEMU Y CIA.LTDA. FORESTAL MILLALEMU;;P0375RRCCAL1;CC;PIRA;71;N051;3,65;3,75;16,401;0;200;5-Reparacion/Falla de equipo de clasificado/carguio-2;120;P;Fresca;05-05-2026 00:24:27;04-05-2026;0;;SKIDDER;;ASERRABLE;CN LOG NVA ALDEA;VE2026;SI;FASA Zona Chillán;FASA Zona Chillán;FASA Zona Chillán;FSC 100%-SA-FM/COC-004173;100% CERTIFICADO CERTFOR-CL21/819943415
826188;04-05-2026;11983;EL CABRITO CBB;S123;COSECHA;COSECHA;11:00;20:00;6:30;0:30;37;200;796625600;FORESTAL MILLALEMU Y CIA.LTDA.;2074817;1;796625600;MILLALEMU Y CIA.LTDA. FORESTAL MILLALEMU;;P0400NRCPLLF;CC;PIRA;;N048;4;4;15,176948;0;278;5-Reparacion/Falla de equipo de clasificado/carguio-2;120;P;Quemada;05-05-2026 00:24:27;04-05-2026;0;;SKIDDER;;PULPABLE;CN RANQUIL;VE2026;SI;FASA Zona Chillán;FASA Zona Chillán;FASA Zona Chillán;FSC 100%-SA-FM/COC-004173;100% CERTIFICADO CERTFOR-CL21/819943415
826188;04-05-2026;11983;EL CABRITO CBB;S123;COSECHA;COSECHA;11:00;20:00;6:30;0:30;37;200;796625600;FORESTAL MILLALEMU Y CIA.LTDA.;2074817;1;796625600;MILLALEMU Y CIA.LTDA. FORESTAL MILLALEMU;;P0400NRCPLLF;CC;PIRA;0;N048;4;4;0;0;5;5-Reparacion/Falla de equipo de clasificado/carguio-2;120;P;Quemada 2;05-05-2026 00:24:27;;0;;SKIDDER;;PULPABLE;CN RANQUIL;VE2026;SI;FASA Zona Chillán;FASA Zona Chillán;FASA Zona Chillán;FSC 100%-SA-FM/COC-004173;100% CERTIFICADO CERTFOR-CL21/819943415
826197;04-05-2026;10608;POLHUIN;T125;COSECHA;COSECHA;11:00;23:00;11:00;1:00;112;650;796625600;FORESTAL MILLALEMU Y CIA.LTDA.;2076038;1;796625600;MILLALEMU Y CIA.LTDA. FORESTAL MILLALEMU;;E0550UGCPLLF;CC;EUGL;;N011;5,5;5,5;151,38594;0;2821;;0;P;Fresca;05-05-2026 00:41:13;04-05-2026;0;;TORRE500;;PULPABLE;PTA NVA ALDEA;VE2026;SI;FASA Zona Constituci;FASA Zona Constituci;FASA Zona Constituci;FSC 100%-SA-FM/COC-004173;100% CERTIFICADO CERTFOR-CL21/819943415
826202;04-05-2026;11734;COIHUECO Y OTROS (BB);S246;COSECHA;COSECHA;11:00;23:00;1:00;1:00;3;50;796625600;FORESTAL MILLALEMU Y CIA.LTDA.;2076896;1;796625600;MILLALEMU Y CIA.LTDA. FORESTAL MILLALEMU;;P0265LRCCAL1;CC;PIRA;0;N051;2,6;2,65;0;0;68;4-Reparacion/Falla equipo de Trozado-10;600;P;Quemada;05-05-2026 00:54:00;04-05-2026;0;;SKIDDER;;PODADO;CN LOG NVA ALDEA;VE2026;SI;FASA Zona Chillán;FASA Zona Chillán;FASA Zona Chillán;FSC 100%-SA-FM/COC-004173;100% CERTIFICADO CERTFOR-CL21/819943415
826202;04-05-2026;11734;COIHUECO Y OTROS (BB);S246;COSECHA;COSECHA;11:00;23:00;1:00;1:00;3;50;796625600;FORESTAL MILLALEMU Y CIA.LTDA.;2076896;1;796625600;MILLALEMU Y CIA.LTDA. FORESTAL MILLALEMU;;P0265MRCCAL1;CC;PIRA;0;N051;2,6;2,65;0;0;52;4-Reparacion/Falla equipo de Trozado-10;600;P;Quemada;05-05-2026 00:54:00;04-05-2026;0;;SKIDDER;;ASERRABLE;CN LOG NVA ALDEA;VE2026;SI;FASA Zona Chillán;FASA Zona Chillán;FASA Zona Chillán;FSC 100%-SA-FM/COC-004173;100% CERTIFICADO CERTFOR-CL21/819943415
826202;04-05-2026;11734;COIHUECO Y OTROS (BB);S246;COSECHA;COSECHA;11:00;23:00;1:00;1:00;3;50;796625600;FORESTAL MILLALEMU Y CIA.LTDA.;2076896;1;796625600;MILLALEMU Y CIA.LTDA. FORESTAL MILLALEMU;;P0265PRCCAL1;CC;PIRA;0;N051;2,6;2,65;0;0;33;4-Reparacion/Falla equipo de Trozado-10;600;P;Fresca;05-05-2026 00:54:00;04-05-2026;0;;SKIDDER;;PODADO;CN LOG NVA ALDEA;VE2026;SI;FASA Zona Chillán;FASA Zona Chillán;FASA Zona Chillán;FSC 100%-SA-FM/COC-004173;100% CERTIFICADO CERTFOR-CL21/819943415
826202;04-05-2026;11734;COIHUECO Y OTROS (BB);S246;COSECHA;COSECHA;11:00;23:00;1:00;1:00;3;50;796625600;FORESTAL MILLALEMU Y CIA.LTDA.;2076896;1;796625600;MILLALEMU Y CIA.LTDA. FORESTAL MILLALEMU;;P0265RRCCAL1;CC;PIRA;0;N051;2,6;2,65;0;0;90;4-Reparacion/Falla equipo de Trozado-10;600;P;Fresca;05-05-2026 00:54:00;04-05-2026;0;;SKIDDER;;ASERRABLE;CN LOG NVA ALDEA;VE2026;SI;FASA Zona Chillán;FASA Zona Chillán;FASA Zona Chillán;FSC 100%-SA-FM/COC-004173;100% CERTIFICADO CERTFOR-CL21/819943415
826202;04-05-2026;11734;COIHUECO Y OTROS (BB);S246;COSECHA;COSECHA;11:00;23:00;1:00;1:00;3;50;796625600;FORESTAL MILLALEMU Y CIA.LTDA.;2076896;1;796625600;MILLALEMU Y CIA.LTDA. FORESTAL MILLALEMU;;P0350URCPLLF;CC;PIRA;;N011;3,5;3,5;8,01192;0;85;4-Reparacion/Falla equipo de Trozado-10;600;P;Fresca;05-05-2026 00:54:00;04-05-2026;0;;SKIDDER;;PULPABLE;PTA NVA ALDEA;VE2026;SI;FASA Zona Chillán;FASA Zona Chillán;FASA Zona Chillán;FSC 100%-SA-FM/COC-004173;100% CERTIFICADO CERTFOR-CL21/819943415
826202;04-05-2026;11734;COIHUECO Y OTROS (BB);S246;COSECHA;COSECHA;11:00;23:00;1:00;1:00;3;50;796625600;FORESTAL MILLALEMU Y CIA.LTDA.;2076896;1;796625600;MILLALEMU Y CIA.LTDA. FORESTAL MILLALEMU;;P0375MRCCAL1;CC;PIRA;0;N051;3,65;3,75;0;0;115;4-Reparacion/Falla equipo de Trozado-10;600;P;Quemada;05-05-2026 00:54:00;04-05-2026;0;;SKIDDER;;ASERRABLE;CN LOG NVA ALDEA;VE2026;SI;FASA Zona Chillán;FASA Zona Chillán;FASA Zona Chillán;FSC 100%-SA-FM/COC-004173;100% CERTIFICADO CERTFOR-CL21/819943415
826202;04-05-2026;11734;COIHUECO Y OTROS (BB);S246;COSECHA;COSECHA;11:00;23:00;1:00;1:00;3;50;796625600;FORESTAL MILLALEMU Y CIA.LTDA.;2076896;1;796625600;MILLALEMU Y CIA.LTDA. FORESTAL MILLALEMU;;P0375RRCCAL1;CC;PIRA;0;N051;3,65;3,75;0;0;380;4-Reparacion/Falla equipo de Trozado-10;600;P;Fresca;05-05-2026 00:54:00;04-05-2026;0;;SKIDDER;;ASERRABLE;CN LOG NVA ALDEA;VE2026;SI;FASA Zona Chillán;FASA Zona Chillán;FASA Zona Chillán;FSC 100%-SA-FM/COC-004173;100% CERTIFICADO CERTFOR-CL21/819943415
826202;04-05-2026;11734;COIHUECO Y OTROS (BB);S246;COSECHA;COSECHA;11:00;23:00;1:00;1:00;3;50;796625600;FORESTAL MILLALEMU Y CIA.LTDA.;2076896;1;796625600;MILLALEMU Y CIA.LTDA. FORESTAL MILLALEMU;;P0400NRCPLLF;CC;PIRA;0;N048;4;4;0;0;22;4-Reparacion/Falla equipo de Trozado-10;600;P;Quemada;05-05-2026 00:54:00;04-05-2026;0;;SKIDDER;;PULPABLE;CN RANQUIL;VE2026;SI;FASA Zona Chillán;FASA Zona Chillán;FASA Zona Chillán;FSC 100%-SA-FM/COC-004173;100% CERTIFICADO CERTFOR-CL21/819943415
826202;04-05-2026;11734;COIHUECO Y OTROS (BB);S246;COSECHA;COSECHA;11:00;23:00;1:00;1:00;3;50;796625600;FORESTAL MILLALEMU Y CIA.LTDA.;2076896;1;796625600;MILLALEMU Y CIA.LTDA. FORESTAL MILLALEMU;;P0400NRCPLLF;CC;PIRA;0;N048;4;4;0;0;47;4-Reparacion/Falla equipo de Trozado-10;600;P;Quemada;05-05-2026 00:54:00;;0;;SKIDDER;;PULPABLE;CN RANQUIL;VE2026;SI;FASA Zona Chillán;FASA Zona Chillán;FASA Zona Chillán;FSC 100%-SA-FM/COC-004173;100% CERTIFICADO CERTFOR-CL21/819943415
826207;04-05-2026;11734;COIHUECO Y OTROS (BB);TEA08;COSECHA;COSECHA;11:00;23:00;0:00;1:00;0;0;796625600;FORESTAL MILLALEMU Y CIA.LTDA.;2076233;1;796625600;MILLALEMU Y CIA.LTDA. FORESTAL MILLALEMU;;P0244NRCPLLF;CC;PIRA;0;N048;2,39;2,44;0;0;50;4-Reparacion/Falla equipo de Trozado-11;660;P;Quemada;05-05-2026 01:03:21;04-05-2026;0;;FORWINCH;;PULPABLE;CN RANQUIL;VE2026;SI;FASA Zona Chillán;FASA Zona Chillán;FASA Zona Chillán;FSC 100%-SA-FM/COC-004173;100% CERTIFICADO CERTFOR-CL21/819943415
826207;04-05-2026;11734;COIHUECO Y OTROS (BB);TEA08;COSECHA;COSECHA;11:00;23:00;0:00;1:00;0;0;796625600;FORESTAL MILLALEMU Y CIA.LTDA.;2076233;1;796625600;MILLALEMU Y CIA.LTDA. FORESTAL MILLALEMU;;P0265LRCCAL1;CC;PIRA;0;N051;2,6;2,65;0;0;50;4-Reparacion/Falla equipo de Trozado-11;660;P;Quemada;05-05-2026 01:03:21;04-05-2026;0;;FORWINCH;;PODADO;CN LOG NVA ALDEA;VE2026;SI;FASA Zona Chillán;FASA Zona Chillán;FASA Zona Chillán;FSC 100%-SA-FM/COC-004173;100% CERTIFICADO CERTFOR-CL21/819943415
826207;04-05-2026;11734;COIHUECO Y OTROS (BB);TEA08;COSECHA;COSECHA;11:00;23:00;0:00;1:00;0;0;796625600;FORESTAL MILLALEMU Y CIA.LTDA.;2076233;1;796625600;MILLALEMU Y CIA.LTDA. FORESTAL MILLALEMU;;P0265MRCCAL1;CC;PIRA;0;N051;2,6;2,65;0;0;50;4-Reparacion/Falla equipo de Trozado-11;660;P;Quemada;05-05-2026 01:03:21;04-05-2026;0;;FORWINCH;;ASERRABLE;CN LOG NVA ALDEA;VE2026;SI;FASA Zona Chillán;FASA Zona Chillán;FASA Zona Chillán;FSC 100%-SA-FM/COC-004173;100% CERTIFICADO CERTFOR-CL21/819943415
826207;04-05-2026;11734;COIHUECO Y OTROS (BB);TEA08;COSECHA;COSECHA;11:00;23:00;0:00;1:00;0;0;796625600;FORESTAL MILLALEMU Y CIA.LTDA.;2076233;1;796625600;MILLALEMU Y CIA.LTDA. FORESTAL MILLALEMU;;P0350URCPLLF;CC;PIRA;0;N011;3,4;3,5;0;0;30;4-Reparacion/Falla equipo de Trozado-11;660;P;Fresca;05-05-2026 01:03:21;04-05-2026;0;;FORWINCH;;PULPABLE;PTA NVA ALDEA;VE2026;SI;FASA Zona Chillán;FASA Zona Chillán;FASA Zona Chillán;FSC 100%-SA-FM/COC-004173;100% CERTIFICADO CERTFOR-CL21/819943415
826207;04-05-2026;11734;COIHUECO Y OTROS (BB);TEA08;COSECHA;COSECHA;11:00;23:00;0:00;1:00;0;0;796625600;FORESTAL MILLALEMU Y CIA.LTDA.;2076233;1;796625600;MILLALEMU Y CIA.LTDA. FORESTAL MILLALEMU;;P0375MRCCAL1;CC;PIRA;0;N051;3,65;3,75;0;0;120;4-Reparacion/Falla equipo de Trozado-11;660;P;Quemada;05-05-2026 01:03:21;04-05-2026;0;;FORWINCH;;ASERRABLE;CN LOG NVA ALDEA;VE2026;SI;FASA Zona Chillán;FASA Zona Chillán;FASA Zona Chillán;FSC 100%-SA-FM/COC-004173;100% CERTIFICADO CERTFOR-CL21/819943415
826207;04-05-2026;11734;COIHUECO Y OTROS (BB);TEA08;COSECHA;COSECHA;11:00;23:00;0:00;1:00;0;0;796625600;FORESTAL MILLALEMU Y CIA.LTDA.;2076233;1;796625600;MILLALEMU Y CIA.LTDA. FORESTAL MILLALEMU;;P0375RRCCAL1;CC;PIRA;0;N051;3,65;3,75;0;0;120;4-Reparacion/Falla equipo de Trozado-11;660;P;Fresca;05-05-2026 01:03:21;04-05-2026;0;;FORWINCH;;ASERRABLE;CN LOG NVA ALDEA;VE2026;SI;FASA Zona Chillán;FASA Zona Chillán;FASA Zona Chillán;FSC 100%-SA-FM/COC-004173;100% CERTIFICADO CERTFOR-CL21/819943415
826209;04-05-2026;11734;COIHUECO Y OTROS (BB);S58;COSECHA;COSECHA;11:00;21:00;4:00;1:00;21;140;796625600;FORESTAL MILLALEMU Y CIA.LTDA.;2077008;1;796625600;MILLALEMU Y CIA.LTDA. FORESTAL MILLALEMU;;P0244NRCPLLF;CC;PIRA;;N048;2,44;2,44;3,3516;0;59;33-Cancha o camino en mal estado-5;300;P;Quemada;05-05-2026 01:08:59;04-05-2026;0;;SKIDDER;;PULPABLE;CN RANQUIL;VE2026;SI;FASA Zona Chillán;FASA Zona Chillán;FASA Zona Chillán;FSC 100%-SA-FM/COC-004173;100% CERTIFICADO CERTFOR-CL21/819943415
826209;04-05-2026;11734;COIHUECO Y OTROS (BB);S58;COSECHA;COSECHA;11:00;21:00;4:00;1:00;21;140;796625600;FORESTAL MILLALEMU Y CIA.LTDA.;2077008;1;796625600;MILLALEMU Y CIA.LTDA. FORESTAL MILLALEMU;;P0265LRCCAL1;CC;PIRA;19;N051;2,6;2,65;7,391;0;140;33-Cancha o camino en mal estado-5;300;P;Quemada;05-05-2026 01:08:59;04-05-2026;0;;SKIDDER;;PODADO;CN LOG NVA ALDEA;VE2026;SI;FASA Zona Chillán;FASA Zona Chillán;FASA Zona Chillán;FSC 100%-SA-FM/COC-004173;100% CERTIFICADO CERTFOR-CL21/819943415
826209;04-05-2026;11734;COIHUECO Y OTROS (BB);S58;COSECHA;COSECHA;11:00;21:00;4:00;1:00;21;140;796625600;FORESTAL MILLALEMU Y CIA.LTDA.;2077008;1;796625600;MILLALEMU Y CIA.LTDA. FORESTAL MILLALEMU;;P0265MRCCAL1;CC;PIRA;19;N051;2,6;2,65;6,175;0;284;33-Cancha o camino en mal estado-5;300;P;Quemada;05-05-2026 01:08:59;04-05-2026;0;;SKIDDER;;ASERRABLE;CN LOG NVA ALDEA;VE2026;SI;FASA Zona Chillán;FASA Zona Chillán;FASA Zona Chillán;FSC 100%-SA-FM/COC-004173;100% CERTIFICADO CERTFOR-CL21/819943415
826209;04-05-2026;11734;COIHUECO Y OTROS (BB);S58;COSECHA;COSECHA;11:00;21:00;4:00;1:00;21;140;796625600;FORESTAL MILLALEMU Y CIA.LTDA.;2077008;1;796625600;MILLALEMU Y CIA.LTDA. FORESTAL MILLALEMU;;P0350URCPLLF;CC;PIRA;;N011;3,5;3,5;7,967232;0;56;33-Cancha o camino en mal estado-5;300;P;Fresca;05-05-2026 01:08:59;04-05-2026;0;;SKIDDER;;PULPABLE;PTA NVA ALDEA;VE2026;SI;FASA Zona Chillán;FASA Zona Chillán;FASA Zona Chillán;FSC 100%-SA-FM/COC-004173;100% CERTIFICADO CERTFOR-CL21/819943415
826209;04-05-2026;11734;COIHUECO Y OTROS (BB);S58;COSECHA;COSECHA;11:00;21:00;4:00;1:00;21;140;796625600;FORESTAL MILLALEMU Y CIA.LTDA.;2077008;1;796625600;MILLALEMU Y CIA.LTDA. FORESTAL MILLALEMU;;P0375MRCCAL1;CC;PIRA;125;N051;3,65;3,75;30,25;0;320;33-Cancha o camino en mal estado-5;300;P;Quemada;05-05-2026 01:08:59;04-05-2026;0;;SKIDDER;;ASERRABLE;CN LOG NVA ALDEA;VE2026;SI;FASA Zona Chillán;FASA Zona Chillán;FASA Zona Chillán;FSC 100%-SA-FM/COC-004173;100% CERTIFICADO CERTFOR-CL21/819943415
826209;04-05-2026;11734;COIHUECO Y OTROS (BB);S58;COSECHA;COSECHA;11:00;21:00;4:00;1:00;21;140;796625600;FORESTAL MILLALEMU Y CIA.LTDA.;2077008;1;796625600;MILLALEMU Y CIA.LTDA. FORESTAL MILLALEMU;;P0375RRCCAL1;CC;PIRA;19;N051;3,65;3,75;4,427;0;216;33-Cancha o camino en mal estado-5;300;P;Fresca;05-05-2026 01:08:59;04-05-2026;0;;SKIDDER;;ASERRABLE;CN LOG NVA ALDEA;VE2026;SI;FASA Zona Chillán;FASA Zona Chillán;FASA Zona Chillán;FSC 100%-SA-FM/COC-004173;100% CERTIFICADO CERTFOR-CL21/819943415
826209;04-05-2026;11734;COIHUECO Y OTROS (BB);S58;COSECHA;COSECHA;11:00;21:00;4:00;1:00;21;140;796625600;FORESTAL MILLALEMU Y CIA.LTDA.;2077008;1;796625600;MILLALEMU Y CIA.LTDA. FORESTAL MILLALEMU;;P0400NRCPLLF;CC;PIRA;;N048;4;4;14,923896;0;368;33-Cancha o camino en mal estado-5;300;P;Quemada;05-05-2026 01:08:59;04-05-2026;0;;SKIDDER;;PULPABLE;CN RANQUIL;VE2026;SI;FASA Zona Chillán;FASA Zona Chillán;FASA Zona Chillán;FSC 100%-SA-FM/COC-004173;100% CERTIFICADO CERTFOR-CL21/819943415
826212;04-05-2026;12191;CE-27 ESPINALILLO YBAR;MG5;COSECHA;COSECHA;11:00;23:00;10:00;1:00;100;1325;796625600;FORESTAL MILLALEMU Y CIA.LTDA.;2078008;1;796625600;MILLALEMU Y CIA.LTDA. FORESTAL MILLALEMU;;P0244URC18-38;CC;PIRA;;T010;2,44;2,44;35,8302;0;35;32-Carguio de camiones-1;60;P;Fresca;05-05-2026 01:11:30;04-05-2026;0;;GRAPPLE;;PULPABLE;CP CONSTITUCION;VE2026;SI;FASA Zona Constituci;FASA Zona Constituci;FASA Zona Constituci;FSC 100%-SA-FM/COC-004173;100% CERTIFICADO CERTFOR-CL21/819943415
826212;04-05-2026;12191;CE-27 ESPINALILLO YBAR;MG5;COSECHA;COSECHA;11:00;23:00;10:00;1:00;100;1325;796625600;FORESTAL MILLALEMU Y CIA.LTDA.;2078008;1;796625600;MILLALEMU Y CIA.LTDA. FORESTAL MILLALEMU;;P0244URC8-16;CC;PIRA;;T010;2,44;2,44;87,1416;0;400;32-Carguio de camiones-1;60;P;Fresca;05-05-2026 01:11:30;04-05-2026;0;;GRAPPLE;;PULPABLE;CP CONSTITUCION;VE2026;SI;FASA Zona Constituci;FASA Zona Constituci;FASA Zona Constituci;FSC 100%-SA-FM/COC-004173;100% CERTIFICADO CERTFOR-CL21/819943415
826212;04-05-2026;12191;CE-27 ESPINALILLO YBAR;MG5;COSECHA;COSECHA;11:00;23:00;10:00;1:00;100;1325;796625600;FORESTAL MILLALEMU Y CIA.LTDA.;2078008;1;796625600;MILLALEMU Y CIA.LTDA. FORESTAL MILLALEMU;;P0410RRCCAL1;CC;PIRA;135;T014;4;4,1;25,65;0;200;32-Carguio de camiones-1;60;P;Fresca;05-05-2026 01:11:30;04-05-2026;0;;GRAPPLE;;ASERRABLE;CN VINALES;VE2026;SI;FASA Zona Constituci;FASA Zona Constituci;FASA Zona Constituci;FSC 100%-SA-FM/COC-004173;100% CERTIFICADO CERTFOR-CL21/819943415
826214;04-05-2026;11734;COIHUECO Y OTROS (BB);S58;COSECHA;COSECHA;21:00;23:00;1:00;0:00;12;73;796625600;FORESTAL MILLALEMU Y CIA.LTDA.;2077008;1;796625600;MILLALEMU Y CIA.LTDA. FORESTAL MILLALEMU;;P0375RRCCAL1;CC;PIRA;115;N051;3,65;3,75;26,795;0;112;15-Falta o atraso de personal-1;60;P;Manchada;05-05-2026 01:16:42;04-05-2026;0;;SKIDDER;;ASERRABLE;CN LOG NVA ALDEA;VE2026;SI;FASA Zona Chillán;FASA Zona Chillán;FASA Zona Chillán;FSC 100%-SA-FM/COC-004173;100% CERTIFICADO CERTFOR-CL21/819943415
826214;04-05-2026;11734;COIHUECO Y OTROS (BB);S58;COSECHA;COSECHA;21:00;23:00;1:00;0:00;12;73;796625600;FORESTAL MILLALEMU Y CIA.LTDA.;2077008;1;796625600;MILLALEMU Y CIA.LTDA. FORESTAL MILLALEMU;;P0400NRCPLLF;CC;PIRA;;N048;4;4;12,141867;0;299;15-Falta o atraso de personal-1;60;P;Quemada 2;05-05-2026 01:16:42;04-05-2026;0;;SKIDDER;;PULPABLE;CN RANQUIL;VE2026;SI;FASA Zona Chillán;FASA Zona Chillán;FASA Zona Chillán;FSC 100%-SA-FM/COC-004173;100% CERTIFICADO CERTFOR-CL21/819943415
826234;04-05-2026;11734;COIHUECO Y OTROS (BB);TEA02;COSECHA;COSECHA;11:00;23:00;10:30;1:00;33;300;796625600;FORESTAL MILLALEMU Y CIA.LTDA.;2077558;1;796625600;MILLALEMU Y CIA.LTDA. FORESTAL MILLALEMU;;P0265LRCCAL1;CC;PIRA;29;N051;2,6;2,65;9,889;0;9;42-Descanso/Pausa programada-0.5;30;P;Quemada;05-05-2026 01:51:29;04-05-2026;0;;FORWINCH;;PODADO;CN LOG NVA ALDEA;VE2026;SI;FASA Zona Chillán;FASA Zona Chillán;FASA Zona Chillán;FSC 100%-SA-FM/COC-004173;100% CERTIFICADO CERTFOR-CL21/819943415
826234;04-05-2026;11734;COIHUECO Y OTROS (BB);TEA02;COSECHA;COSECHA;11:00;23:00;10:30;1:00;33;300;796625600;FORESTAL MILLALEMU Y CIA.LTDA.;2077558;1;796625600;MILLALEMU Y CIA.LTDA. FORESTAL MILLALEMU;;P0265RRCCAL1;CC;PIRA;79;N051;2,6;2,65;27,176;0;27;42-Descanso/Pausa programada-0.5;30;P;Fresca;05-05-2026 01:51:29;04-05-2026;0;;FORWINCH;;ASERRABLE;CN LOG NVA ALDEA;VE2026;SI;FASA Zona Chillán;FASA Zona Chillán;FASA Zona Chillán;FSC 100%-SA-FM/COC-004173;100% CERTIFICADO CERTFOR-CL21/819943415
826234;04-05-2026;11734;COIHUECO Y OTROS (BB);TEA02;COSECHA;COSECHA;11:00;23:00;10:30;1:00;33;300;796625600;FORESTAL MILLALEMU Y CIA.LTDA.;2077558;1;796625600;MILLALEMU Y CIA.LTDA. FORESTAL MILLALEMU;;P0350URCPLLF;CC;PIRA;;N011;3,5;3,5;6,867588;0;15;42-Descanso/Pausa programada-0.5;30;P;Fresca;05-05-2026 01:51:29;04-05-2026;0;;FORWINCH;;PULPABLE;PTA NVA ALDEA;VE2026;SI;FASA Zona Chillán;FASA Zona Chillán;FASA Zona Chillán;FSC 100%-SA-FM/COC-004173;100% CERTIFICADO CERTFOR-CL21/819943415
826234;04-05-2026;11734;COIHUECO Y OTROS (BB);TEA02;COSECHA;COSECHA;11:00;23:00;10:30;1:00;33;300;796625600;FORESTAL MILLALEMU Y CIA.LTDA.;2077558;1;796625600;MILLALEMU Y CIA.LTDA. FORESTAL MILLALEMU;;P0375MRCCAL1;CC;PIRA;172;N051;3,65;3,75;39,044;0;39;42-Descanso/Pausa programada-0.5;30;P;Quemada;05-05-2026 01:51:29;04-05-2026;0;;FORWINCH;;ASERRABLE;CN LOG NVA ALDEA;VE2026;SI;FASA Zona Chillán;FASA Zona Chillán;FASA Zona Chillán;FSC 100%-SA-FM/COC-004173;100% CERTIFICADO CERTFOR-CL21/819943415
826234;04-05-2026;11734;COIHUECO Y OTROS (BB);TEA02;COSECHA;COSECHA;11:00;23:00;10:30;1:00;33;300;796625600;FORESTAL MILLALEMU Y CIA.LTDA.;2077558;1;796625600;MILLALEMU Y CIA.LTDA. FORESTAL MILLALEMU;;P0375RRCCAL1;CC;PIRA;10;N051;3,65;3,75;2,27;0;15;42-Descanso/Pausa programada-0.5;30;P;Fresca;05-05-2026 01:51:29;04-05-2026;0;;FORWINCH;;ASERRABLE;CN LOG NVA ALDEA;VE2026;SI;FASA Zona Chillán;FASA Zona Chillán;FASA Zona Chillán;FSC 100%-SA-FM/COC-004173;100% CERTIFICADO CERTFOR-CL21/819943415
826234;04-05-2026;11734;COIHUECO Y OTROS (BB);TEA02;COSECHA;COSECHA;11:00;23:00;10:30;1:00;33;300;796625600;FORESTAL MILLALEMU Y CIA.LTDA.;2077558;1;796625600;MILLALEMU Y CIA.LTDA. FORESTAL MILLALEMU;;P0400NRCPLLF;CC;PIRA;;N048;4;4;37,94237;0;25;42-Descanso/Pausa programada-0.5;30;P;Quemada;05-05-2026 01:51:29;04-05-2026;0;;FORWINCH;;PULPABLE;CN RANQUIL;VE2026;SI;FASA Zona Chillán;FASA Zona Chillán;FASA Zona Chillán;FSC 100%-SA-FM/COC-004173;100% CERTIFICADO CERTFOR-CL21/819943415
826317;05-05-2026;11734;COIHUECO Y OTROS (BB);TEA08;COSECHA;COSECHA;11:00;23:00;0:00;1:00;0;0;796625600;FORESTAL MILLALEMU Y CIA.LTDA.;2076233;1;796625600;MILLALEMU Y CIA.LTDA. FORESTAL MILLALEMU;;P0244NRCPLLF;CC;PIRA;0;N048;2,39;2,44;0;0;50;4-Reparacion/Falla equipo de Trozado-11;660;P;Quemada;05-05-2026 23:54:58;05-05-2026;0;;FORWINCH;;PULPABLE;CN RANQUIL;VE2026;SI;FASA Zona Chillán;FASA Zona Chillán;FASA Zona Chillán;FSC 100%-SA-FM/COC-004173;100% CERTIFICADO CERTFOR-CL21/819943415
826317;05-05-2026;11734;COIHUECO Y OTROS (BB);TEA08;COSECHA;COSECHA;11:00;23:00;0:00;1:00;0;0;796625600;FORESTAL MILLALEMU Y CIA.LTDA.;2076233;1;796625600;MILLALEMU Y CIA.LTDA. FORESTAL MILLALEMU;;P0265LRCCAL1;CC;PIRA;0;N051;2,6;2,65;0;0;50;4-Reparacion/Falla equipo de Trozado-11;660;P;Quemada;05-05-2026 23:54:58;05-05-2026;0;;FORWINCH;;PODADO;CN LOG NVA ALDEA;VE2026;SI;FASA Zona Chillán;FASA Zona Chillán;FASA Zona Chillán;FSC 100%-SA-FM/COC-004173;100% CERTIFICADO CERTFOR-CL21/819943415
826317;05-05-2026;11734;COIHUECO Y OTROS (BB);TEA08;COSECHA;COSECHA;11:00;23:00;0:00;1:00;0;0;796625600;FORESTAL MILLALEMU Y CIA.LTDA.;2076233;1;796625600;MILLALEMU Y CIA.LTDA. FORESTAL MILLALEMU;;P0265MRCCAL1;CC;PIRA;0;N051;2,6;2,65;0;0;50;4-Reparacion/Falla equipo de Trozado-11;660;P;Quemada;05-05-2026 23:54:58;05-05-2026;0;;FORWINCH;;ASERRABLE;CN LOG NVA ALDEA;VE2026;SI;FASA Zona Chillán;FASA Zona Chillán;FASA Zona Chillán;FSC 100%-SA-FM/COC-004173;100% CERTIFICADO CERTFOR-CL21/819943415
826317;05-05-2026;11734;COIHUECO Y OTROS (BB);TEA08;COSECHA;COSECHA;11:00;23:00;0:00;1:00;0;0;796625600;FORESTAL MILLALEMU Y CIA.LTDA.;2076233;1;796625600;MILLALEMU Y CIA.LTDA. FORESTAL MILLALEMU;;P0350URCPLLF;CC;PIRA;0;N011;3,4;3,5;0;0;50;4-Reparacion/Falla equipo de Trozado-11;660;P;Fresca;05-05-2026 23:54:58;05-05-2026;0;;FORWINCH;;PULPABLE;PTA NVA ALDEA;VE2026;SI;FASA Zona Chillán;FASA Zona Chillán;FASA Zona Chillán;FSC 100%-SA-FM/COC-004173;100% CERTIFICADO CERTFOR-CL21/819943415
826317;05-05-2026;11734;COIHUECO Y OTROS (BB);TEA08;COSECHA;COSECHA;11:00;23:00;0:00;1:00;0;0;796625600;FORESTAL MILLALEMU Y CIA.LTDA.;2076233;1;796625600;MILLALEMU Y CIA.LTDA. FORESTAL MILLALEMU;;P0375MRCCAL1;CC;PIRA;0;N051;3,65;3,75;0;0;120;4-Reparacion/Falla equipo de Trozado-11;660;P;Quemada;05-05-2026 23:54:58;05-05-2026;0;;FORWINCH;;ASERRABLE;CN LOG NVA ALDEA;VE2026;SI;FASA Zona Chillán;FASA Zona Chillán;FASA Zona Chillán;FSC 100%-SA-FM/COC-004173;100% CERTIFICADO CERTFOR-CL21/819943415
826317;05-05-2026;11734;COIHUECO Y OTROS (BB);TEA08;COSECHA;COSECHA;11:00;23:00;0:00;1:00;0;0;796625600;FORESTAL MILLALEMU Y CIA.LTDA.;2076233;1;796625600;MILLALEMU Y CIA.LTDA. FORESTAL MILLALEMU;;P0375RRCCAL1;CC;PIRA;0;N051;3,65;3,75;0;0;120;4-Reparacion/Falla equipo de Trozado-11;660;P;Fresca;05-05-2026 23:54:58;05-05-2026;0;;FORWINCH;;ASERRABLE;CN LOG NVA ALDEA;VE2026;SI;FASA Zona Chillán;FASA Zona Chillán;FASA Zona Chillán;FSC 100%-SA-FM/COC-004173;100% CERTIFICADO CERTFOR-CL21/819943415
826320;05-05-2026;10608;POLHUIN;T125;COSECHA;COSECHA;11:00;23:00;11:00;1:00;141;400;796625600;FORESTAL MILLALEMU Y CIA.LTDA.;2076038;1;796625600;MILLALEMU Y CIA.LTDA. FORESTAL MILLALEMU;;E0550UGCPLLF;CC;EUGL;;N011;5,5;5,5;217,2042;0;2830;;0;P;Fresca;06-05-2026 00:05:59;05-05-2026;0;;TORRE500;;PULPABLE;PTA NVA ALDEA;VE2026;SI;FASA Zona Constituci;FASA Zona Constituci;FASA Zona Constituci;FSC 100%-SA-FM/COC-004173;100% CERTIFICADO CERTFOR-CL21/819943415
826331;05-05-2026;12191;CE-27 ESPINALILLO YBAR;MG5;COSECHA;COSECHA;11:00;23:00;11:00;1:00;110;558;796625600;FORESTAL MILLALEMU Y CIA.LTDA.;2078008;1;796625600;MILLALEMU Y CIA.LTDA. FORESTAL MILLALEMU;;P0244URC18-38;CC;PIRA;;T010;2,44;2,44;31,92;0;55;;0;P;Fresca;06-05-2026 00:41:16;05-05-2026;0;;GRAPPLE;;PULPABLE;CP CONSTITUCION;VE2026;SI;FASA Zona Constituci;FASA Zona Constituci;FASA Zona Constituci;FSC 100%-SA-FM/COC-004173;100% CERTIFICADO CERTFOR-CL21/819943415
826331;05-05-2026;12191;CE-27 ESPINALILLO YBAR;MG5;COSECHA;COSECHA;11:00;23:00;11:00;1:00;110;558;796625600;FORESTAL MILLALEMU Y CIA.LTDA.;2078008;1;796625600;MILLALEMU Y CIA.LTDA. FORESTAL MILLALEMU;;P0244URC8-16;CC;PIRA;;T010;2,44;2,44;98,50512;0;450;;0;P;Fresca;06-05-2026 00:41:16;05-05-2026;0;;GRAPPLE;;PULPABLE;CP CONSTITUCION;VE2026;SI;FASA Zona Constituci;FASA Zona Constituci;FASA Zona Constituci;FSC 100%-SA-FM/COC-004173;100% CERTIFICADO CERTFOR-CL21/819943415
826331;05-05-2026;12191;CE-27 ESPINALILLO YBAR;MG5;COSECHA;COSECHA;11:00;23:00;11:00;1:00;110;558;796625600;FORESTAL MILLALEMU Y CIA.LTDA.;2078008;1;796625600;MILLALEMU Y CIA.LTDA. FORESTAL MILLALEMU;;P0410RRCCAL1;CC;PIRA;437;T014;4;4,1;83,03;0;100;;0;P;Fresca;06-05-2026 00:41:16;05-05-2026;0;;GRAPPLE;;ASERRABLE;CN VINALES;VE2026;SI;FASA Zona Constituci;FASA Zona Constituci;FASA Zona Constituci;FSC 100%-SA-FM/COC-004173;100% CERTIFICADO CERTFOR-CL21/819943415
826333;05-05-2026;11734;COIHUECO Y OTROS (BB);S246;COSECHA;COSECHA;11:00;23:00;10:30;1:00;56;100;796625600;FORESTAL MILLALEMU Y CIA.LTDA.;2076896;1;796625600;MILLALEMU Y CIA.LTDA. FORESTAL MILLALEMU;;P0244NRCPLLF;CC;PIRA;;N048;2,44;2,44;8,04384;0;15;4-Reparacion/Falla equipo de Trozado-0.5;30;P;Quemada;06-05-2026 00:47:58;05-05-2026;0;;SKIDDER;;PULPABLE;CN RANQUIL;VE2026;SI;FASA Zona Chillán;FASA Zona Chillán;FASA Zona Chillán;FSC 100%-SA-FM/COC-004173;100% CERTIFICADO CERTFOR-CL21/819943415
826333;05-05-2026;11734;COIHUECO Y OTROS (BB);S246;COSECHA;COSECHA;11:00;23:00;10:30;1:00;56;100;796625600;FORESTAL MILLALEMU Y CIA.LTDA.;2076896;1;796625600;MILLALEMU Y CIA.LTDA. FORESTAL MILLALEMU;;P0265LRCCAL1;CC;PIRA;118;N051;2,6;2,65;40,238;0;105;4-Reparacion/Falla equipo de Trozado-0.5;30;P;Quemada;06-05-2026 00:47:58;05-05-2026;0;;SKIDDER;;PODADO;CN LOG NVA ALDEA;VE2026;SI;FASA Zona Chillán;FASA Zona Chillán;FASA Zona Chillán;FSC 100%-SA-FM/COC-004173;100% CERTIFICADO CERTFOR-CL21/819943415
826333;05-05-2026;11734;COIHUECO Y OTROS (BB);S246;COSECHA;COSECHA;11:00;23:00;10:30;1:00;56;100;796625600;FORESTAL MILLALEMU Y CIA.LTDA.;2076896;1;796625600;MILLALEMU Y CIA.LTDA. FORESTAL MILLALEMU;;P0265MRCCAL1;CC;PIRA;170;N051;2,6;2,65;58,14;0;100;4-Reparacion/Falla equipo de Trozado-0.5;30;P;Quemada;06-05-2026 00:47:58;05-05-2026;0;;SKIDDER;;ASERRABLE;CN LOG NVA ALDEA;VE2026;SI;FASA Zona Chillán;FASA Zona Chillán;FASA Zona Chillán;FSC 100%-SA-FM/COC-004173;100% CERTIFICADO CERTFOR-CL21/819943415
826333;05-05-2026;11734;COIHUECO Y OTROS (BB);S246;COSECHA;COSECHA;11:00;23:00;10:30;1:00;56;100;796625600;FORESTAL MILLALEMU Y CIA.LTDA.;2076896;1;796625600;MILLALEMU Y CIA.LTDA. FORESTAL MILLALEMU;;P0265PRCCAL1;CC;PIRA;10;N051;2,6;2,65;3,41;0;12;4-Reparacion/Falla equipo de Trozado-0.5;30;P;Fresca;06-05-2026 00:47:58;05-05-2026;0;;SKIDDER;;PODADO;CN LOG NVA ALDEA;VE2026;SI;FASA Zona Chillán;FASA Zona Chillán;FASA Zona Chillán;FSC 100%-SA-FM/COC-004173;100% CERTIFICADO CERTFOR-CL21/819943415
826333;05-05-2026;11734;COIHUECO Y OTROS (BB);S246;COSECHA;COSECHA;11:00;23:00;10:30;1:00;56;100;796625600;FORESTAL MILLALEMU Y CIA.LTDA.;2076896;1;796625600;MILLALEMU Y CIA.LTDA. FORESTAL MILLALEMU;;P0265RRCCAL1;CC;PIRA;40;N051;2,6;2,65;13,68;0;90;4-Reparacion/Falla equipo de Trozado-0.5;30;P;Fresca;06-05-2026 00:47:58;05-05-2026;0;;SKIDDER;;ASERRABLE;CN LOG NVA ALDEA;VE2026;SI;FASA Zona Chillán;FASA Zona Chillán;FASA Zona Chillán;FSC 100%-SA-FM/COC-004173;100% CERTIFICADO CERTFOR-CL21/819943415
826333;05-05-2026;11734;COIHUECO Y OTROS (BB);S246;COSECHA;COSECHA;11:00;23:00;10:30;1:00;56;100;796625600;FORESTAL MILLALEMU Y CIA.LTDA.;2076896;1;796625600;MILLALEMU Y CIA.LTDA. FORESTAL MILLALEMU;;P0350URCPLLF;CC;PIRA;;N011;3,5;3,5;20,60436;0;95;4-Reparacion/Falla equipo de Trozado-0.5;30;P;Fresca;06-05-2026 00:47:58;05-05-2026;0;;SKIDDER;;PULPABLE;PTA NVA ALDEA;VE2026;SI;FASA Zona Chillán;FASA Zona Chillán;FASA Zona Chillán;FSC 100%-SA-FM/COC-004173;100% CERTIFICADO CERTFOR-CL21/819943415
826333;05-05-2026;11734;COIHUECO Y OTROS (BB);S246;COSECHA;COSECHA;11:00;23:00;10:30;1:00;56;100;796625600;FORESTAL MILLALEMU Y CIA.LTDA.;2076896;1;796625600;MILLALEMU Y CIA.LTDA. FORESTAL MILLALEMU;;P0375MRCCAL1;CC;PIRA;480;N051;3,65;3,75;109,44;0;210;4-Reparacion/Falla equipo de Trozado-0.5;30;P;Quemada;06-05-2026 00:47:58;05-05-2026;0;;SKIDDER;;ASERRABLE;CN LOG NVA ALDEA;VE2026;SI;FASA Zona Chillán;FASA Zona Chillán;FASA Zona Chillán;FSC 100%-SA-FM/COC-004173;100% CERTIFICADO CERTFOR-CL21/819943415
826333;05-05-2026;11734;COIHUECO Y OTROS (BB);S246;COSECHA;COSECHA;11:00;23:00;10:30;1:00;56;100;796625600;FORESTAL MILLALEMU Y CIA.LTDA.;2076896;1;796625600;MILLALEMU Y CIA.LTDA. FORESTAL MILLALEMU;;P0375RRCCAL1;CC;PIRA;330;N051;3,65;3,75;75,24;0;460;4-Reparacion/Falla equipo de Trozado-0.5;30;P;Fresca;06-05-2026 00:47:58;05-05-2026;0;;SKIDDER;;ASERRABLE;CN LOG NVA ALDEA;VE2026;SI;FASA Zona Chillán;FASA Zona Chillán;FASA Zona Chillán;FSC 100%-SA-FM/COC-004173;100% CERTIFICADO CERTFOR-CL21/819943415
826333;05-05-2026;11734;COIHUECO Y OTROS (BB);S246;COSECHA;COSECHA;11:00;23:00;10:30;1:00;56;100;796625600;FORESTAL MILLALEMU Y CIA.LTDA.;2076896;1;796625600;MILLALEMU Y CIA.LTDA. FORESTAL MILLALEMU;;P0400NRCPLLF;CC;PIRA;;N048;4;4;15,683052;0;25;4-Reparacion/Falla equipo de Trozado-0.5;30;P;Quemada;06-05-2026 00:47:58;05-05-2026;0;;SKIDDER;;PULPABLE;CN RANQUIL;VE2026;SI;FASA Zona Chillán;FASA Zona Chillán;FASA Zona Chillán;FSC 100%-SA-FM/COC-004173;100% CERTIFICADO CERTFOR-CL21/819943415
826333;05-05-2026;11734;COIHUECO Y OTROS (BB);S246;COSECHA;COSECHA;11:00;23:00;10:30;1:00;56;100;796625600;FORESTAL MILLALEMU Y CIA.LTDA.;2076896;1;796625600;MILLALEMU Y CIA.LTDA. FORESTAL MILLALEMU;;P0400NRCPLLF;CC;PIRA;0;N048;4;4;11,382711;0;28;4-Reparacion/Falla equipo de Trozado-0.5;30;P;Quemada;06-05-2026 00:47:58;;0;;SKIDDER;;PULPABLE;CN RANQUIL;VE2026;SI;FASA Zona Chillán;FASA Zona Chillán;FASA Zona Chillán;FSC 100%-SA-FM/COC-004173;100% CERTIFICADO CERTFOR-CL21/819943415
826335;05-05-2026;11748;LAS ULLOAS (BB);S223;COSECHA;COSECHA;11:00;23:00;9:00;1:00;27;135;796625600;FORESTAL MILLALEMU Y CIA.LTDA.;2076574;1;796625600;MILLALEMU Y CIA.LTDA. FORESTAL MILLALEMU;;P0265LRCCAL1;CC;PIRA;64;N051;2,6;2,65;19,776;0;70;33-Cancha o camino en mal estado-2;120;P;Quemada;06-05-2026 00:51:54;05-05-2026;0;;SKIDDER;;PODADO;CN LOG NVA ALDEA;VE2026;SI;FASA Zona Chillán;FASA Zona Chillán;FASA Zona Chillán;FSC 100%-SA-FM/COC-004173;100% CERTIFICADO CERTFOR-CL21/819943415
826335;05-05-2026;11748;LAS ULLOAS (BB);S223;COSECHA;COSECHA;11:00;23:00;9:00;1:00;27;135;796625600;FORESTAL MILLALEMU Y CIA.LTDA.;2076574;1;796625600;MILLALEMU Y CIA.LTDA. FORESTAL MILLALEMU;;P0265MRCCAL1;CC;PIRA;58;N051;2,6;2,65;18,56;0;60;33-Cancha o camino en mal estado-2;120;P;Quemada;06-05-2026 00:51:54;05-05-2026;0;;SKIDDER;;ASERRABLE;CN LOG NVA ALDEA;VE2026;SI;FASA Zona Chillán;FASA Zona Chillán;FASA Zona Chillán;FSC 100%-SA-FM/COC-004173;100% CERTIFICADO CERTFOR-CL21/819943415
826335;05-05-2026;11748;LAS ULLOAS (BB);S223;COSECHA;COSECHA;11:00;23:00;9:00;1:00;27;135;796625600;FORESTAL MILLALEMU Y CIA.LTDA.;2076574;1;796625600;MILLALEMU Y CIA.LTDA. FORESTAL MILLALEMU;;P0300NRCPLVA;CC;PIRA;;N048;3;3;35,829493;0;125;33-Cancha o camino en mal estado-2;120;P;Quemada;06-05-2026 00:51:54;05-05-2026;0;;SKIDDER;;PULPABLE;CN RANQUIL;VE2026;SI;FASA Zona Chillán;FASA Zona Chillán;FASA Zona Chillán;FSC 100%-SA-FM/COC-004173;100% CERTIFICADO CERTFOR-CL21/819943415
826335;05-05-2026;11748;LAS ULLOAS (BB);S223;COSECHA;COSECHA;11:00;23:00;9:00;1:00;27;135;796625600;FORESTAL MILLALEMU Y CIA.LTDA.;2076574;1;796625600;MILLALEMU Y CIA.LTDA. FORESTAL MILLALEMU;;P0375MRCCAL1;CC;PIRA;390;N051;3,65;3,75;86,97;0;150;33-Cancha o camino en mal estado-2;120;P;Quemada;06-05-2026 00:51:54;05-05-2026;0;;SKIDDER;;ASERRABLE;CN LOG NVA ALDEA;VE2026;SI;FASA Zona Chillán;FASA Zona Chillán;FASA Zona Chillán;FSC 100%-SA-FM/COC-004173;100% CERTIFICADO CERTFOR-CL21/819943415
826340;05-05-2026;11983;EL CABRITO CBB;S123;COSECHA;COSECHA;11:00;20:00;5:30;0:30;44;321;796625600;FORESTAL MILLALEMU Y CIA.LTDA.;2074817;1;796625600;MILLALEMU Y CIA.LTDA. FORESTAL MILLALEMU;;P0244NRCPLLF;CC;PIRA;0;N048;2,44;2,44;0;0;5;17-Falta de trozado-3;180;P;Quemada;06-05-2026 01:03:17;05-05-2026;0;;SKIDDER;;PULPABLE;CN RANQUIL;VE2026;SI;FASA Zona Chillán;FASA Zona Chillán;FASA Zona Chillán;FSC 100%-SA-FM/COC-004173;100% CERTIFICADO CERTFOR-CL21/819943415
826340;05-05-2026;11983;EL CABRITO CBB;S123;COSECHA;COSECHA;11:00;20:00;5:30;0:30;44;321;796625600;FORESTAL MILLALEMU Y CIA.LTDA.;2074817;1;796625600;MILLALEMU Y CIA.LTDA. FORESTAL MILLALEMU;;P0244NRCPLSD;CC;PIRA;0;N048;2,44;2,44;0;0;10;17-Falta de trozado-3;180;P;Quemada;06-05-2026 01:03:17;;0;;SKIDDER;;PULPABLE;CN RANQUIL;VE2026;SI;FASA Zona Chillán;FASA Zona Chillán;FASA Zona Chillán;FSC 100%-SA-FM/COC-004173;100% CERTIFICADO CERTFOR-CL21/819943415
826340;05-05-2026;11983;EL CABRITO CBB;S123;COSECHA;COSECHA;11:00;20:00;5:30;0:30;44;321;796625600;FORESTAL MILLALEMU Y CIA.LTDA.;2074817;1;796625600;MILLALEMU Y CIA.LTDA. FORESTAL MILLALEMU;;P0265LRCCAL1;CC;PIRA;54;N051;2,6;2,65;18,522;0;185;17-Falta de trozado-3;180;P;Quemada;06-05-2026 01:03:17;05-05-2026;0;;SKIDDER;;PODADO;CN LOG NVA ALDEA;VE2026;SI;FASA Zona Chillán;FASA Zona Chillán;FASA Zona Chillán;FSC 100%-SA-FM/COC-004173;100% CERTIFICADO CERTFOR-CL21/819943415
826340;05-05-2026;11983;EL CABRITO CBB;S123;COSECHA;COSECHA;11:00;20:00;5:30;0:30;44;321;796625600;FORESTAL MILLALEMU Y CIA.LTDA.;2074817;1;796625600;MILLALEMU Y CIA.LTDA. FORESTAL MILLALEMU;;P0265MRCCAL1;CC;PIRA;147;N051;2,6;2,65;51,303;0;446;17-Falta de trozado-3;180;P;Quemada;06-05-2026 01:03:17;05-05-2026;0;;SKIDDER;;ASERRABLE;CN LOG NVA ALDEA;VE2026;SI;FASA Zona Chillán;FASA Zona Chillán;FASA Zona Chillán;FSC 100%-SA-FM/COC-004173;100% CERTIFICADO CERTFOR-CL21/819943415
826340;05-05-2026;11983;EL CABRITO CBB;S123;COSECHA;COSECHA;11:00;20:00;5:30;0:30;44;321;796625600;FORESTAL MILLALEMU Y CIA.LTDA.;2074817;1;796625600;MILLALEMU Y CIA.LTDA. FORESTAL MILLALEMU;;P0265RRCCAL1;CC;PIRA;10;N051;2,6;2,65;3,49;0;35;17-Falta de trozado-3;180;P;Fresca;06-05-2026 01:03:17;05-05-2026;0;;SKIDDER;;ASERRABLE;CN LOG NVA ALDEA;VE2026;SI;FASA Zona Chillán;FASA Zona Chillán;FASA Zona Chillán;FSC 100%-SA-FM/COC-004173;100% CERTIFICADO CERTFOR-CL21/819943415
826340;05-05-2026;11983;EL CABRITO CBB;S123;COSECHA;COSECHA;11:00;20:00;5:30;0:30;44;321;796625600;FORESTAL MILLALEMU Y CIA.LTDA.;2074817;1;796625600;MILLALEMU Y CIA.LTDA. FORESTAL MILLALEMU;;P0350URCPLLF;CC;PIRA;;N011;3,5;3,5;9,6159;0;103;17-Falta de trozado-3;180;P;Fresca;06-05-2026 01:03:17;05-05-2026;0;;SKIDDER;;PULPABLE;PTA NVA ALDEA;VE2026;SI;FASA Zona Chillán;FASA Zona Chillán;FASA Zona Chillán;FSC 100%-SA-FM/COC-004173;100% CERTIFICADO CERTFOR-CL21/819943415
826340;05-05-2026;11983;EL CABRITO CBB;S123;COSECHA;COSECHA;11:00;20:00;5:30;0:30;44;321;796625600;FORESTAL MILLALEMU Y CIA.LTDA.;2074817;1;796625600;MILLALEMU Y CIA.LTDA. FORESTAL MILLALEMU;;P0375MRCCAL1;CC;PIRA;251;N051;3,65;3,75;63,001;0;826;17-Falta de trozado-3;180;P;Quemada;06-05-2026 01:03:17;05-05-2026;0;;SKIDDER;;ASERRABLE;CN LOG NVA ALDEA;VE2026;SI;FASA Zona Chillán;FASA Zona Chillán;FASA Zona Chillán;FSC 100%-SA-FM/COC-004173;100% CERTIFICADO CERTFOR-CL21/819943415
826340;05-05-2026;11983;EL CABRITO CBB;S123;COSECHA;COSECHA;11:00;20:00;5:30;0:30;44;321;796625600;FORESTAL MILLALEMU Y CIA.LTDA.;2074817;1;796625600;MILLALEMU Y CIA.LTDA. FORESTAL MILLALEMU;;P0375RRCCAL1;CC;PIRA;102;N051;3,65;3,75;23,562;0;224;17-Falta de trozado-3;180;P;Fresca;06-05-2026 01:03:17;05-05-2026;0;;SKIDDER;;ASERRABLE;CN LOG NVA ALDEA;VE2026;SI;FASA Zona Chillán;FASA Zona Chillán;FASA Zona Chillán;FSC 100%-SA-FM/COC-004173;100% CERTIFICADO CERTFOR-CL21/819943415
826340;05-05-2026;11983;EL CABRITO CBB;S123;COSECHA;COSECHA;11:00;20:00;5:30;0:30;44;321;796625600;FORESTAL MILLALEMU Y CIA.LTDA.;2074817;1;796625600;MILLALEMU Y CIA.LTDA. FORESTAL MILLALEMU;;P0400NRCPLLF;CC;PIRA;;N048;4;4;7,588474;0;286;17-Falta de trozado-3;180;P;Quemada;06-05-2026 01:03:17;05-05-2026;0;;SKIDDER;;PULPABLE;CN RANQUIL;VE2026;SI;FASA Zona Chillán;FASA Zona Chillán;FASA Zona Chillán;FSC 100%-SA-FM/COC-004173;100% CERTIFICADO CERTFOR-CL21/819943415
826340;05-05-2026;11983;EL CABRITO CBB;S123;COSECHA;COSECHA;11:00;20:00;5:30;0:30;44;321;796625600;FORESTAL MILLALEMU Y CIA.LTDA.;2074817;1;796625600;MILLALEMU Y CIA.LTDA. FORESTAL MILLALEMU;;P0400NRCPLLF;CC;PIRA;0;N048;4;4;0;0;5;17-Falta de trozado-3;180;P;Quemada 2;06-05-2026 01:03:17;;0;;SKIDDER;;PULPABLE;CN RANQUIL;VE2026;SI;FASA Zona Chillán;FASA Zona Chillán;FASA Zona Chillán;FSC 100%-SA-FM/COC-004173;100% CERTIFICADO CERTFOR-CL21/819943415
826341;05-05-2026;11983;EL CABRITO CBB;S123;COSECHA;COSECHA;20:00;23:00;2:00;0:30;19;100;796625600;FORESTAL MILLALEMU Y CIA.LTDA.;2074817;1;796625600;MILLALEMU Y CIA.LTDA. FORESTAL MILLALEMU;;P0375MRCCAL1;CC;PIRA;94;N051;3,65;3,75;23,594;0;491;22-Falta/abstecimiento de combustible equipo de proce-0.5;30;P;Quemada;06-05-2026 01:03:19;05-05-2026;0;;SKIDDER;;ASERRABLE;CN LOG NVA ALDEA;VE2026;SI;FASA Zona Chillán;FASA Zona Chillán;FASA Zona Chillán;FSC 100%-SA-FM/COC-004173;100% CERTIFICADO CERTFOR-CL21/819943415
826341;05-05-2026;11983;EL CABRITO CBB;S123;COSECHA;COSECHA;20:00;23:00;2:00;0:30;19;100;796625600;FORESTAL MILLALEMU Y CIA.LTDA.;2074817;1;796625600;MILLALEMU Y CIA.LTDA. FORESTAL MILLALEMU;;P0375RRCCAL1;CC;PIRA;160;N051;3,65;3,75;36,96;0;194;22-Falta/abstecimiento de combustible equipo de proce-0.5;30;P;Manchada;06-05-2026 01:03:19;05-05-2026;0;;SKIDDER;;ASERRABLE;CN LOG NVA ALDEA;VE2026;SI;FASA Zona Chillán;FASA Zona Chillán;FASA Zona Chillán;FSC 100%-SA-FM/COC-004173;100% CERTIFICADO CERTFOR-CL21/819943415
826354;05-05-2026;11734;COIHUECO Y OTROS (BB);S58;COSECHA;COSECHA;11:00;23:00;7:00;1:00;25;250;796625600;FORESTAL MILLALEMU Y CIA.LTDA.;2077008;1;796625600;MILLALEMU Y CIA.LTDA. FORESTAL MILLALEMU;;P0244NRCPLLF;CC;PIRA;;N048;2,44;2,44;4,4688;0;68;16-Falta de clasificado y arrumado-4;240;P;Quemada;06-05-2026 01:25:55;05-05-2026;0;;SKIDDER;;PULPABLE;CN RANQUIL;VE2026;SI;FASA Zona Chillán;FASA Zona Chillán;FASA Zona Chillán;FSC 100%-SA-FM/COC-004173;100% CERTIFICADO CERTFOR-CL21/819943415
826354;05-05-2026;11734;COIHUECO Y OTROS (BB);S58;COSECHA;COSECHA;11:00;23:00;7:00;1:00;25;250;796625600;FORESTAL MILLALEMU Y CIA.LTDA.;2077008;1;796625600;MILLALEMU Y CIA.LTDA. FORESTAL MILLALEMU;;P0265LRCCAL1;CC;PIRA;5;N051;2,6;2,65;1,945;0;142;16-Falta de clasificado y arrumado-4;240;P;Quemada;06-05-2026 01:25:55;05-05-2026;0;;SKIDDER;;PODADO;CN LOG NVA ALDEA;VE2026;SI;FASA Zona Chillán;FASA Zona Chillán;FASA Zona Chillán;FSC 100%-SA-FM/COC-004173;100% CERTIFICADO CERTFOR-CL21/819943415
826354;05-05-2026;11734;COIHUECO Y OTROS (BB);S58;COSECHA;COSECHA;11:00;23:00;7:00;1:00;25;250;796625600;FORESTAL MILLALEMU Y CIA.LTDA.;2077008;1;796625600;MILLALEMU Y CIA.LTDA. FORESTAL MILLALEMU;;P0265MRCCAL1;CC;PIRA;62;N051;2,6;2,65;20,15;0;304;16-Falta de clasificado y arrumado-4;240;P;Quemada;06-05-2026 01:25:55;05-05-2026;0;;SKIDDER;;ASERRABLE;CN LOG NVA ALDEA;VE2026;SI;FASA Zona Chillán;FASA Zona Chillán;FASA Zona Chillán;FSC 100%-SA-FM/COC-004173;100% CERTIFICADO CERTFOR-CL21/819943415
826354;05-05-2026;11734;COIHUECO Y OTROS (BB);S58;COSECHA;COSECHA;11:00;23:00;7:00;1:00;25;250;796625600;FORESTAL MILLALEMU Y CIA.LTDA.;2077008;1;796625600;MILLALEMU Y CIA.LTDA. FORESTAL MILLALEMU;;P0265RRCCAL1;CC;PIRA;51;N051;2,6;2,65;16,575;0;35;16-Falta de clasificado y arrumado-4;240;P;Fresca;06-05-2026 01:25:55;05-05-2026;0;;SKIDDER;;ASERRABLE;CN LOG NVA ALDEA;VE2026;SI;FASA Zona Chillán;FASA Zona Chillán;FASA Zona Chillán;FSC 100%-SA-FM/COC-004173;100% CERTIFICADO CERTFOR-CL21/819943415
826354;05-05-2026;11734;COIHUECO Y OTROS (BB);S58;COSECHA;COSECHA;11:00;23:00;7:00;1:00;25;250;796625600;FORESTAL MILLALEMU Y CIA.LTDA.;2077008;1;796625600;MILLALEMU Y CIA.LTDA. FORESTAL MILLALEMU;;P0350URCPLLF;CC;PIRA;;N011;3,5;3,5;6,867588;0;61;16-Falta de clasificado y arrumado-4;240;P;Fresca;06-05-2026 01:25:55;05-05-2026;0;;SKIDDER;;PULPABLE;PTA NVA ALDEA;VE2026;SI;FASA Zona Chillán;FASA Zona Chillán;FASA Zona Chillán;FSC 100%-SA-FM/COC-004173;100% CERTIFICADO CERTFOR-CL21/819943415
826354;05-05-2026;11734;COIHUECO Y OTROS (BB);S58;COSECHA;COSECHA;11:00;23:00;7:00;1:00;25;250;796625600;FORESTAL MILLALEMU Y CIA.LTDA.;2077008;1;796625600;MILLALEMU Y CIA.LTDA. FORESTAL MILLALEMU;;P0375MRCCAL1;CC;PIRA;41;N051;3,65;3,75;10,004;0;330;16-Falta de clasificado y arrumado-4;240;P;Quemada;06-05-2026 01:25:55;05-05-2026;0;;SKIDDER;;ASERRABLE;CN LOG NVA ALDEA;VE2026;SI;FASA Zona Chillán;FASA Zona Chillán;FASA Zona Chillán;FSC 100%-SA-FM/COC-004173;100% CERTIFICADO CERTFOR-CL21/819943415
826354;05-05-2026;11734;COIHUECO Y OTROS (BB);S58;COSECHA;COSECHA;11:00;23:00;7:00;1:00;25;250;796625600;FORESTAL MILLALEMU Y CIA.LTDA.;2077008;1;796625600;MILLALEMU Y CIA.LTDA. FORESTAL MILLALEMU;;P0375RRCCAL1;CC;PIRA;92;N051;3,65;3,75;21,436;0;237;16-Falta de clasificado y arrumado-4;240;P;Fresca;06-05-2026 01:25:55;05-05-2026;0;;SKIDDER;;ASERRABLE;CN LOG NVA ALDEA;VE2026;SI;FASA Zona Chillán;FASA Zona Chillán;FASA Zona Chillán;FSC 100%-SA-FM/COC-004173;100% CERTIFICADO CERTFOR-CL21/819943415
826354;05-05-2026;11734;COIHUECO Y OTROS (BB);S58;COSECHA;COSECHA;11:00;23:00;7:00;1:00;25;250;796625600;FORESTAL MILLALEMU Y CIA.LTDA.;2077008;1;796625600;MILLALEMU Y CIA.LTDA. FORESTAL MILLALEMU;;P0400NRCPLLF;CC;PIRA;;N048;4;4;7,08237;0;375;16-Falta de clasificado y arrumado-4;240;P;Quemada;06-05-2026 01:25:55;05-05-2026;0;;SKIDDER;;PULPABLE;CN RANQUIL;VE2026;SI;FASA Zona Chillán;FASA Zona Chillán;FASA Zona Chillán;FSC 100%-SA-FM/COC-004173;100% CERTIFICADO CERTFOR-CL21/819943415
826354;05-05-2026;11734;COIHUECO Y OTROS (BB);S58;COSECHA;COSECHA;11:00;23:00;7:00;1:00;25;250;796625600;FORESTAL MILLALEMU Y CIA.LTDA.;2077008;1;796625600;MILLALEMU Y CIA.LTDA. FORESTAL MILLALEMU;;P0400NRCPLLF;CC;PIRA;0;N048;4;4;7,588474;0;514;16-Falta de clasificado y arrumado-4;240;P;Quemada;06-05-2026 01:25:55;;0;;SKIDDER;;PULPABLE;CN RANQUIL;VE2026;SI;FASA Zona Chillán;FASA Zona Chillán;FASA Zona Chillán;FSC 100%-SA-FM/COC-004173;100% CERTIFICADO CERTFOR-CL21/819943415
826355;05-05-2026;11734;COIHUECO Y OTROS (BB);TEA02;COSECHA;COSECHA;11:00;23:00;10:30;1:00;33;300;796625600;FORESTAL MILLALEMU Y CIA.LTDA.;2077558;1;796625600;MILLALEMU Y CIA.LTDA. FORESTAL MILLALEMU;;P0265LRCCAL1;CC;PIRA;121;N051;2,6;2,65;41,261;0;30;42-Descanso/Pausa programada-0.5;30;P;Quemada;06-05-2026 01:33:24;05-05-2026;0;;FORWINCH;;PODADO;CN LOG NVA ALDEA;VE2026;SI;FASA Zona Chillán;FASA Zona Chillán;FASA Zona Chillán;FSC 100%-SA-FM/COC-004173;100% CERTIFICADO CERTFOR-CL21/819943415
826355;05-05-2026;11734;COIHUECO Y OTROS (BB);TEA02;COSECHA;COSECHA;11:00;23:00;10:30;1:00;33;300;796625600;FORESTAL MILLALEMU Y CIA.LTDA.;2077558;1;796625600;MILLALEMU Y CIA.LTDA. FORESTAL MILLALEMU;;P0265MRCCAL1;CC;PIRA;47;N051;2,6;2,65;16,074;0;15;42-Descanso/Pausa programada-0.5;30;P;Quemada;06-05-2026 01:33:24;05-05-2026;0;;FORWINCH;;ASERRABLE;CN LOG NVA ALDEA;VE2026;SI;FASA Zona Chillán;FASA Zona Chillán;FASA Zona Chillán;FSC 100%-SA-FM/COC-004173;100% CERTIFICADO CERTFOR-CL21/819943415
826355;05-05-2026;11734;COIHUECO Y OTROS (BB);TEA02;COSECHA;COSECHA;11:00;23:00;10:30;1:00;33;300;796625600;FORESTAL MILLALEMU Y CIA.LTDA.;2077558;1;796625600;MILLALEMU Y CIA.LTDA. FORESTAL MILLALEMU;;P0350URCPLLF;CC;PIRA;;N011;3,5;3,5;6,867588;0;15;42-Descanso/Pausa programada-0.5;30;P;Fresca;06-05-2026 01:33:24;05-05-2026;0;;FORWINCH;;PULPABLE;PTA NVA ALDEA;VE2026;SI;FASA Zona Chillán;FASA Zona Chillán;FASA Zona Chillán;FSC 100%-SA-FM/COC-004173;100% CERTIFICADO CERTFOR-CL21/819943415
826355;05-05-2026;11734;COIHUECO Y OTROS (BB);TEA02;COSECHA;COSECHA;11:00;23:00;10:30;1:00;33;300;796625600;FORESTAL MILLALEMU Y CIA.LTDA.;2077558;1;796625600;MILLALEMU Y CIA.LTDA. FORESTAL MILLALEMU;;P0375MRCCAL1;CC;PIRA;174;N051;3,65;3,75;39,672;0;30;42-Descanso/Pausa programada-0.5;30;P;Quemada;06-05-2026 01:33:24;05-05-2026;0;;FORWINCH;;ASERRABLE;CN LOG NVA ALDEA;VE2026;SI;FASA Zona Chillán;FASA Zona Chillán;FASA Zona Chillán;FSC 100%-SA-FM/COC-004173;100% CERTIFICADO CERTFOR-CL21/819943415
826355;05-05-2026;11734;COIHUECO Y OTROS (BB);TEA02;COSECHA;COSECHA;11:00;23:00;10:30;1:00;33;300;796625600;FORESTAL MILLALEMU Y CIA.LTDA.;2077558;1;796625600;MILLALEMU Y CIA.LTDA. FORESTAL MILLALEMU;;P0375RRCCAL1;CC;PIRA;29;N051;3,65;3,75;6,612;0;15;42-Descanso/Pausa programada-0.5;30;P;Fresca;06-05-2026 01:33:24;05-05-2026;0;;FORWINCH;;ASERRABLE;CN LOG NVA ALDEA;VE2026;SI;FASA Zona Chillán;FASA Zona Chillán;FASA Zona Chillán;FSC 100%-SA-FM/COC-004173;100% CERTIFICADO CERTFOR-CL21/819943415
826355;05-05-2026;11734;COIHUECO Y OTROS (BB);TEA02;COSECHA;COSECHA;11:00;23:00;10:30;1:00;33;300;796625600;FORESTAL MILLALEMU Y CIA.LTDA.;2077558;1;796625600;MILLALEMU Y CIA.LTDA. FORESTAL MILLALEMU;;P0400NRCPLLF;CC;PIRA;;N048;4;4;45,530844;0;30;42-Descanso/Pausa programada-0.5;30;P;Quemada;06-05-2026 01:33:24;05-05-2026;0;;FORWINCH;;PULPABLE;CN RANQUIL;VE2026;SI;FASA Zona Chillán;FASA Zona Chillán;FASA Zona Chillán;FSC 100%-SA-FM/COC-004173;100% CERTIFICADO CERTFOR-CL21/819943415
826449;06-05-2026;12191;CE-27 ESPINALILLO YBAR;MG5;COSECHA;COSECHA;11:00;23:00;11:00;1:00;0;0;796625600;FORESTAL MILLALEMU Y CIA.LTDA.;2078008;1;796625600;MILLALEMU Y CIA.LTDA. FORESTAL MILLALEMU;;P0244URC18-38;CC;PIRA;;T010;2,44;2,44;66,56118;0;300;;0;P;Fresca;07-05-2026 00:12:41;06-05-2026;0;;GRAPPLE;;PULPABLE;CP CONSTITUCION;VE2026;SI;FASA Zona Constituci;FASA Zona Constituci;FASA Zona Constituci;FSC 100%-SA-FM/COC-004173;100% CERTIFICADO CERTFOR-CL21/819943415
826449;06-05-2026;12191;CE-27 ESPINALILLO YBAR;MG5;COSECHA;COSECHA;11:00;23:00;11:00;1:00;0;0;796625600;FORESTAL MILLALEMU Y CIA.LTDA.;2078008;1;796625600;MILLALEMU Y CIA.LTDA. FORESTAL MILLALEMU;;P0244URC8-16;CC;PIRA;;T010;2,44;2,44;36,38082;0;250;;0;P;Fresca;07-05-2026 00:12:41;06-05-2026;0;;GRAPPLE;;PULPABLE;CP CONSTITUCION;VE2026;SI;FASA Zona Constituci;FASA Zona Constituci;FASA Zona Constituci;FSC 100%-SA-FM/COC-004173;100% CERTIFICADO CERTFOR-CL21/819943415
826449;06-05-2026;12191;CE-27 ESPINALILLO YBAR;MG5;COSECHA;COSECHA;11:00;23:00;11:00;1:00;0;0;796625600;FORESTAL MILLALEMU Y CIA.LTDA.;2078008;1;796625600;MILLALEMU Y CIA.LTDA. FORESTAL MILLALEMU;;P0410RRCCAL1;CC;PIRA;375;T014;4;4,1;71,625;0;100;;0;P;Fresca;07-05-2026 00:12:41;06-05-2026;0;;GRAPPLE;;ASERRABLE;CN VINALES;VE2026;SI;FASA Zona Constituci;FASA Zona Constituci;FASA Zona Constituci;FSC 100%-SA-FM/COC-004173;100% CERTIFICADO CERTFOR-CL21/819943415
826454;06-05-2026;11734;COIHUECO Y OTROS (BB);S246;COSECHA;COSECHA;11:00;23:00;9:30;1:00;45;100;796625600;FORESTAL MILLALEMU Y CIA.LTDA.;2076896;1;796625600;MILLALEMU Y CIA.LTDA. FORESTAL MILLALEMU;;P0244NRCPLLF;CC;PIRA;;N048;2,44;2,44;1,596;0;16;4-Reparacion/Falla equipo de Trozado-0.5|5-Reparacion/Falla de equipo de clasificado/carguio-1;90;P;Quemada;07-05-2026 00:22:56;06-05-2026;0;;SKIDDER;;PULPABLE;CN RANQUIL;VE2026;SI;FASA Zona Chillán;FASA Zona Chillán;FASA Zona Chillán;FSC 100%-SA-FM/COC-004173;100% CERTIFICADO CERTFOR-CL21/819943415
826454;06-05-2026;11734;COIHUECO Y OTROS (BB);S246;COSECHA;COSECHA;11:00;23:00;9:30;1:00;45;100;796625600;FORESTAL MILLALEMU Y CIA.LTDA.;2076896;1;796625600;MILLALEMU Y CIA.LTDA. FORESTAL MILLALEMU;;P0265LRCCAL1;CC;PIRA;90;N051;2,6;2,65;30,69;0;110;4-Reparacion/Falla equipo de Trozado-0.5|5-Reparacion/Falla de equipo de clasificado/carguio-1;90;P;Quemada;07-05-2026 00:22:56;06-05-2026;0;;SKIDDER;;PODADO;CN LOG NVA ALDEA;VE2026;SI;FASA Zona Chillán;FASA Zona Chillán;FASA Zona Chillán;FSC 100%-SA-FM/COC-004173;100% CERTIFICADO CERTFOR-CL21/819943415
826454;06-05-2026;11734;COIHUECO Y OTROS (BB);S246;COSECHA;COSECHA;11:00;23:00;9:30;1:00;45;100;796625600;FORESTAL MILLALEMU Y CIA.LTDA.;2076896;1;796625600;MILLALEMU Y CIA.LTDA. FORESTAL MILLALEMU;;P0265MRCCAL1;CC;PIRA;85;N051;2,6;2,65;29,07;0;130;4-Reparacion/Falla equipo de Trozado-0.5|5-Reparacion/Falla de equipo de clasificado/carguio-1;90;P;Quemada;07-05-2026 00:22:56;06-05-2026;0;;SKIDDER;;ASERRABLE;CN LOG NVA ALDEA;VE2026;SI;FASA Zona Chillán;FASA Zona Chillán;FASA Zona Chillán;FSC 100%-SA-FM/COC-004173;100% CERTIFICADO CERTFOR-CL21/819943415
826454;06-05-2026;11734;COIHUECO Y OTROS (BB);S246;COSECHA;COSECHA;11:00;23:00;9:30;1:00;45;100;796625600;FORESTAL MILLALEMU Y CIA.LTDA.;2076896;1;796625600;MILLALEMU Y CIA.LTDA. FORESTAL MILLALEMU;;P0265PRCCAL1;CC;PIRA;0;N051;2,6;2,65;0;0;12;4-Reparacion/Falla equipo de Trozado-0.5|5-Reparacion/Falla de equipo de clasificado/carguio-1;90;P;Fresca;07-05-2026 00:22:56;06-05-2026;0;;SKIDDER;;PODADO;CN LOG NVA ALDEA;VE2026;SI;FASA Zona Chillán;FASA Zona Chillán;FASA Zona Chillán;FSC 100%-SA-FM/COC-004173;100% CERTIFICADO CERTFOR-CL21/819943415
826454;06-05-2026;11734;COIHUECO Y OTROS (BB);S246;COSECHA;COSECHA;11:00;23:00;9:30;1:00;45;100;796625600;FORESTAL MILLALEMU Y CIA.LTDA.;2076896;1;796625600;MILLALEMU Y CIA.LTDA. FORESTAL MILLALEMU;;P0265RRCCAL1;CC;PIRA;15;N051;2,6;2,65;5,13;0;93;4-Reparacion/Falla equipo de Trozado-0.5|5-Reparacion/Falla de equipo de clasificado/carguio-1;90;P;Fresca;07-05-2026 00:22:56;06-05-2026;0;;SKIDDER;;ASERRABLE;CN LOG NVA ALDEA;VE2026;SI;FASA Zona Chillán;FASA Zona Chillán;FASA Zona Chillán;FSC 100%-SA-FM/COC-004173;100% CERTIFICADO CERTFOR-CL21/819943415
826454;06-05-2026;11734;COIHUECO Y OTROS (BB);S246;COSECHA;COSECHA;11:00;23:00;9:30;1:00;45;100;796625600;FORESTAL MILLALEMU Y CIA.LTDA.;2076896;1;796625600;MILLALEMU Y CIA.LTDA. FORESTAL MILLALEMU;;P0350URCPLLF;CC;PIRA;;N011;3,5;3,5;13,736772;0;100;4-Reparacion/Falla equipo de Trozado-0.5|5-Reparacion/Falla de equipo de clasificado/carguio-1;90;P;Fresca;07-05-2026 00:22:56;06-05-2026;0;;SKIDDER;;PULPABLE;PTA NVA ALDEA;VE2026;SI;FASA Zona Chillán;FASA Zona Chillán;FASA Zona Chillán;FSC 100%-SA-FM/COC-004173;100% CERTIFICADO CERTFOR-CL21/819943415
826454;06-05-2026;11734;COIHUECO Y OTROS (BB);S246;COSECHA;COSECHA;11:00;23:00;9:30;1:00;45;100;796625600;FORESTAL MILLALEMU Y CIA.LTDA.;2076896;1;796625600;MILLALEMU Y CIA.LTDA. FORESTAL MILLALEMU;;P0375MRCCAL1;CC;PIRA;340;N051;3,65;3,75;77,52;0;250;4-Reparacion/Falla equipo de Trozado-0.5|5-Reparacion/Falla de equipo de clasificado/carguio-1;90;P;Quemada;07-05-2026 00:22:56;06-05-2026;0;;SKIDDER;;ASERRABLE;CN LOG NVA ALDEA;VE2026;SI;FASA Zona Chillán;FASA Zona Chillán;FASA Zona Chillán;FSC 100%-SA-FM/COC-004173;100% CERTIFICADO CERTFOR-CL21/819943415
826454;06-05-2026;11734;COIHUECO Y OTROS (BB);S246;COSECHA;COSECHA;11:00;23:00;9:30;1:00;45;100;796625600;FORESTAL MILLALEMU Y CIA.LTDA.;2076896;1;796625600;MILLALEMU Y CIA.LTDA. FORESTAL MILLALEMU;;P0375RRCCAL1;CC;PIRA;250;N051;3,65;3,75;57;0;480;4-Reparacion/Falla equipo de Trozado-0.5|5-Reparacion/Falla de equipo de clasificado/carguio-1;90;P;Fresca;07-05-2026 00:22:56;06-05-2026;0;;SKIDDER;;ASERRABLE;CN LOG NVA ALDEA;VE2026;SI;FASA Zona Chillán;FASA Zona Chillán;FASA Zona Chillán;FSC 100%-SA-FM/COC-004173;100% CERTIFICADO CERTFOR-CL21/819943415
826454;06-05-2026;11734;COIHUECO Y OTROS (BB);S246;COSECHA;COSECHA;11:00;23:00;9:30;1:00;45;100;796625600;FORESTAL MILLALEMU Y CIA.LTDA.;2076896;1;796625600;MILLALEMU Y CIA.LTDA. FORESTAL MILLALEMU;;P0400NRCPLLF;CC;PIRA;;N048;4;4;10,117451;0;26;4-Reparacion/Falla equipo de Trozado-0.5|5-Reparacion/Falla de equipo de clasificado/carguio-1;90;P;Quemada;07-05-2026 00:22:56;06-05-2026;0;;SKIDDER;;PULPABLE;CN RANQUIL;VE2026;SI;FASA Zona Chillán;FASA Zona Chillán;FASA Zona Chillán;FSC 100%-SA-FM/COC-004173;100% CERTIFICADO CERTFOR-CL21/819943415
826454;06-05-2026;11734;COIHUECO Y OTROS (BB);S246;COSECHA;COSECHA;11:00;23:00;9:30;1:00;45;100;796625600;FORESTAL MILLALEMU Y CIA.LTDA.;2076896;1;796625600;MILLALEMU Y CIA.LTDA. FORESTAL MILLALEMU;;P0400NRCPLLF;CC;PIRA;0;N048;4;4;10,117451;0;33;4-Reparacion/Falla equipo de Trozado-0.5|5-Reparacion/Falla de equipo de clasificado/carguio-1;90;P;Quemada;07-05-2026 00:22:56;;0;;SKIDDER;;PULPABLE;CN RANQUIL;VE2026;SI;FASA Zona Chillán;FASA Zona Chillán;FASA Zona Chillán;FSC 100%-SA-FM/COC-004173;100% CERTIFICADO CERTFOR-CL21/819943415
826463;06-05-2026;11983;EL CABRITO CBB;S123;COSECHA;COSECHA;11:00;20:00;7:30;0:30;39;280;796625600;FORESTAL MILLALEMU Y CIA.LTDA.;2074817;1;796625600;MILLALEMU Y CIA.LTDA. FORESTAL MILLALEMU;;P0244NRCPLLF;CC;PIRA;0;N048;2,44;2,44;0;0;42;22-Falta/abstecimiento de combustible equipo de proce-0.5|43-Colacion-0.5;60;P;Quemada;07-05-2026 00:50:06;06-05-2026;0;;SKIDDER;;PULPABLE;CN RANQUIL;VE2026;SI;FASA Zona Chillán;FASA Zona Chillán;FASA Zona Chillán;FSC 100%-SA-FM/COC-004173;100% CERTIFICADO CERTFOR-CL21/819943415
826463;06-05-2026;11983;EL CABRITO CBB;S123;COSECHA;COSECHA;11:00;20:00;7:30;0:30;39;280;796625600;FORESTAL MILLALEMU Y CIA.LTDA.;2074817;1;796625600;MILLALEMU Y CIA.LTDA. FORESTAL MILLALEMU;;P0244NRCPLSD;CC;PIRA;0;N048;2,44;2,44;7,98;0;18;22-Falta/abstecimiento de combustible equipo de proce-0.5|43-Colacion-0.5;60;P;Quemada;07-05-2026 00:50:06;;0;;SKIDDER;;PULPABLE;CN RANQUIL;VE2026;SI;FASA Zona Chillán;FASA Zona Chillán;FASA Zona Chillán;FSC 100%-SA-FM/COC-004173;100% CERTIFICADO CERTFOR-CL21/819943415
826463;06-05-2026;11983;EL CABRITO CBB;S123;COSECHA;COSECHA;11:00;20:00;7:30;0:30;39;280;796625600;FORESTAL MILLALEMU Y CIA.LTDA.;2074817;1;796625600;MILLALEMU Y CIA.LTDA. FORESTAL MILLALEMU;;P0265LRCCAL1;CC;PIRA;91;N051;2,6;2,65;31,213;0;216;22-Falta/abstecimiento de combustible equipo de proce-0.5|43-Colacion-0.5;60;P;Quemada;07-05-2026 00:50:06;06-05-2026;0;;SKIDDER;;PODADO;CN LOG NVA ALDEA;VE2026;SI;FASA Zona Chillán;FASA Zona Chillán;FASA Zona Chillán;FSC 100%-SA-FM/COC-004173;100% CERTIFICADO CERTFOR-CL21/819943415
826463;06-05-2026;11983;EL CABRITO CBB;S123;COSECHA;COSECHA;11:00;20:00;7:30;0:30;39;280;796625600;FORESTAL MILLALEMU Y CIA.LTDA.;2074817;1;796625600;MILLALEMU Y CIA.LTDA. FORESTAL MILLALEMU;;P0265MRCCAL1;CC;PIRA;186;N051;2,6;2,65;64,914;0;511;22-Falta/abstecimiento de combustible equipo de proce-0.5|43-Colacion-0.5;60;P;Quemada;07-05-2026 00:50:06;06-05-2026;0;;SKIDDER;;ASERRABLE;CN LOG NVA ALDEA;VE2026;SI;FASA Zona Chillán;FASA Zona Chillán;FASA Zona Chillán;FSC 100%-SA-FM/COC-004173;100% CERTIFICADO CERTFOR-CL21/819943415
826463;06-05-2026;11983;EL CABRITO CBB;S123;COSECHA;COSECHA;11:00;20:00;7:30;0:30;39;280;796625600;FORESTAL MILLALEMU Y CIA.LTDA.;2074817;1;796625600;MILLALEMU Y CIA.LTDA. FORESTAL MILLALEMU;;P0265RRCCAL1;CC;PIRA;10;N051;2,6;2,65;3,49;0;38;22-Falta/abstecimiento de combustible equipo de proce-0.5|43-Colacion-0.5;60;P;Fresca;07-05-2026 00:50:06;06-05-2026;0;;SKIDDER;;ASERRABLE;CN LOG NVA ALDEA;VE2026;SI;FASA Zona Chillán;FASA Zona Chillán;FASA Zona Chillán;FSC 100%-SA-FM/COC-004173;100% CERTIFICADO CERTFOR-CL21/819943415
826463;06-05-2026;11983;EL CABRITO CBB;S123;COSECHA;COSECHA;11:00;20:00;7:30;0:30;39;280;796625600;FORESTAL MILLALEMU Y CIA.LTDA.;2074817;1;796625600;MILLALEMU Y CIA.LTDA. FORESTAL MILLALEMU;;P0350URCPLLF;CC;PIRA;;N011;3,5;3,5;24,725232;0;128;22-Falta/abstecimiento de combustible equipo de proce-0.5|43-Colacion-0.5;60;P;Fresca;07-05-2026 00:50:06;06-05-2026;0;;SKIDDER;;PULPABLE;PTA NVA ALDEA;VE2026;SI;FASA Zona Chillán;FASA Zona Chillán;FASA Zona Chillán;FSC 100%-SA-FM/COC-004173;100% CERTIFICADO CERTFOR-CL21/819943415
826463;06-05-2026;11983;EL CABRITO CBB;S123;COSECHA;COSECHA;11:00;20:00;7:30;0:30;39;280;796625600;FORESTAL MILLALEMU Y CIA.LTDA.;2074817;1;796625600;MILLALEMU Y CIA.LTDA. FORESTAL MILLALEMU;;P0375MRCCAL1;CC;PIRA;141;N051;3,65;3,75;35,391;0;861;22-Falta/abstecimiento de combustible equipo de proce-0.5|43-Colacion-0.5;60;P;Quemada;07-05-2026 00:50:06;06-05-2026;0;;SKIDDER;;ASERRABLE;CN LOG NVA ALDEA;VE2026;SI;FASA Zona Chillán;FASA Zona Chillán;FASA Zona Chillán;FSC 100%-SA-FM/COC-004173;100% CERTIFICADO CERTFOR-CL21/819943415
826463;06-05-2026;11983;EL CABRITO CBB;S123;COSECHA;COSECHA;11:00;20:00;7:30;0:30;39;280;796625600;FORESTAL MILLALEMU Y CIA.LTDA.;2074817;1;796625600;MILLALEMU Y CIA.LTDA. FORESTAL MILLALEMU;;P0375RRCCAL1;CC;PIRA;108;N051;3,65;3,75;24,948;0;249;22-Falta/abstecimiento de combustible equipo de proce-0.5|43-Colacion-0.5;60;P;Fresca;07-05-2026 00:50:06;06-05-2026;0;;SKIDDER;;ASERRABLE;CN LOG NVA ALDEA;VE2026;SI;FASA Zona Chillán;FASA Zona Chillán;FASA Zona Chillán;FSC 100%-SA-FM/COC-004173;100% CERTIFICADO CERTFOR-CL21/819943415
826463;06-05-2026;11983;EL CABRITO CBB;S123;COSECHA;COSECHA;11:00;20:00;7:30;0:30;39;280;796625600;FORESTAL MILLALEMU Y CIA.LTDA.;2074817;1;796625600;MILLALEMU Y CIA.LTDA. FORESTAL MILLALEMU;;P0400NRCPLLF;CC;PIRA;;N048;4;4;19,730341;0;305;22-Falta/abstecimiento de combustible equipo de proce-0.5|43-Colacion-0.5;60;P;Quemada;07-05-2026 00:50:06;06-05-2026;0;;SKIDDER;;PULPABLE;CN RANQUIL;VE2026;SI;FASA Zona Chillán;FASA Zona Chillán;FASA Zona Chillán;FSC 100%-SA-FM/COC-004173;100% CERTIFICADO CERTFOR-CL21/819943415
826463;06-05-2026;11983;EL CABRITO CBB;S123;COSECHA;COSECHA;11:00;20:00;7:30;0:30;39;280;796625600;FORESTAL MILLALEMU Y CIA.LTDA.;2074817;1;796625600;MILLALEMU Y CIA.LTDA. FORESTAL MILLALEMU;;P0400NRCPLLF;CC;PIRA;0;N048;4;4;0;0;5;22-Falta/abstecimiento de combustible equipo de proce-0.5|43-Colacion-0.5;60;P;Quemada 2;07-05-2026 00:50:06;;0;;SKIDDER;;PULPABLE;CN RANQUIL;VE2026;SI;FASA Zona Chillán;FASA Zona Chillán;FASA Zona Chillán;FSC 100%-SA-FM/COC-004173;100% CERTIFICADO CERTFOR-CL21/819943415
826464;06-05-2026;11983;EL CABRITO CBB;S123;COSECHA;COSECHA;20:00;23:00;2:00;0:30;19;110;796625600;FORESTAL MILLALEMU Y CIA.LTDA.;2074817;1;796625600;MILLALEMU Y CIA.LTDA. FORESTAL MILLALEMU;;P0375MRCCAL1;CC;PIRA;89;N051;3,65;3,75;22,339;0;513;17-Falta de trozado-0.5;30;P;Manchada;07-05-2026 00:50:08;06-05-2026;0;;SKIDDER;;ASERRABLE;CN LOG NVA ALDEA;VE2026;SI;FASA Zona Chillán;FASA Zona Chillán;FASA Zona Chillán;FSC 100%-SA-FM/COC-004173;100% CERTIFICADO CERTFOR-CL21/819943415
826464;06-05-2026;11983;EL CABRITO CBB;S123;COSECHA;COSECHA;20:00;23:00;2:00;0:30;19;110;796625600;FORESTAL MILLALEMU Y CIA.LTDA.;2074817;1;796625600;MILLALEMU Y CIA.LTDA. FORESTAL MILLALEMU;;P0375RRCCAL1;CC;PIRA;245;N051;3,65;3,75;56,595;0;251;17-Falta de trozado-0.5;30;P;Manchada;07-05-2026 00:50:08;06-05-2026;0;;SKIDDER;;ASERRABLE;CN LOG NVA ALDEA;VE2026;SI;FASA Zona Chillán;FASA Zona Chillán;FASA Zona Chillán;FSC 100%-SA-FM/COC-004173;100% CERTIFICADO CERTFOR-CL21/819943415
826494;06-05-2026;10608;POLHUIN;T125;COSECHA;COSECHA;11:00;23:00;11:00;1:00;142;620;796625600;FORESTAL MILLALEMU Y CIA.LTDA.;2077147;1;796625600;MILLALEMU Y CIA.LTDA. FORESTAL MILLALEMU;;E0550UGCPLLF;CC;EUGL;;N011;5,5;5,5;281,13614;0;3110;;0;P;Fresca;07-05-2026 01:21:22;06-05-2026;0;;TORRE500;;PULPABLE;PTA NVA ALDEA;VE2026;SI;FASA Zona Constituci;FASA Zona Constituci;FASA Zona Constituci;FSC 100%-SA-FM/COC-004173;100% CERTIFICADO CERTFOR-CL21/819943415
826503;06-05-2026;11734;COIHUECO Y OTROS (BB);S58;COSECHA;COSECHA;13:00;23:00;7:00;1:00;36;250;796625600;FORESTAL MILLALEMU Y CIA.LTDA.;2077008;1;796625600;MILLALEMU Y CIA.LTDA. FORESTAL MILLALEMU;;P0244NRCPLLF;CC;PIRA;;N048;2,44;2,44;4,3092;0;29;33-Cancha o camino en mal estado-2;120;P;Quemada;07-05-2026 01:40:21;06-05-2026;0;;SKIDDER;;PULPABLE;CN RANQUIL;VE2026;SI;FASA Zona Chillán;FASA Zona Chillán;FASA Zona Chillán;FSC 100%-SA-FM/COC-004173;100% CERTIFICADO CERTFOR-CL21/819943415
826503;06-05-2026;11734;COIHUECO Y OTROS (BB);S58;COSECHA;COSECHA;13:00;23:00;7:00;1:00;36;250;796625600;FORESTAL MILLALEMU Y CIA.LTDA.;2077008;1;796625600;MILLALEMU Y CIA.LTDA. FORESTAL MILLALEMU;;P0244NRCPLSD;CC;PIRA;0;N048;2,44;2,44;67,032;0;177;33-Cancha o camino en mal estado-2;120;P;Quemada;07-05-2026 01:40:21;;0;;SKIDDER;;PULPABLE;CN RANQUIL;VE2026;SI;FASA Zona Chillán;FASA Zona Chillán;FASA Zona Chillán;FSC 100%-SA-FM/COC-004173;100% CERTIFICADO CERTFOR-CL21/819943415
826503;06-05-2026;11734;COIHUECO Y OTROS (BB);S58;COSECHA;COSECHA;13:00;23:00;7:00;1:00;36;250;796625600;FORESTAL MILLALEMU Y CIA.LTDA.;2077008;1;796625600;MILLALEMU Y CIA.LTDA. FORESTAL MILLALEMU;;P0265LRCCAL1;CC;PIRA;0;N051;2,6;2,65;0;0;170;33-Cancha o camino en mal estado-2;120;P;Quemada;07-05-2026 01:40:21;06-05-2026;0;;SKIDDER;;PODADO;CN LOG NVA ALDEA;VE2026;SI;FASA Zona Chillán;FASA Zona Chillán;FASA Zona Chillán;FSC 100%-SA-FM/COC-004173;100% CERTIFICADO CERTFOR-CL21/819943415
826503;06-05-2026;11734;COIHUECO Y OTROS (BB);S58;COSECHA;COSECHA;13:00;23:00;7:00;1:00;36;250;796625600;FORESTAL MILLALEMU Y CIA.LTDA.;2077008;1;796625600;MILLALEMU Y CIA.LTDA. FORESTAL MILLALEMU;;P0265MRCCAL1;CC;PIRA;36;N051;2,6;2,65;11,7;0;781;33-Cancha o camino en mal estado-2;120;P;Quemada;07-05-2026 01:40:21;06-05-2026;0;;SKIDDER;;ASERRABLE;CN LOG NVA ALDEA;VE2026;SI;FASA Zona Chillán;FASA Zona Chillán;FASA Zona Chillán;FSC 100%-SA-FM/COC-004173;100% CERTIFICADO CERTFOR-CL21/819943415
826503;06-05-2026;11734;COIHUECO Y OTROS (BB);S58;COSECHA;COSECHA;13:00;23:00;7:00;1:00;36;250;796625600;FORESTAL MILLALEMU Y CIA.LTDA.;2077008;1;796625600;MILLALEMU Y CIA.LTDA. FORESTAL MILLALEMU;;P0265RRCCAL1;CC;PIRA;0;N051;2,6;2,65;0;0;75;33-Cancha o camino en mal estado-2;120;P;Fresca;07-05-2026 01:40:21;06-05-2026;0;;SKIDDER;;ASERRABLE;CN LOG NVA ALDEA;VE2026;SI;FASA Zona Chillán;FASA Zona Chillán;FASA Zona Chillán;FSC 100%-SA-FM/COC-004173;100% CERTIFICADO CERTFOR-CL21/819943415
826503;06-05-2026;11734;COIHUECO Y OTROS (BB);S58;COSECHA;COSECHA;13:00;23:00;7:00;1:00;36;250;796625600;FORESTAL MILLALEMU Y CIA.LTDA.;2077008;1;796625600;MILLALEMU Y CIA.LTDA. FORESTAL MILLALEMU;;P0350URCPLLF;CC;PIRA;0;N011;3,5;3,5;0;0;55;33-Cancha o camino en mal estado-2;120;P;Fresca;07-05-2026 01:40:21;06-05-2026;0;;SKIDDER;;PULPABLE;PTA NVA ALDEA;VE2026;SI;FASA Zona Chillán;FASA Zona Chillán;FASA Zona Chillán;FSC 100%-SA-FM/COC-004173;100% CERTIFICADO CERTFOR-CL21/819943415
826503;06-05-2026;11734;COIHUECO Y OTROS (BB);S58;COSECHA;COSECHA;13:00;23:00;7:00;1:00;36;250;796625600;FORESTAL MILLALEMU Y CIA.LTDA.;2077008;1;796625600;MILLALEMU Y CIA.LTDA. FORESTAL MILLALEMU;;P0375MRCCAL1;CC;PIRA;30;N051;3,65;3,75;7,32;0;587;33-Cancha o camino en mal estado-2;120;P;Quemada;07-05-2026 01:40:21;06-05-2026;0;;SKIDDER;;ASERRABLE;CN LOG NVA ALDEA;VE2026;SI;FASA Zona Chillán;FASA Zona Chillán;FASA Zona Chillán;FSC 100%-SA-FM/COC-004173;100% CERTIFICADO CERTFOR-CL21/819943415
826503;06-05-2026;11734;COIHUECO Y OTROS (BB);S58;COSECHA;COSECHA;13:00;23:00;7:00;1:00;36;250;796625600;FORESTAL MILLALEMU Y CIA.LTDA.;2077008;1;796625600;MILLALEMU Y CIA.LTDA. FORESTAL MILLALEMU;;P0375RRCCAL1;CC;PIRA;9;N051;3,65;3,75;2,097;0;87;33-Cancha o camino en mal estado-2;120;P;Fresca;07-05-2026 01:40:21;06-05-2026;0;;SKIDDER;;ASERRABLE;CN LOG NVA ALDEA;VE2026;SI;FASA Zona Chillán;FASA Zona Chillán;FASA Zona Chillán;FSC 100%-SA-FM/COC-004173;100% CERTIFICADO CERTFOR-CL21/819943415
826503;06-05-2026;11734;COIHUECO Y OTROS (BB);S58;COSECHA;COSECHA;13:00;23:00;7:00;1:00;36;250;796625600;FORESTAL MILLALEMU Y CIA.LTDA.;2077008;1;796625600;MILLALEMU Y CIA.LTDA. FORESTAL MILLALEMU;;P0400NRCPLLF;CC;PIRA;;N048;4;4;23,018474;0;376;33-Cancha o camino en mal estado-2;120;P;Quemada;07-05-2026 01:40:21;06-05-2026;0;;SKIDDER;;PULPABLE;CN RANQUIL;VE2026;SI;FASA Zona Chillán;FASA Zona Chillán;FASA Zona Chillán;FSC 100%-SA-FM/COC-004173;100% CERTIFICADO CERTFOR-CL21/819943415
826503;06-05-2026;11734;COIHUECO Y OTROS (BB);S58;COSECHA;COSECHA;13:00;23:00;7:00;1:00;36;250;796625600;FORESTAL MILLALEMU Y CIA.LTDA.;2077008;1;796625600;MILLALEMU Y CIA.LTDA. FORESTAL MILLALEMU;;P0400NRCPLLF;CC;PIRA;0;N048;4;4;0;0;214;33-Cancha o camino en mal estado-2;120;P;Quemada;07-05-2026 01:40:21;;0;;SKIDDER;;PULPABLE;CN RANQUIL;VE2026;SI;FASA Zona Chillán;FASA Zona Chillán;FASA Zona Chillán;FSC 100%-SA-FM/COC-004173;100% CERTIFICADO CERTFOR-CL21/819943415
826506;06-05-2026;11734;COIHUECO Y OTROS (BB);S58;COSECHA;COSECHA;11:00;13:00;2:00;0:00;9;53;796625600;FORESTAL MILLALEMU Y CIA.LTDA.;2077008;1;796625600;MILLALEMU Y CIA.LTDA. FORESTAL MILLALEMU;;P0244NRCPLLF;CC;PIRA;;N048;2,44;2,44;6,5436;0;156;;0;P;Quemada 2;07-05-2026 01:46:42;06-05-2026;0;;SKIDDER;;PULPABLE;CN RANQUIL;VE2026;SI;FASA Zona Chillán;FASA Zona Chillán;FASA Zona Chillán;FSC 100%-SA-FM/COC-004173;100% CERTIFICADO CERTFOR-CL21/819943415
826506;06-05-2026;11734;COIHUECO Y OTROS (BB);S58;COSECHA;COSECHA;11:00;13:00;2:00;0:00;9;53;796625600;FORESTAL MILLALEMU Y CIA.LTDA.;2077008;1;796625600;MILLALEMU Y CIA.LTDA. FORESTAL MILLALEMU;;P0375MRCCAL1;CC;PIRA;115;N051;3,65;3,75;28,06;0;190;;0;P;Manchada;07-05-2026 01:46:42;06-05-2026;0;;SKIDDER;;ASERRABLE;CN LOG NVA ALDEA;VE2026;SI;FASA Zona Chillán;FASA Zona Chillán;FASA Zona Chillán;FSC 100%-SA-FM/COC-004173;100% CERTIFICADO CERTFOR-CL21/819943415
826506;06-05-2026;11734;COIHUECO Y OTROS (BB);S58;COSECHA;COSECHA;11:00;13:00;2:00;0:00;9;53;796625600;FORESTAL MILLALEMU Y CIA.LTDA.;2077008;1;796625600;MILLALEMU Y CIA.LTDA. FORESTAL MILLALEMU;;P0400NRCPLLF;CC;PIRA;;N048;4;4;12,141867;0;572;;0;P;Quemada 2;07-05-2026 01:46:42;06-05-2026;0;;SKIDDER;;PULPABLE;CN RANQUIL;VE2026;SI;FASA Zona Chillán;FASA Zona Chillán;FASA Zona Chillán;FSC 100%-SA-FM/COC-004173;100% CERTIFICADO CERTFOR-CL21/819943415
826509;06-05-2026;11734;COIHUECO Y OTROS (BB);TEA02;COSECHA;COSECHA;11:00;23:00;10:30;1:00;33;300;796625600;FORESTAL MILLALEMU Y CIA.LTDA.;2077558;1;796625600;MILLALEMU Y CIA.LTDA. FORESTAL MILLALEMU;;P0265LRCCAL1;CC;PIRA;74;N051;2,6;2,65;25,234;0;30;42-Descanso/Pausa programada-0.5;30;P;Quemada;07-05-2026 01:51:36;06-05-2026;0;;FORWINCH;;PODADO;CN LOG NVA ALDEA;VE2026;SI;FASA Zona Chillán;FASA Zona Chillán;FASA Zona Chillán;FSC 100%-SA-FM/COC-004173;100% CERTIFICADO CERTFOR-CL21/819943415
826509;06-05-2026;11734;COIHUECO Y OTROS (BB);TEA02;COSECHA;COSECHA;11:00;23:00;10:30;1:00;33;300;796625600;FORESTAL MILLALEMU Y CIA.LTDA.;2077558;1;796625600;MILLALEMU Y CIA.LTDA. FORESTAL MILLALEMU;;P0265MRCCAL1;CC;PIRA;59;N051;2,6;2,65;20,178;0;30;42-Descanso/Pausa programada-0.5;30;P;Quemada;07-05-2026 01:51:36;06-05-2026;0;;FORWINCH;;ASERRABLE;CN LOG NVA ALDEA;VE2026;SI;FASA Zona Chillán;FASA Zona Chillán;FASA Zona Chillán;FSC 100%-SA-FM/COC-004173;100% CERTIFICADO CERTFOR-CL21/819943415
826509;06-05-2026;11734;COIHUECO Y OTROS (BB);TEA02;COSECHA;COSECHA;11:00;23:00;10:30;1:00;33;300;796625600;FORESTAL MILLALEMU Y CIA.LTDA.;2077558;1;796625600;MILLALEMU Y CIA.LTDA. FORESTAL MILLALEMU;;P0375MRCCAL1;CC;PIRA;175;N051;3,65;3,75;39,9;0;30;42-Descanso/Pausa programada-0.5;30;P;Quemada;07-05-2026 01:51:36;06-05-2026;0;;FORWINCH;;ASERRABLE;CN LOG NVA ALDEA;VE2026;SI;FASA Zona Chillán;FASA Zona Chillán;FASA Zona Chillán;FSC 100%-SA-FM/COC-004173;100% CERTIFICADO CERTFOR-CL21/819943415
826509;06-05-2026;11734;COIHUECO Y OTROS (BB);TEA02;COSECHA;COSECHA;11:00;23:00;10:30;1:00;33;300;796625600;FORESTAL MILLALEMU Y CIA.LTDA.;2077558;1;796625600;MILLALEMU Y CIA.LTDA. FORESTAL MILLALEMU;;P0375RRCCAL1;CC;PIRA;18;N051;3,65;3,75;4,104;0;30;42-Descanso/Pausa programada-0.5;30;P;Fresca;07-05-2026 01:51:36;06-05-2026;0;;FORWINCH;;ASERRABLE;CN LOG NVA ALDEA;VE2026;SI;FASA Zona Chillán;FASA Zona Chillán;FASA Zona Chillán;FSC 100%-SA-FM/COC-004173;100% CERTIFICADO CERTFOR-CL21/819943415
826509;06-05-2026;11734;COIHUECO Y OTROS (BB);TEA02;COSECHA;COSECHA;11:00;23:00;10:30;1:00;33;300;796625600;FORESTAL MILLALEMU Y CIA.LTDA.;2077558;1;796625600;MILLALEMU Y CIA.LTDA. FORESTAL MILLALEMU;;P0400NRCPLLF;CC;PIRA;;N048;4;4;37,94237;0;60;42-Descanso/Pausa programada-0.5;30;P;Quemada;07-05-2026 01:51:36;06-05-2026;0;;FORWINCH;;PULPABLE;CN RANQUIL;VE2026;SI;FASA Zona Chillán;FASA Zona Chillán;FASA Zona Chillán;FSC 100%-SA-FM/COC-004173;100% CERTIFICADO CERTFOR-CL21/819943415
826525;06-05-2026;11748;LAS ULLOAS (BB);S223;COSECHA;COSECHA;11:00;23:00;3:00;1:00;20;7;796625600;FORESTAL MILLALEMU Y CIA.LTDA.;2076549;1;796625600;MILLALEMU Y CIA.LTDA. FORESTAL MILLALEMU;;P0244URCPLSD;CC;PIRA;0;N011;2,44;2,44;0;0;53;68-Sobre Shoveleo-8;480;P;Fresca;07-05-2026 02:09:06;06-05-2026;0;;SKIDDER;;PULPABLE;PTA NVA ALDEA;VE2026;SI;FASA Zona Chillán;FASA Zona Chillán;FASA Zona Chillán;FSC 100%-SA-FM/COC-004173;100% CERTIFICADO CERTFOR-CL21/819943415
826525;06-05-2026;11748;LAS ULLOAS (BB);S223;COSECHA;COSECHA;11:00;23:00;3:00;1:00;20;7;796625600;FORESTAL MILLALEMU Y CIA.LTDA.;2076549;1;796625600;MILLALEMU Y CIA.LTDA. FORESTAL MILLALEMU;;P0265LRCCAL1;CC;PIRA;4;N051;2,6;2,65;1,356;0;90;68-Sobre Shoveleo-8;480;P;Quemada;07-05-2026 02:09:06;06-05-2026;0;;SKIDDER;;PODADO;CN LOG NVA ALDEA;VE2026;SI;FASA Zona Chillán;FASA Zona Chillán;FASA Zona Chillán;FSC 100%-SA-FM/COC-004173;100% CERTIFICADO CERTFOR-CL21/819943415
826525;06-05-2026;11748;LAS ULLOAS (BB);S223;COSECHA;COSECHA;11:00;23:00;3:00;1:00;20;7;796625600;FORESTAL MILLALEMU Y CIA.LTDA.;2076549;1;796625600;MILLALEMU Y CIA.LTDA. FORESTAL MILLALEMU;;P0265MRCCAL1;CC;PIRA;15;N051;2,6;2,65;4,8;0;84;68-Sobre Shoveleo-8;480;P;Quemada;07-05-2026 02:09:06;06-05-2026;0;;SKIDDER;;ASERRABLE;CN LOG NVA ALDEA;VE2026;SI;FASA Zona Chillán;FASA Zona Chillán;FASA Zona Chillán;FSC 100%-SA-FM/COC-004173;100% CERTIFICADO CERTFOR-CL21/819943415
826525;06-05-2026;11748;LAS ULLOAS (BB);S223;COSECHA;COSECHA;11:00;23:00;3:00;1:00;20;7;796625600;FORESTAL MILLALEMU Y CIA.LTDA.;2076549;1;796625600;MILLALEMU Y CIA.LTDA. FORESTAL MILLALEMU;;P0300NRCPLVA;CC;PIRA;;N048;3;3;12,244288;0;434;68-Sobre Shoveleo-8;480;P;Quemada;07-05-2026 02:09:06;06-05-2026;0;;SKIDDER;;PULPABLE;CN RANQUIL;VE2026;SI;FASA Zona Chillán;FASA Zona Chillán;FASA Zona Chillán;FSC 100%-SA-FM/COC-004173;100% CERTIFICADO CERTFOR-CL21/819943415
826525;06-05-2026;11748;LAS ULLOAS (BB);S223;COSECHA;COSECHA;11:00;23:00;3:00;1:00;20;7;796625600;FORESTAL MILLALEMU Y CIA.LTDA.;2076549;1;796625600;MILLALEMU Y CIA.LTDA. FORESTAL MILLALEMU;;P0375MRCCAL1;CC;PIRA;20;N051;3,65;3,75;4,9;0;240;68-Sobre Shoveleo-8;480;P;Quemada;07-05-2026 02:09:06;06-05-2026;0;;SKIDDER;;ASERRABLE;CN LOG NVA ALDEA;VE2026;SI;FASA Zona Chillán;FASA Zona Chillán;FASA Zona Chillán;FSC 100%-SA-FM/COC-004173;100% CERTIFICADO CERTFOR-CL21/819943415
826525;06-05-2026;11748;LAS ULLOAS (BB);S223;COSECHA;COSECHA;11:00;23:00;3:00;1:00;20;7;796625600;FORESTAL MILLALEMU Y CIA.LTDA.;2076549;1;796625600;MILLALEMU Y CIA.LTDA. FORESTAL MILLALEMU;;P0375RRCCAL1;CC;PIRA;0;N051;3,65;3,75;0;0;9;68-Sobre Shoveleo-8;480;P;Fresca;07-05-2026 02:09:06;06-05-2026;0;;SKIDDER;;ASERRABLE;CN LOG NVA ALDEA;VE2026;SI;FASA Zona Chillán;FASA Zona Chillán;FASA Zona Chillán;FSC 100%-SA-FM/COC-004173;100% CERTIFICADO CERTFOR-CL21/819943415
826536;06-05-2026;11734;COIHUECO Y OTROS (BB);TEA08;COSECHA;COSECHA;11:00;23:00;0:30;1:00;2;50;796625600;FORESTAL MILLALEMU Y CIA.LTDA.;2076233;1;796625600;MILLALEMU Y CIA.LTDA. FORESTAL MILLALEMU;;P0244NRCPLLF;CC;PIRA;0;N048;2,39;2,44;0;0;0;4-Reparacion/Falla equipo de Trozado-10.5;630;P;Quemada;07-05-2026 02:41:57;06-05-2026;0;;FORWINCH;;PULPABLE;CN RANQUIL;VE2026;SI;FASA Zona Chillán;FASA Zona Chillán;FASA Zona Chillán;FSC 100%-SA-FM/COC-004173;100% CERTIFICADO CERTFOR-CL21/819943415
826571;07-05-2026;11734;COIHUECO Y OTROS (BB);S246;COSECHA;COSECHA;11:00;23:00;10:30;1:00;33;25;796625600;FORESTAL MILLALEMU Y CIA.LTDA.;2076896;1;796625600;MILLALEMU Y CIA.LTDA. FORESTAL MILLALEMU;;P0244NRCPLLF;CC;PIRA;;N048;2,44;2,44;0;0;16;4-Reparacion/Falla equipo de Trozado-0.5;30;P;Quemada;07-05-2026 23:52:18;07-05-2026;0;;SKIDDER;;PULPABLE;CN RANQUIL;VE2026;SI;FASA Zona Chillán;FASA Zona Chillán;FASA Zona Chillán;FSC 100%-SA-FM/COC-004173;100% CERTIFICADO CERTFOR-CL21/819943415
826571;07-05-2026;11734;COIHUECO Y OTROS (BB);S246;COSECHA;COSECHA;11:00;23:00;10:30;1:00;33;25;796625600;FORESTAL MILLALEMU Y CIA.LTDA.;2076896;1;796625600;MILLALEMU Y CIA.LTDA. FORESTAL MILLALEMU;;P0265LRCCAL1;CC;PIRA;115;N051;2,6;2,65;39,215;0;160;4-Reparacion/Falla equipo de Trozado-0.5;30;P;Quemada;07-05-2026 23:52:18;07-05-2026;0;;SKIDDER;;PODADO;CN LOG NVA ALDEA;VE2026;SI;FASA Zona Chillán;FASA Zona Chillán;FASA Zona Chillán;FSC 100%-SA-FM/COC-004173;100% CERTIFICADO CERTFOR-CL21/819943415
826571;07-05-2026;11734;COIHUECO Y OTROS (BB);S246;COSECHA;COSECHA;11:00;23:00;10:30;1:00;33;25;796625600;FORESTAL MILLALEMU Y CIA.LTDA.;2076896;1;796625600;MILLALEMU Y CIA.LTDA. FORESTAL MILLALEMU;;P0265MRCCAL1;CC;PIRA;120;N051;2,6;2,65;41,04;0;180;4-Reparacion/Falla equipo de Trozado-0.5;30;P;Quemada;07-05-2026 23:52:18;07-05-2026;0;;SKIDDER;;ASERRABLE;CN LOG NVA ALDEA;VE2026;SI;FASA Zona Chillán;FASA Zona Chillán;FASA Zona Chillán;FSC 100%-SA-FM/COC-004173;100% CERTIFICADO CERTFOR-CL21/819943415
826571;07-05-2026;11734;COIHUECO Y OTROS (BB);S246;COSECHA;COSECHA;11:00;23:00;10:30;1:00;33;25;796625600;FORESTAL MILLALEMU Y CIA.LTDA.;2076896;1;796625600;MILLALEMU Y CIA.LTDA. FORESTAL MILLALEMU;;P0265PRCCAL1;CC;PIRA;0;N051;2,6;2,65;0;0;10;4-Reparacion/Falla equipo de Trozado-0.5;30;P;Fresca;07-05-2026 23:52:18;07-05-2026;0;;SKIDDER;;PODADO;CN LOG NVA ALDEA;VE2026;SI;FASA Zona Chillán;FASA Zona Chillán;FASA Zona Chillán;FSC 100%-SA-FM/COC-004173;100% CERTIFICADO CERTFOR-CL21/819943415
826571;07-05-2026;11734;COIHUECO Y OTROS (BB);S246;COSECHA;COSECHA;11:00;23:00;10:30;1:00;33;25;796625600;FORESTAL MILLALEMU Y CIA.LTDA.;2076896;1;796625600;MILLALEMU Y CIA.LTDA. FORESTAL MILLALEMU;;P0265RRCCAL1;CC;PIRA;28;N051;2,6;2,65;9,576;0;90;4-Reparacion/Falla equipo de Trozado-0.5;30;P;Fresca;07-05-2026 23:52:18;07-05-2026;0;;SKIDDER;;ASERRABLE;CN LOG NVA ALDEA;VE2026;SI;FASA Zona Chillán;FASA Zona Chillán;FASA Zona Chillán;FSC 100%-SA-FM/COC-004173;100% CERTIFICADO CERTFOR-CL21/819943415
826571;07-05-2026;11734;COIHUECO Y OTROS (BB);S246;COSECHA;COSECHA;11:00;23:00;10:30;1:00;33;25;796625600;FORESTAL MILLALEMU Y CIA.LTDA.;2076896;1;796625600;MILLALEMU Y CIA.LTDA. FORESTAL MILLALEMU;;P0350URCPLLF;CC;PIRA;;N011;3,5;3,5;5,723256;0;95;4-Reparacion/Falla equipo de Trozado-0.5;30;P;Fresca;07-05-2026 23:52:18;07-05-2026;0;;SKIDDER;;PULPABLE;PTA NVA ALDEA;VE2026;SI;FASA Zona Chillán;FASA Zona Chillán;FASA Zona Chillán;FSC 100%-SA-FM/COC-004173;100% CERTIFICADO CERTFOR-CL21/819943415
826571;07-05-2026;11734;COIHUECO Y OTROS (BB);S246;COSECHA;COSECHA;11:00;23:00;10:30;1:00;33;25;796625600;FORESTAL MILLALEMU Y CIA.LTDA.;2076896;1;796625600;MILLALEMU Y CIA.LTDA. FORESTAL MILLALEMU;;P0375MRCCAL1;CC;PIRA;285;N051;3,65;3,75;65,265;0;310;4-Reparacion/Falla equipo de Trozado-0.5;30;P;Quemada;07-05-2026 23:52:18;07-05-2026;0;;SKIDDER;;ASERRABLE;CN LOG NVA ALDEA;VE2026;SI;FASA Zona Chillán;FASA Zona Chillán;FASA Zona Chillán;FSC 100%-SA-FM/COC-004173;100% CERTIFICADO CERTFOR-CL21/819943415
826571;07-05-2026;11734;COIHUECO Y OTROS (BB);S246;COSECHA;COSECHA;11:00;23:00;10:30;1:00;33;25;796625600;FORESTAL MILLALEMU Y CIA.LTDA.;2076896;1;796625600;MILLALEMU Y CIA.LTDA. FORESTAL MILLALEMU;;P0375RRCCAL1;CC;PIRA;145;N051;3,65;3,75;33,205;0;500;4-Reparacion/Falla equipo de Trozado-0.5;30;P;Fresca;07-05-2026 23:52:18;07-05-2026;0;;SKIDDER;;ASERRABLE;CN LOG NVA ALDEA;VE2026;SI;FASA Zona Chillán;FASA Zona Chillán;FASA Zona Chillán;FSC 100%-SA-FM/COC-004173;100% CERTIFICADO CERTFOR-CL21/819943415
826571;07-05-2026;11734;COIHUECO Y OTROS (BB);S246;COSECHA;COSECHA;11:00;23:00;10:30;1:00;33;25;796625600;FORESTAL MILLALEMU Y CIA.LTDA.;2076896;1;796625600;MILLALEMU Y CIA.LTDA. FORESTAL MILLALEMU;;P0400NRCPLLF;CC;PIRA;;N048;4;4;10,117451;0;35;4-Reparacion/Falla equipo de Trozado-0.5;30;P;Quemada;07-05-2026 23:52:18;07-05-2026;0;;SKIDDER;;PULPABLE;CN RANQUIL;VE2026;SI;FASA Zona Chillán;FASA Zona Chillán;FASA Zona Chillán;FSC 100%-SA-FM/COC-004173;100% CERTIFICADO CERTFOR-CL21/819943415
826571;07-05-2026;11734;COIHUECO Y OTROS (BB);S246;COSECHA;COSECHA;11:00;23:00;10:30;1:00;33;25;796625600;FORESTAL MILLALEMU Y CIA.LTDA.;2076896;1;796625600;MILLALEMU Y CIA.LTDA. FORESTAL MILLALEMU;;P0400NRCPLLF;CC;PIRA;0;N048;4;4;7,588474;0;38;4-Reparacion/Falla equipo de Trozado-0.5;30;P;Quemada;07-05-2026 23:52:18;;0;;SKIDDER;;PULPABLE;CN RANQUIL;VE2026;SI;FASA Zona Chillán;FASA Zona Chillán;FASA Zona Chillán;FSC 100%-SA-FM/COC-004173;100% CERTIFICADO CERTFOR-CL21/819943415
826575;07-05-2026;10608;POLHUIN;T125;COSECHA;COSECHA;11:00;23:00;9:00;1:00;133;200;796625600;FORESTAL MILLALEMU Y CIA.LTDA.;2076033;1;796625600;MILLALEMU Y CIA.LTDA. FORESTAL MILLALEMU;;E0550UGCPLLF;CC;EUGL;;N011;5,5;5,5;249,78556;0;3451;5-Reparacion/Falla de equipo de clasificado/carguio-2;120;P;Fresca;08-05-2026 00:05:41;07-05-2026;0;;TORRE500;;PULPABLE;PTA NVA ALDEA;VE2026;SI;FASA Zona Constituci;FASA Zona Constituci;FASA Zona Constituci;FSC 100%-SA-FM/COC-004173;100% CERTIFICADO CERTFOR-CL21/819943415
826577;07-05-2026;11734;COIHUECO Y OTROS (BB);S58;COSECHA;COSECHA;11:00;23:00;9:00;1:00;34;170;796625600;FORESTAL MILLALEMU Y CIA.LTDA.;2077008;1;796625600;MILLALEMU Y CIA.LTDA. FORESTAL MILLALEMU;;P0244NRCPLLF;CC;PIRA;;N048;2,44;2,44;15,96;0;20;4-Reparacion/Falla equipo de Trozado-2;120;P;Quemada;08-05-2026 00:10:41;07-05-2026;0;;SKIDDER;;PULPABLE;CN RANQUIL;VE2026;SI;FASA Zona Chillán;FASA Zona Chillán;FASA Zona Chillán;FSC 100%-SA-FM/COC-004173;100% CERTIFICADO CERTFOR-CL21/819943415
826577;07-05-2026;11734;COIHUECO Y OTROS (BB);S58;COSECHA;COSECHA;11:00;23:00;9:00;1:00;34;170;796625600;FORESTAL MILLALEMU Y CIA.LTDA.;2077008;1;796625600;MILLALEMU Y CIA.LTDA. FORESTAL MILLALEMU;;P0265LRCCAL1;CC;PIRA;6;N051;2,6;2,65;2,334;0;172;4-Reparacion/Falla equipo de Trozado-2;120;P;Quemada;08-05-2026 00:10:41;07-05-2026;0;;SKIDDER;;PODADO;CN LOG NVA ALDEA;VE2026;SI;FASA Zona Chillán;FASA Zona Chillán;FASA Zona Chillán;FSC 100%-SA-FM/COC-004173;100% CERTIFICADO CERTFOR-CL21/819943415
826577;07-05-2026;11734;COIHUECO Y OTROS (BB);S58;COSECHA;COSECHA;11:00;23:00;9:00;1:00;34;170;796625600;FORESTAL MILLALEMU Y CIA.LTDA.;2077008;1;796625600;MILLALEMU Y CIA.LTDA. FORESTAL MILLALEMU;;P0265MRCCAL1;CC;PIRA;69;N051;2,6;2,65;22,425;0;795;4-Reparacion/Falla equipo de Trozado-2;120;P;Quemada;08-05-2026 00:10:41;07-05-2026;0;;SKIDDER;;ASERRABLE;CN LOG NVA ALDEA;VE2026;SI;FASA Zona Chillán;FASA Zona Chillán;FASA Zona Chillán;FSC 100%-SA-FM/COC-004173;100% CERTIFICADO CERTFOR-CL21/819943415
826577;07-05-2026;11734;COIHUECO Y OTROS (BB);S58;COSECHA;COSECHA;11:00;23:00;9:00;1:00;34;170;796625600;FORESTAL MILLALEMU Y CIA.LTDA.;2077008;1;796625600;MILLALEMU Y CIA.LTDA. FORESTAL MILLALEMU;;P0375MRCCAL1;CC;PIRA;20;N051;3,65;3,75;4,88;0;592;4-Reparacion/Falla equipo de Trozado-2;120;P;Quemada;08-05-2026 00:10:41;07-05-2026;0;;SKIDDER;;ASERRABLE;CN LOG NVA ALDEA;VE2026;SI;FASA Zona Chillán;FASA Zona Chillán;FASA Zona Chillán;FSC 100%-SA-FM/COC-004173;100% CERTIFICADO CERTFOR-CL21/819943415
826577;07-05-2026;11734;COIHUECO Y OTROS (BB);S58;COSECHA;COSECHA;11:00;23:00;9:00;1:00;34;170;796625600;FORESTAL MILLALEMU Y CIA.LTDA.;2077008;1;796625600;MILLALEMU Y CIA.LTDA. FORESTAL MILLALEMU;;P0375RRCCAL1;CC;PIRA;125;N051;3,65;3,75;29,125;0;120;4-Reparacion/Falla equipo de Trozado-2;120;P;Manchada;08-05-2026 00:10:41;07-05-2026;0;;SKIDDER;;ASERRABLE;CN LOG NVA ALDEA;VE2026;SI;FASA Zona Chillán;FASA Zona Chillán;FASA Zona Chillán;FSC 100%-SA-FM/COC-004173;100% CERTIFICADO CERTFOR-CL21/819943415
826577;07-05-2026;11734;COIHUECO Y OTROS (BB);S58;COSECHA;COSECHA;11:00;23:00;9:00;1:00;34;170;796625600;FORESTAL MILLALEMU Y CIA.LTDA.;2077008;1;796625600;MILLALEMU Y CIA.LTDA. FORESTAL MILLALEMU;;P0400NRCPLLF;CC;PIRA;;N048;4;4;10,825688;0;230;4-Reparacion/Falla equipo de Trozado-2;120;P;Quemada 2;08-05-2026 00:10:41;07-05-2026;0;;SKIDDER;;PULPABLE;CN RANQUIL;VE2026;SI;FASA Zona Chillán;FASA Zona Chillán;FASA Zona Chillán;FSC 100%-SA-FM/COC-004173;100% CERTIFICADO CERTFOR-CL21/819943415
826577;07-05-2026;11734;COIHUECO Y OTROS (BB);S58;COSECHA;COSECHA;11:00;23:00;9:00;1:00;34;170;796625600;FORESTAL MILLALEMU Y CIA.LTDA.;2077008;1;796625600;MILLALEMU Y CIA.LTDA. FORESTAL MILLALEMU;;P0400NRCPLLF;CC;PIRA;0;N048;4;4;44,924445;0;420;4-Reparacion/Falla equipo de Trozado-2;120;P;Quemada;08-05-2026 00:10:41;;0;;SKIDDER;;PULPABLE;CN RANQUIL;VE2026;SI;FASA Zona Chillán;FASA Zona Chillán;FASA Zona Chillán;FSC 100%-SA-FM/COC-004173;100% CERTIFICADO CERTFOR-CL21/819943415
826604;07-05-2026;11734;COIHUECO Y OTROS (BB);TEA02;COSECHA;COSECHA;11:00;23:00;9:00;1:00;45;100;796625600;FORESTAL MILLALEMU Y CIA.LTDA.;2077558;1;796625600;MILLALEMU Y CIA.LTDA. FORESTAL MILLALEMU;;P0244NRCPLLF;CC;PIRA;;N048;2,44;2,44;4,788;0;10;7- Mantencion equipo de volteo-2;120;P;Quemada;08-05-2026 01:07:04;07-05-2026;0;;FORWINCH;;PULPABLE;CN RANQUIL;VE2026;SI;FASA Zona Chillán;FASA Zona Chillán;FASA Zona Chillán;FSC 100%-SA-FM/COC-004173;100% CERTIFICADO CERTFOR-CL21/819943415
826604;07-05-2026;11734;COIHUECO Y OTROS (BB);TEA02;COSECHA;COSECHA;11:00;23:00;9:00;1:00;45;100;796625600;FORESTAL MILLALEMU Y CIA.LTDA.;2077558;1;796625600;MILLALEMU Y CIA.LTDA. FORESTAL MILLALEMU;;P0265LRCCAL1;CC;PIRA;48;N051;2,6;2,65;16,368;0;22;7- Mantencion equipo de volteo-2;120;P;Quemada;08-05-2026 01:07:04;07-05-2026;0;;FORWINCH;;PODADO;CN LOG NVA ALDEA;VE2026;SI;FASA Zona Chillán;FASA Zona Chillán;FASA Zona Chillán;FSC 100%-SA-FM/COC-004173;100% CERTIFICADO CERTFOR-CL21/819943415
826604;07-05-2026;11734;COIHUECO Y OTROS (BB);TEA02;COSECHA;COSECHA;11:00;23:00;9:00;1:00;45;100;796625600;FORESTAL MILLALEMU Y CIA.LTDA.;2077558;1;796625600;MILLALEMU Y CIA.LTDA. FORESTAL MILLALEMU;;P0265MRCCAL1;CC;PIRA;116;N051;2,6;2,65;39,672;0;60;7- Mantencion equipo de volteo-2;120;P;Quemada;08-05-2026 01:07:04;07-05-2026;0;;FORWINCH;;ASERRABLE;CN LOG NVA ALDEA;VE2026;SI;FASA Zona Chillán;FASA Zona Chillán;FASA Zona Chillán;FSC 100%-SA-FM/COC-004173;100% CERTIFICADO CERTFOR-CL21/819943415
826604;07-05-2026;11734;COIHUECO Y OTROS (BB);TEA02;COSECHA;COSECHA;11:00;23:00;9:00;1:00;45;100;796625600;FORESTAL MILLALEMU Y CIA.LTDA.;2077558;1;796625600;MILLALEMU Y CIA.LTDA. FORESTAL MILLALEMU;;P0350URCPLLF;CC;PIRA;;N011;3,5;3,5;7,715064;0;22;7- Mantencion equipo de volteo-2;120;P;Fresca;08-05-2026 01:07:04;07-05-2026;0;;FORWINCH;;PULPABLE;PTA NVA ALDEA;VE2026;SI;FASA Zona Chillán;FASA Zona Chillán;FASA Zona Chillán;FSC 100%-SA-FM/COC-004173;100% CERTIFICADO CERTFOR-CL21/819943415
826604;07-05-2026;11734;COIHUECO Y OTROS (BB);TEA02;COSECHA;COSECHA;11:00;23:00;9:00;1:00;45;100;796625600;FORESTAL MILLALEMU Y CIA.LTDA.;2077558;1;796625600;MILLALEMU Y CIA.LTDA. FORESTAL MILLALEMU;;P0375MRCCAL1;CC;PIRA;73;N051;3,65;3,75;16,717;0;30;7- Mantencion equipo de volteo-2;120;P;Quemada;08-05-2026 01:07:04;07-05-2026;0;;FORWINCH;;ASERRABLE;CN LOG NVA ALDEA;VE2026;SI;FASA Zona Chillán;FASA Zona Chillán;FASA Zona Chillán;FSC 100%-SA-FM/COC-004173;100% CERTIFICADO CERTFOR-CL21/819943415
826604;07-05-2026;11734;COIHUECO Y OTROS (BB);TEA02;COSECHA;COSECHA;11:00;23:00;9:00;1:00;45;100;796625600;FORESTAL MILLALEMU Y CIA.LTDA.;2077558;1;796625600;MILLALEMU Y CIA.LTDA. FORESTAL MILLALEMU;;P0375RRCCAL1;CC;PIRA;67;N051;3,65;3,75;15,343;0;40;7- Mantencion equipo de volteo-2;120;P;Fresca;08-05-2026 01:07:04;07-05-2026;0;;FORWINCH;;ASERRABLE;CN LOG NVA ALDEA;VE2026;SI;FASA Zona Chillán;FASA Zona Chillán;FASA Zona Chillán;FSC 100%-SA-FM/COC-004173;100% CERTIFICADO CERTFOR-CL21/819943415
826604;07-05-2026;11734;COIHUECO Y OTROS (BB);TEA02;COSECHA;COSECHA;11:00;23:00;9:00;1:00;45;100;796625600;FORESTAL MILLALEMU Y CIA.LTDA.;2077558;1;796625600;MILLALEMU Y CIA.LTDA. FORESTAL MILLALEMU;;P0400NRCPLLF;CC;PIRA;;N048;4;4;8,525075;0;40;7- Mantencion equipo de volteo-2;120;P;Quemada;08-05-2026 01:07:04;07-05-2026;0;;FORWINCH;;PULPABLE;CN RANQUIL;VE2026;SI;FASA Zona Chillán;FASA Zona Chillán;FASA Zona Chillán;FSC 100%-SA-FM/COC-004173;100% CERTIFICADO CERTFOR-CL21/819943415
826605;07-05-2026;12191;CE-27 ESPINALILLO YBAR;MG5;COSECHA;COSECHA;11:00;17:15;5:30;0:30;73;909;796625600;FORESTAL MILLALEMU Y CIA.LTDA.;2078008;1;796625600;MILLALEMU Y CIA.LTDA. FORESTAL MILLALEMU;;P0244URC18-38;CC;PIRA;;T010;2,44;2,44;41,63964;0;266;42-Descanso/Pausa programada-0.25;15;P;Fresca;08-05-2026 01:15:15;07-05-2026;0;;GRAPPLE;;PULPABLE;CP CONSTITUCION;VE2026;SI;FASA Zona Constituci;FASA Zona Constituci;FASA Zona Constituci;FSC 100%-SA-FM/COC-004173;100% CERTIFICADO CERTFOR-CL21/819943415
826605;07-05-2026;12191;CE-27 ESPINALILLO YBAR;MG5;COSECHA;COSECHA;11:00;17:15;5:30;0:30;73;909;796625600;FORESTAL MILLALEMU Y CIA.LTDA.;2078008;1;796625600;MILLALEMU Y CIA.LTDA. FORESTAL MILLALEMU;;P0244URC8-16;CC;PIRA;;T010;2,44;2,44;41,44812;0;401;42-Descanso/Pausa programada-0.25;15;P;Fresca;08-05-2026 01:15:15;07-05-2026;0;;GRAPPLE;;PULPABLE;CP CONSTITUCION;VE2026;SI;FASA Zona Constituci;FASA Zona Constituci;FASA Zona Constituci;FSC 100%-SA-FM/COC-004173;100% CERTIFICADO CERTFOR-CL21/819943415
826605;07-05-2026;12191;CE-27 ESPINALILLO YBAR;MG5;COSECHA;COSECHA;11:00;17:15;5:30;0:30;73;909;796625600;FORESTAL MILLALEMU Y CIA.LTDA.;2078008;1;796625600;MILLALEMU Y CIA.LTDA. FORESTAL MILLALEMU;;P0410RRCCAL1;CC;PIRA;281;T014;4;4,1;53,671;0;263;42-Descanso/Pausa programada-0.25;15;P;Fresca;08-05-2026 01:15:15;07-05-2026;0;;GRAPPLE;;ASERRABLE;CN VINALES;VE2026;SI;FASA Zona Constituci;FASA Zona Constituci;FASA Zona Constituci;FSC 100%-SA-FM/COC-004173;100% CERTIFICADO CERTFOR-CL21/819943415
826608;07-05-2026;12191;CE-27 ESPINALILLO YBAR;MG5;COSECHA;COSECHA;17:15;23:00;5:00;0:30;0;0;796625600;FORESTAL MILLALEMU Y CIA.LTDA.;2078007;1;796625600;MILLALEMU Y CIA.LTDA. FORESTAL MILLALEMU;;P0244URC18-38;CC;PIRA;;T010;2,44;2,44;8,25132;0;28;42-Descanso/Pausa programada-0.25;15;P;Fresca;08-05-2026 01:20:23;07-05-2026;0;;GRAPPLE;;PULPABLE;CP CONSTITUCION;VE2026;SI;FASA Zona Constituci;FASA Zona Constituci;FASA Zona Constituci;FSC 100%-SA-FM/COC-004173;100% CERTIFICADO CERTFOR-CL21/819943415
826608;07-05-2026;12191;CE-27 ESPINALILLO YBAR;MG5;COSECHA;COSECHA;17:15;23:00;5:00;0:30;0;0;796625600;FORESTAL MILLALEMU Y CIA.LTDA.;2078007;1;796625600;MILLALEMU Y CIA.LTDA. FORESTAL MILLALEMU;;P0244URC8-16;CC;PIRA;;T010;2,44;2,44;8,6184;0;50;42-Descanso/Pausa programada-0.25;15;P;Fresca;08-05-2026 01:20:23;07-05-2026;0;;GRAPPLE;;PULPABLE;CP CONSTITUCION;VE2026;SI;FASA Zona Constituci;FASA Zona Constituci;FASA Zona Constituci;FSC 100%-SA-FM/COC-004173;100% CERTIFICADO CERTFOR-CL21/819943415
826608;07-05-2026;12191;CE-27 ESPINALILLO YBAR;MG5;COSECHA;COSECHA;17:15;23:00;5:00;0:30;0;0;796625600;FORESTAL MILLALEMU Y CIA.LTDA.;2078007;1;796625600;MILLALEMU Y CIA.LTDA. FORESTAL MILLALEMU;;P0410RRCCAL1;CC;PIRA;109;T014;4;4,1;20,71;0;68;42-Descanso/Pausa programada-0.25;15;P;Fresca;08-05-2026 01:20:23;07-05-2026;0;;GRAPPLE;;ASERRABLE;CN VINALES;VE2026;SI;FASA Zona Constituci;FASA Zona Constituci;FASA Zona Constituci;FSC 100%-SA-FM/COC-004173;100% CERTIFICADO CERTFOR-CL21/819943415
826612;07-05-2026;11983;EL CABRITO CBB;S123;COSECHA;COSECHA;11:00;20:00;6:00;0:30;55;300;796625600;FORESTAL MILLALEMU Y CIA.LTDA.;2074817;1;796625600;MILLALEMU Y CIA.LTDA. FORESTAL MILLALEMU;;P0244NRCPLLF;CC;PIRA;;N048;2,44;2,44;15,96;0;57;17-Falta de trozado-2.25|42-Descanso/Pausa programada-0.25;150;P;Quemada;08-05-2026 01:26:54;07-05-2026;0;;SKIDDER;;PULPABLE;CN RANQUIL;VE2026;SI;FASA Zona Chillán;FASA Zona Chillán;FASA Zona Chillán;FSC 100%-SA-FM/COC-004173;100% CERTIFICADO CERTFOR-CL21/819943415
826612;07-05-2026;11983;EL CABRITO CBB;S123;COSECHA;COSECHA;11:00;20:00;6:00;0:30;55;300;796625600;FORESTAL MILLALEMU Y CIA.LTDA.;2074817;1;796625600;MILLALEMU Y CIA.LTDA. FORESTAL MILLALEMU;;P0265LRCCAL1;CC;PIRA;82;N051;2,6;2,65;28,126;0;244;17-Falta de trozado-2.25|42-Descanso/Pausa programada-0.25;150;P;Quemada;08-05-2026 01:26:54;07-05-2026;0;;SKIDDER;;PODADO;CN LOG NVA ALDEA;VE2026;SI;FASA Zona Chillán;FASA Zona Chillán;FASA Zona Chillán;FSC 100%-SA-FM/COC-004173;100% CERTIFICADO CERTFOR-CL21/819943415
826612;07-05-2026;11983;EL CABRITO CBB;S123;COSECHA;COSECHA;11:00;20:00;6:00;0:30;55;300;796625600;FORESTAL MILLALEMU Y CIA.LTDA.;2074817;1;796625600;MILLALEMU Y CIA.LTDA. FORESTAL MILLALEMU;;P0265MRCCAL1;CC;PIRA;89;N051;2,6;2,65;31,061;0;542;17-Falta de trozado-2.25|42-Descanso/Pausa programada-0.25;150;P;Quemada;08-05-2026 01:26:54;07-05-2026;0;;SKIDDER;;ASERRABLE;CN LOG NVA ALDEA;VE2026;SI;FASA Zona Chillán;FASA Zona Chillán;FASA Zona Chillán;FSC 100%-SA-FM/COC-004173;100% CERTIFICADO CERTFOR-CL21/819943415
826612;07-05-2026;11983;EL CABRITO CBB;S123;COSECHA;COSECHA;11:00;20:00;6:00;0:30;55;300;796625600;FORESTAL MILLALEMU Y CIA.LTDA.;2074817;1;796625600;MILLALEMU Y CIA.LTDA. FORESTAL MILLALEMU;;P0265RRCCAL1;CC;PIRA;3;N051;2,6;2,65;1,047;0;39;17-Falta de trozado-2.25|42-Descanso/Pausa programada-0.25;150;P;Fresca;08-05-2026 01:26:54;07-05-2026;0;;SKIDDER;;ASERRABLE;CN LOG NVA ALDEA;VE2026;SI;FASA Zona Chillán;FASA Zona Chillán;FASA Zona Chillán;FSC 100%-SA-FM/COC-004173;100% CERTIFICADO CERTFOR-CL21/819943415
826612;07-05-2026;11983;EL CABRITO CBB;S123;COSECHA;COSECHA;11:00;20:00;6:00;0:30;55;300;796625600;FORESTAL MILLALEMU Y CIA.LTDA.;2074817;1;796625600;MILLALEMU Y CIA.LTDA. FORESTAL MILLALEMU;;P0350URCPLLF;CC;PIRA;;N011;3,5;3,5;14,364;0;142;17-Falta de trozado-2.25|42-Descanso/Pausa programada-0.25;150;P;Fresca;08-05-2026 01:26:54;07-05-2026;0;;SKIDDER;;PULPABLE;PTA NVA ALDEA;VE2026;SI;FASA Zona Chillán;FASA Zona Chillán;FASA Zona Chillán;FSC 100%-SA-FM/COC-004173;100% CERTIFICADO CERTFOR-CL21/819943415
826612;07-05-2026;11983;EL CABRITO CBB;S123;COSECHA;COSECHA;11:00;20:00;6:00;0:30;55;300;796625600;FORESTAL MILLALEMU Y CIA.LTDA.;2074817;1;796625600;MILLALEMU Y CIA.LTDA. FORESTAL MILLALEMU;;P0375MRCCAL1;CC;PIRA;166;N051;3,65;3,75;41,666;0;902;17-Falta de trozado-2.25|42-Descanso/Pausa programada-0.25;150;P;Quemada;08-05-2026 01:26:54;07-05-2026;0;;SKIDDER;;ASERRABLE;CN LOG NVA ALDEA;VE2026;SI;FASA Zona Chillán;FASA Zona Chillán;FASA Zona Chillán;FSC 100%-SA-FM/COC-004173;100% CERTIFICADO CERTFOR-CL21/819943415
826612;07-05-2026;11983;EL CABRITO CBB;S123;COSECHA;COSECHA;11:00;20:00;6:00;0:30;55;300;796625600;FORESTAL MILLALEMU Y CIA.LTDA.;2074817;1;796625600;MILLALEMU Y CIA.LTDA. FORESTAL MILLALEMU;;P0375RRCCAL1;CC;PIRA;119;N051;3,65;3,75;27,489;0;276;17-Falta de trozado-2.25|42-Descanso/Pausa programada-0.25;150;P;Fresca;08-05-2026 01:26:54;07-05-2026;0;;SKIDDER;;ASERRABLE;CN LOG NVA ALDEA;VE2026;SI;FASA Zona Chillán;FASA Zona Chillán;FASA Zona Chillán;FSC 100%-SA-FM/COC-004173;100% CERTIFICADO CERTFOR-CL21/819943415
826612;07-05-2026;11983;EL CABRITO CBB;S123;COSECHA;COSECHA;11:00;20:00;6:00;0:30;55;300;796625600;FORESTAL MILLALEMU Y CIA.LTDA.;2074817;1;796625600;MILLALEMU Y CIA.LTDA. FORESTAL MILLALEMU;;P0400NRCPLLF;CC;PIRA;;N048;4;4;0;0;5;17-Falta de trozado-2.25|42-Descanso/Pausa programada-0.25;150;P;Quemada;08-05-2026 01:26:54;07-05-2026;0;;SKIDDER;;PULPABLE;CN RANQUIL;VE2026;SI;FASA Zona Chillán;FASA Zona Chillán;FASA Zona Chillán;FSC 100%-SA-FM/COC-004173;100% CERTIFICADO CERTFOR-CL21/819943415
826612;07-05-2026;11983;EL CABRITO CBB;S123;COSECHA;COSECHA;11:00;20:00;6:00;0:30;55;300;796625600;FORESTAL MILLALEMU Y CIA.LTDA.;2074817;1;796625600;MILLALEMU Y CIA.LTDA. FORESTAL MILLALEMU;;P0400NRCPLLF;CC;PIRA;;N048;4;4;57,091;0;360;17-Falta de trozado-2.25|42-Descanso/Pausa programada-0.25;150;P;Quemada;08-05-2026 01:26:54;07-05-2026;0;;SKIDDER;;PULPABLE;CN RANQUIL;VE2026;SI;FASA Zona Chillán;FASA Zona Chillán;FASA Zona Chillán;FSC 100%-SA-FM/COC-004173;100% CERTIFICADO CERTFOR-CL21/819943415
826615;07-05-2026;11983;EL CABRITO CBB;S123;COSECHA;COSECHA;20:00;23:00;2:15;0:30;19;76;796625600;FORESTAL MILLALEMU Y CIA.LTDA.;2074817;1;796625600;MILLALEMU Y CIA.LTDA. FORESTAL MILLALEMU;;P0265MRCCAL1;CC;PIRA;0;N051;2,6;2,65;0;0;4;42-Descanso/Pausa programada-0.25;15;P;Manchada;08-05-2026 01:31:01;07-05-2026;0;;SKIDDER;;ASERRABLE;CN LOG NVA ALDEA;VE2026;SI;FASA Zona Chillán;FASA Zona Chillán;FASA Zona Chillán;FSC 100%-SA-FM/COC-004173;100% CERTIFICADO CERTFOR-CL21/819943415
826615;07-05-2026;11983;EL CABRITO CBB;S123;COSECHA;COSECHA;20:00;23:00;2:15;0:30;19;76;796625600;FORESTAL MILLALEMU Y CIA.LTDA.;2074817;1;796625600;MILLALEMU Y CIA.LTDA. FORESTAL MILLALEMU;;P0375MRCCAL1;CC;PIRA;161;N051;3,65;3,75;40,411;0;553;42-Descanso/Pausa programada-0.25;15;P;Manchada;08-05-2026 01:31:01;07-05-2026;0;;SKIDDER;;ASERRABLE;CN LOG NVA ALDEA;VE2026;SI;FASA Zona Chillán;FASA Zona Chillán;FASA Zona Chillán;FSC 100%-SA-FM/COC-004173;100% CERTIFICADO CERTFOR-CL21/819943415
826615;07-05-2026;11983;EL CABRITO CBB;S123;COSECHA;COSECHA;20:00;23:00;2:15;0:30;19;76;796625600;FORESTAL MILLALEMU Y CIA.LTDA.;2074817;1;796625600;MILLALEMU Y CIA.LTDA. FORESTAL MILLALEMU;;P0375RRCCAL1;CC;PIRA;182;N051;3,65;3,75;42,042;0;293;42-Descanso/Pausa programada-0.25;15;P;Manchada;08-05-2026 01:31:01;07-05-2026;0;;SKIDDER;;ASERRABLE;CN LOG NVA ALDEA;VE2026;SI;FASA Zona Chillán;FASA Zona Chillán;FASA Zona Chillán;FSC 100%-SA-FM/COC-004173;100% CERTIFICADO CERTFOR-CL21/819943415
826627;07-05-2026;11748;LAS ULLOAS (BB);S223;COSECHA;COSECHA;11:00;23:00;4:00;1:00;30;7;796625600;FORESTAL MILLALEMU Y CIA.LTDA.;2076574;1;796625600;MILLALEMU Y CIA.LTDA. FORESTAL MILLALEMU;;P0265LRCCAL1;CC;PIRA;6;N051;2,6;2,65;1,854;0;75;8-Mantencion equipo de madereo-7;420;P;Quemada;08-05-2026 01:53:09;07-05-2026;0;;SKIDDER;;PODADO;CN LOG NVA ALDEA;VE2026;SI;FASA Zona Chillán;FASA Zona Chillán;FASA Zona Chillán;FSC 100%-SA-FM/COC-004173;100% CERTIFICADO CERTFOR-CL21/819943415
826627;07-05-2026;11748;LAS ULLOAS (BB);S223;COSECHA;COSECHA;11:00;23:00;4:00;1:00;30;7;796625600;FORESTAL MILLALEMU Y CIA.LTDA.;2076574;1;796625600;MILLALEMU Y CIA.LTDA. FORESTAL MILLALEMU;;P0265MRCCAL1;CC;PIRA;27;N051;2,6;2,65;8,64;0;60;8-Mantencion equipo de madereo-7;420;P;Quemada;08-05-2026 01:53:09;07-05-2026;0;;SKIDDER;;ASERRABLE;CN LOG NVA ALDEA;VE2026;SI;FASA Zona Chillán;FASA Zona Chillán;FASA Zona Chillán;FSC 100%-SA-FM/COC-004173;100% CERTIFICADO CERTFOR-CL21/819943415
826627;07-05-2026;11748;LAS ULLOAS (BB);S223;COSECHA;COSECHA;11:00;23:00;4:00;1:00;30;7;796625600;FORESTAL MILLALEMU Y CIA.LTDA.;2076574;1;796625600;MILLALEMU Y CIA.LTDA. FORESTAL MILLALEMU;;P0300NRCPLVA;CC;PIRA;;N048;3;3;11,029235;0;500;8-Mantencion equipo de madereo-7;420;P;Quemada;08-05-2026 01:53:09;07-05-2026;0;;SKIDDER;;PULPABLE;CN RANQUIL;VE2026;SI;FASA Zona Chillán;FASA Zona Chillán;FASA Zona Chillán;FSC 100%-SA-FM/COC-004173;100% CERTIFICADO CERTFOR-CL21/819943415
826627;07-05-2026;11748;LAS ULLOAS (BB);S223;COSECHA;COSECHA;11:00;23:00;4:00;1:00;30;7;796625600;FORESTAL MILLALEMU Y CIA.LTDA.;2076574;1;796625600;MILLALEMU Y CIA.LTDA. FORESTAL MILLALEMU;;P0375MRCCAL1;CC;PIRA;52;N051;3,65;3,75;11,596;0;100;8-Mantencion equipo de madereo-7;420;P;Quemada;08-05-2026 01:53:09;07-05-2026;0;;SKIDDER;;ASERRABLE;CN LOG NVA ALDEA;VE2026;SI;FASA Zona Chillán;FASA Zona Chillán;FASA Zona Chillán;FSC 100%-SA-FM/COC-004173;100% CERTIFICADO CERTFOR-CL21/819943415
826648;07-05-2026;11734;COIHUECO Y OTROS (BB);TEA08;COSECHA;COSECHA;11:00;23:00;0:30;1:00;35;150;796625600;FORESTAL MILLALEMU Y CIA.LTDA.;2076233;1;796625600;MILLALEMU Y CIA.LTDA. FORESTAL MILLALEMU;;P0244NRCPLLF;CC;PIRA;0;N048;2,39;2,44;0;0;0;4-Reparacion/Falla equipo de Trozado-10.5;630;P;Quemada;08-05-2026 02:11:58;07-05-2026;0;;FORWINCH;;PULPABLE;CN RANQUIL;VE2026;SI;FASA Zona Chillán;FASA Zona Chillán;FASA Zona Chillán;FSC 100%-SA-FM/COC-004173;100% CERTIFICADO CERTFOR-CL21/819943415
826709;08-05-2026;11734;COIHUECO Y OTROS (BB);S246;COSECHA;COSECHA;11:00;23:00;8:00;1:00;55;0;796625600;FORESTAL MILLALEMU Y CIA.LTDA.;2076896;1;796625600;MILLALEMU Y CIA.LTDA. FORESTAL MILLALEMU;;P0244NRCPLLF;CC;PIRA;0;N048;2,44;2,44;0;0;16;13-Traslados dentro del predio (cancha, sector)-3;180;P;Quemada;08-05-2026 23:58:44;08-05-2026;0;;SKIDDER;;PULPABLE;CN RANQUIL;VE2026;SI;FASA Zona Chillán;FASA Zona Chillán;FASA Zona Chillán;FSC 100%-SA-FM/COC-004173;100% CERTIFICADO CERTFOR-CL21/819943415
826709;08-05-2026;11734;COIHUECO Y OTROS (BB);S246;COSECHA;COSECHA;11:00;23:00;8:00;1:00;55;0;796625600;FORESTAL MILLALEMU Y CIA.LTDA.;2076896;1;796625600;MILLALEMU Y CIA.LTDA. FORESTAL MILLALEMU;;P0265LRCCAL1;CC;PIRA;73;N051;2,6;2,65;25,477;0;185;13-Traslados dentro del predio (cancha, sector)-3;180;P;Quemada;08-05-2026 23:58:44;08-05-2026;0;;SKIDDER;;PODADO;CN LOG NVA ALDEA;VE2026;SI;FASA Zona Chillán;FASA Zona Chillán;FASA Zona Chillán;FSC 100%-SA-FM/COC-004173;100% CERTIFICADO CERTFOR-CL21/819943415
826709;08-05-2026;11734;COIHUECO Y OTROS (BB);S246;COSECHA;COSECHA;11:00;23:00;8:00;1:00;55;0;796625600;FORESTAL MILLALEMU Y CIA.LTDA.;2076896;1;796625600;MILLALEMU Y CIA.LTDA. FORESTAL MILLALEMU;;P0265MRCCAL1;CC;PIRA;15;N051;2,6;2,65;5,13;0;185;13-Traslados dentro del predio (cancha, sector)-3;180;P;Quemada;08-05-2026 23:58:44;08-05-2026;0;;SKIDDER;;ASERRABLE;CN LOG NVA ALDEA;VE2026;SI;FASA Zona Chillán;FASA Zona Chillán;FASA Zona Chillán;FSC 100%-SA-FM/COC-004173;100% CERTIFICADO CERTFOR-CL21/819943415
826709;08-05-2026;11734;COIHUECO Y OTROS (BB);S246;COSECHA;COSECHA;11:00;23:00;8:00;1:00;55;0;796625600;FORESTAL MILLALEMU Y CIA.LTDA.;2076896;1;796625600;MILLALEMU Y CIA.LTDA. FORESTAL MILLALEMU;;P0265PRCCAL1;CC;PIRA;8;N051;2,6;2,65;2,792;0;13;13-Traslados dentro del predio (cancha, sector)-3;180;P;Fresca;08-05-2026 23:58:44;08-05-2026;0;;SKIDDER;;PODADO;CN LOG NVA ALDEA;VE2026;SI;FASA Zona Chillán;FASA Zona Chillán;FASA Zona Chillán;FSC 100%-SA-FM/COC-004173;100% CERTIFICADO CERTFOR-CL21/819943415
826709;08-05-2026;11734;COIHUECO Y OTROS (BB);S246;COSECHA;COSECHA;11:00;23:00;8:00;1:00;55;0;796625600;FORESTAL MILLALEMU Y CIA.LTDA.;2076896;1;796625600;MILLALEMU Y CIA.LTDA. FORESTAL MILLALEMU;;P0265RRCCAL1;CC;PIRA;23;N051;2,6;2,65;7,866;0;98;13-Traslados dentro del predio (cancha, sector)-3;180;P;Fresca;08-05-2026 23:58:44;08-05-2026;0;;SKIDDER;;ASERRABLE;CN LOG NVA ALDEA;VE2026;SI;FASA Zona Chillán;FASA Zona Chillán;FASA Zona Chillán;FSC 100%-SA-FM/COC-004173;100% CERTIFICADO CERTFOR-CL21/819943415
826709;08-05-2026;11734;COIHUECO Y OTROS (BB);S246;COSECHA;COSECHA;11:00;23:00;8:00;1:00;55;0;796625600;FORESTAL MILLALEMU Y CIA.LTDA.;2076896;1;796625600;MILLALEMU Y CIA.LTDA. FORESTAL MILLALEMU;;P0350URCPLLF;CC;PIRA;;N011;3,5;3,5;14,011284;0;109;13-Traslados dentro del predio (cancha, sector)-3;180;P;Fresca;08-05-2026 23:58:44;08-05-2026;0;;SKIDDER;;PULPABLE;PTA NVA ALDEA;VE2026;SI;FASA Zona Chillán;FASA Zona Chillán;FASA Zona Chillán;FSC 100%-SA-FM/COC-004173;100% CERTIFICADO CERTFOR-CL21/819943415
826709;08-05-2026;11734;COIHUECO Y OTROS (BB);S246;COSECHA;COSECHA;11:00;23:00;8:00;1:00;55;0;796625600;FORESTAL MILLALEMU Y CIA.LTDA.;2076896;1;796625600;MILLALEMU Y CIA.LTDA. FORESTAL MILLALEMU;;P0375MRCCAL1;CC;PIRA;200;N051;3,65;3,75;46,4;0;356;13-Traslados dentro del predio (cancha, sector)-3;180;P;Quemada;08-05-2026 23:58:44;08-05-2026;0;;SKIDDER;;ASERRABLE;CN LOG NVA ALDEA;VE2026;SI;FASA Zona Chillán;FASA Zona Chillán;FASA Zona Chillán;FSC 100%-SA-FM/COC-004173;100% CERTIFICADO CERTFOR-CL21/819943415
826709;08-05-2026;11734;COIHUECO Y OTROS (BB);S246;COSECHA;COSECHA;11:00;23:00;8:00;1:00;55;0;796625600;FORESTAL MILLALEMU Y CIA.LTDA.;2076896;1;796625600;MILLALEMU Y CIA.LTDA. FORESTAL MILLALEMU;;P0375RRCCAL1;CC;PIRA;140;N051;3,65;3,75;32,48;0;532;13-Traslados dentro del predio (cancha, sector)-3;180;P;Fresca;08-05-2026 23:58:44;08-05-2026;0;;SKIDDER;;ASERRABLE;CN LOG NVA ALDEA;VE2026;SI;FASA Zona Chillán;FASA Zona Chillán;FASA Zona Chillán;FSC 100%-SA-FM/COC-004173;100% CERTIFICADO CERTFOR-CL21/819943415
826709;08-05-2026;11734;COIHUECO Y OTROS (BB);S246;COSECHA;COSECHA;11:00;23:00;8:00;1:00;55;0;796625600;FORESTAL MILLALEMU Y CIA.LTDA.;2076896;1;796625600;MILLALEMU Y CIA.LTDA. FORESTAL MILLALEMU;;P0400NRCPLLF;CC;PIRA;;N048;4;4;3,667711;0;39;13-Traslados dentro del predio (cancha, sector)-3;180;P;Quemada;08-05-2026 23:58:44;08-05-2026;0;;SKIDDER;;PULPABLE;CN RANQUIL;VE2026;SI;FASA Zona Chillán;FASA Zona Chillán;FASA Zona Chillán;FSC 100%-SA-FM/COC-004173;100% CERTIFICADO CERTFOR-CL21/819943415
826709;08-05-2026;11734;COIHUECO Y OTROS (BB);S246;COSECHA;COSECHA;11:00;23:00;8:00;1:00;55;0;796625600;FORESTAL MILLALEMU Y CIA.LTDA.;2076896;1;796625600;MILLALEMU Y CIA.LTDA. FORESTAL MILLALEMU;;P0400NRCPLLF;CC;PIRA;0;N048;4;4;7,715;0;46;13-Traslados dentro del predio (cancha, sector)-3;180;P;Quemada 2;08-05-2026 23:58:44;;0;;SKIDDER;;PULPABLE;CN RANQUIL;VE2026;SI;FASA Zona Chillán;FASA Zona Chillán;FASA Zona Chillán;FSC 100%-SA-FM/COC-004173;100% CERTIFICADO CERTFOR-CL21/819943415
826710;08-05-2026;11734;COIHUECO Y OTROS (BB);S58;COSECHA;COSECHA;11:00;23:00;9:00;1:00;40;212;796625600;FORESTAL MILLALEMU Y CIA.LTDA.;2077008;1;796625600;MILLALEMU Y CIA.LTDA. FORESTAL MILLALEMU;;P0244NRCPLLF;CC;PIRA;;N048;2,44;2,44;12,1296;0;20;1-Reparacion/Falla equipo de volteo-2;120;P;Quemada;09-05-2026 00:02:45;08-05-2026;0;;SKIDDER;;PULPABLE;CN RANQUIL;VE2026;SI;FASA Zona Chillán;FASA Zona Chillán;FASA Zona Chillán;FSC 100%-SA-FM/COC-004173;100% CERTIFICADO CERTFOR-CL21/819943415
826710;08-05-2026;11734;COIHUECO Y OTROS (BB);S58;COSECHA;COSECHA;11:00;23:00;9:00;1:00;40;212;796625600;FORESTAL MILLALEMU Y CIA.LTDA.;2077008;1;796625600;MILLALEMU Y CIA.LTDA. FORESTAL MILLALEMU;;P0244NRCPLSD;CC;PIRA;0;N048;2,44;2,44;7,98;0;25;1-Reparacion/Falla equipo de volteo-2;120;P;Quemada;09-05-2026 00:02:45;;0;;SKIDDER;;PULPABLE;CN RANQUIL;VE2026;SI;FASA Zona Chillán;FASA Zona Chillán;FASA Zona Chillán;FSC 100%-SA-FM/COC-004173;100% CERTIFICADO CERTFOR-CL21/819943415
826710;08-05-2026;11734;COIHUECO Y OTROS (BB);S58;COSECHA;COSECHA;11:00;23:00;9:00;1:00;40;212;796625600;FORESTAL MILLALEMU Y CIA.LTDA.;2077008;1;796625600;MILLALEMU Y CIA.LTDA. FORESTAL MILLALEMU;;P0265LRCCAL1;CC;PIRA;29;N051;2,6;2,65;11,281;0;182;1-Reparacion/Falla equipo de volteo-2;120;P;Quemada;09-05-2026 00:02:45;08-05-2026;0;;SKIDDER;;PODADO;CN LOG NVA ALDEA;VE2026;SI;FASA Zona Chillán;FASA Zona Chillán;FASA Zona Chillán;FSC 100%-SA-FM/COC-004173;100% CERTIFICADO CERTFOR-CL21/819943415
826710;08-05-2026;11734;COIHUECO Y OTROS (BB);S58;COSECHA;COSECHA;11:00;23:00;9:00;1:00;40;212;796625600;FORESTAL MILLALEMU Y CIA.LTDA.;2077008;1;796625600;MILLALEMU Y CIA.LTDA. FORESTAL MILLALEMU;;P0265MRCCAL1;CC;PIRA;128;N051;2,6;2,65;41,6;0;835;1-Reparacion/Falla equipo de volteo-2;120;P;Quemada;09-05-2026 00:02:45;08-05-2026;0;;SKIDDER;;ASERRABLE;CN LOG NVA ALDEA;VE2026;SI;FASA Zona Chillán;FASA Zona Chillán;FASA Zona Chillán;FSC 100%-SA-FM/COC-004173;100% CERTIFICADO CERTFOR-CL21/819943415
826710;08-05-2026;11734;COIHUECO Y OTROS (BB);S58;COSECHA;COSECHA;11:00;23:00;9:00;1:00;40;212;796625600;FORESTAL MILLALEMU Y CIA.LTDA.;2077008;1;796625600;MILLALEMU Y CIA.LTDA. FORESTAL MILLALEMU;;P0375MRCCAL1;CC;PIRA;229;N051;3,65;3,75;55,876;0;647;1-Reparacion/Falla equipo de volteo-2;120;P;Quemada;09-05-2026 00:02:45;08-05-2026;0;;SKIDDER;;ASERRABLE;CN LOG NVA ALDEA;VE2026;SI;FASA Zona Chillán;FASA Zona Chillán;FASA Zona Chillán;FSC 100%-SA-FM/COC-004173;100% CERTIFICADO CERTFOR-CL21/819943415
826710;08-05-2026;11734;COIHUECO Y OTROS (BB);S58;COSECHA;COSECHA;11:00;23:00;9:00;1:00;40;212;796625600;FORESTAL MILLALEMU Y CIA.LTDA.;2077008;1;796625600;MILLALEMU Y CIA.LTDA. FORESTAL MILLALEMU;;P0375RRCCAL1;CC;PIRA;143;N051;3,65;3,75;33,319;0;150;1-Reparacion/Falla equipo de volteo-2;120;P;Manchada;09-05-2026 00:02:45;08-05-2026;0;;SKIDDER;;ASERRABLE;CN LOG NVA ALDEA;VE2026;SI;FASA Zona Chillán;FASA Zona Chillán;FASA Zona Chillán;FSC 100%-SA-FM/COC-004173;100% CERTIFICADO CERTFOR-CL21/819943415
826710;08-05-2026;11734;COIHUECO Y OTROS (BB);S58;COSECHA;COSECHA;11:00;23:00;9:00;1:00;40;212;796625600;FORESTAL MILLALEMU Y CIA.LTDA.;2077008;1;796625600;MILLALEMU Y CIA.LTDA. FORESTAL MILLALEMU;;P0400NRCPLLF;CC;PIRA;;N048;4;4;9,24257;0;240;1-Reparacion/Falla equipo de volteo-2;120;P;Quemada 2;09-05-2026 00:02:45;08-05-2026;0;;SKIDDER;;PULPABLE;CN RANQUIL;VE2026;SI;FASA Zona Chillán;FASA Zona Chillán;FASA Zona Chillán;FSC 100%-SA-FM/COC-004173;100% CERTIFICADO CERTFOR-CL21/819943415
826710;08-05-2026;11734;COIHUECO Y OTROS (BB);S58;COSECHA;COSECHA;11:00;23:00;9:00;1:00;40;212;796625600;FORESTAL MILLALEMU Y CIA.LTDA.;2077008;1;796625600;MILLALEMU Y CIA.LTDA. FORESTAL MILLALEMU;;P0400NRCPLLF;CC;PIRA;0;N048;4;4;35,097078;0;455;1-Reparacion/Falla equipo de volteo-2;120;P;Quemada;09-05-2026 00:02:45;;0;;SKIDDER;;PULPABLE;CN RANQUIL;VE2026;SI;FASA Zona Chillán;FASA Zona Chillán;FASA Zona Chillán;FSC 100%-SA-FM/COC-004173;100% CERTIFICADO CERTFOR-CL21/819943415
826714;08-05-2026;10608;POLHUIN;T125;COSECHA;COSECHA;11:00;23:00;9:00;1:00;101;0;796625600;FORESTAL MILLALEMU Y CIA.LTDA.;2076033;1;796625600;MILLALEMU Y CIA.LTDA. FORESTAL MILLALEMU;;E0244UGCPLLF;CC;EUGL;;N011;2,44;2,44;7,62991;0;8;26-Desinstalacion de torre (vientos/ soportes)-2;120;P;Fresca;09-05-2026 00:27:00;08-05-2026;0;;TORRE500;;PULPABLE;PTA NVA ALDEA;VE2026;SI;FASA Zona Constituci;FASA Zona Constituci;FASA Zona Constituci;FSC 100%-SA-FM/COC-004173;100% CERTIFICADO CERTFOR-CL21/819943415
826714;08-05-2026;10608;POLHUIN;T125;COSECHA;COSECHA;11:00;23:00;9:00;1:00;101;0;796625600;FORESTAL MILLALEMU Y CIA.LTDA.;2076033;1;796625600;MILLALEMU Y CIA.LTDA. FORESTAL MILLALEMU;;E0550UGCPLLF;CC;EUGL;;N011;5,5;5,5;141,51196;0;3592;26-Desinstalacion de torre (vientos/ soportes)-2;120;P;Fresca;09-05-2026 00:27:00;08-05-2026;0;;TORRE500;;PULPABLE;PTA NVA ALDEA;VE2026;SI;FASA Zona Constituci;FASA Zona Constituci;FASA Zona Constituci;FSC 100%-SA-FM/COC-004173;100% CERTIFICADO CERTFOR-CL21/819943415
826739;08-05-2026;11748;LAS ULLOAS (BB);S223;COSECHA;COSECHA;11:00;23:00;8:00;1:00;50;7;796625600;FORESTAL MILLALEMU Y CIA.LTDA.;2076574;1;796625600;MILLALEMU Y CIA.LTDA. FORESTAL MILLALEMU;;P0265LRCCAL1;CC;PIRA;12;N051;2,6;2,65;3,708;0;75;68-Sobre Shoveleo-3;180;P;Quemada;09-05-2026 01:12:12;08-05-2026;0;;SKIDDER;;PODADO;CN LOG NVA ALDEA;VE2026;SI;FASA Zona Chillán;FASA Zona Chillán;FASA Zona Chillán;FSC 100%-SA-FM/COC-004173;100% CERTIFICADO CERTFOR-CL21/819943415
826739;08-05-2026;11748;LAS ULLOAS (BB);S223;COSECHA;COSECHA;11:00;23:00;8:00;1:00;50;7;796625600;FORESTAL MILLALEMU Y CIA.LTDA.;2076574;1;796625600;MILLALEMU Y CIA.LTDA. FORESTAL MILLALEMU;;P0265MRCCAL1;CC;PIRA;47;N051;2,6;2,65;15,087;0;150;68-Sobre Shoveleo-3;180;P;Quemada;09-05-2026 01:12:12;08-05-2026;0;;SKIDDER;;ASERRABLE;CN LOG NVA ALDEA;VE2026;SI;FASA Zona Chillán;FASA Zona Chillán;FASA Zona Chillán;FSC 100%-SA-FM/COC-004173;100% CERTIFICADO CERTFOR-CL21/819943415
826739;08-05-2026;11748;LAS ULLOAS (BB);S223;COSECHA;COSECHA;11:00;23:00;8:00;1:00;50;7;796625600;FORESTAL MILLALEMU Y CIA.LTDA.;2076574;1;796625600;MILLALEMU Y CIA.LTDA. FORESTAL MILLALEMU;;P0300NRCPLVA;CC;PIRA;;N048;3;3;18,319553;0;650;68-Sobre Shoveleo-3;180;P;Quemada;09-05-2026 01:12:12;08-05-2026;0;;SKIDDER;;PULPABLE;CN RANQUIL;VE2026;SI;FASA Zona Chillán;FASA Zona Chillán;FASA Zona Chillán;FSC 100%-SA-FM/COC-004173;100% CERTIFICADO CERTFOR-CL21/819943415
826739;08-05-2026;11748;LAS ULLOAS (BB);S223;COSECHA;COSECHA;11:00;23:00;8:00;1:00;50;7;796625600;FORESTAL MILLALEMU Y CIA.LTDA.;2076574;1;796625600;MILLALEMU Y CIA.LTDA. FORESTAL MILLALEMU;;P0375MRCCAL1;CC;PIRA;216;N051;3,65;3,75;49,896;0;230;68-Sobre Shoveleo-3;180;P;Quemada;09-05-2026 01:12:12;08-05-2026;0;;SKIDDER;;ASERRABLE;CN LOG NVA ALDEA;VE2026;SI;FASA Zona Chillán;FASA Zona Chillán;FASA Zona Chillán;FSC 100%-SA-FM/COC-004173;100% CERTIFICADO CERTFOR-CL21/819943415
826753;08-05-2026;11983;EL CABRITO CBB;S123;COSECHA;COSECHA;11:00;20:00;6:00;0:30;33;200;796625600;FORESTAL MILLALEMU Y CIA.LTDA.;2074817;1;796625600;MILLALEMU Y CIA.LTDA. FORESTAL MILLALEMU;;P0244NRCPLLF;CC;PIRA;;N048;2,44;2,44;11,204;0;68;12- Mantencion otros equipos-2.25|42-Descanso/Pausa programada-0.25;150;P;Quemada;09-05-2026 01:32:52;08-05-2026;0;;SKIDDER;;PULPABLE;CN RANQUIL;VE2026;SI;FASA Zona Chillán;FASA Zona Chillán;FASA Zona Chillán;FSC 100%-SA-FM/COC-004173;100% CERTIFICADO CERTFOR-CL21/819943415
826753;08-05-2026;11983;EL CABRITO CBB;S123;COSECHA;COSECHA;11:00;20:00;6:00;0:30;33;200;796625600;FORESTAL MILLALEMU Y CIA.LTDA.;2074817;1;796625600;MILLALEMU Y CIA.LTDA. FORESTAL MILLALEMU;;P0265LRCCAL1;CC;PIRA;37;N051;2,6;2,65;12,691;0;257;12- Mantencion otros equipos-2.25|42-Descanso/Pausa programada-0.25;150;P;Quemada;09-05-2026 01:32:52;08-05-2026;0;;SKIDDER;;PODADO;CN LOG NVA ALDEA;VE2026;SI;FASA Zona Chillán;FASA Zona Chillán;FASA Zona Chillán;FSC 100%-SA-FM/COC-004173;100% CERTIFICADO CERTFOR-CL21/819943415
826753;08-05-2026;11983;EL CABRITO CBB;S123;COSECHA;COSECHA;11:00;20:00;6:00;0:30;33;200;796625600;FORESTAL MILLALEMU Y CIA.LTDA.;2074817;1;796625600;MILLALEMU Y CIA.LTDA. FORESTAL MILLALEMU;;P0265MRCCAL1;CC;PIRA;57;N051;2,6;2,65;19,893;0;562;12- Mantencion otros equipos-2.25|42-Descanso/Pausa programada-0.25;150;P;Quemada;09-05-2026 01:32:52;08-05-2026;0;;SKIDDER;;ASERRABLE;CN LOG NVA ALDEA;VE2026;SI;FASA Zona Chillán;FASA Zona Chillán;FASA Zona Chillán;FSC 100%-SA-FM/COC-004173;100% CERTIFICADO CERTFOR-CL21/819943415
826753;08-05-2026;11983;EL CABRITO CBB;S123;COSECHA;COSECHA;11:00;20:00;6:00;0:30;33;200;796625600;FORESTAL MILLALEMU Y CIA.LTDA.;2074817;1;796625600;MILLALEMU Y CIA.LTDA. FORESTAL MILLALEMU;;P0265RRCCAL1;CC;PIRA;0;N051;2,6;2,65;0;0;39;12- Mantencion otros equipos-2.25|42-Descanso/Pausa programada-0.25;150;P;Fresca;09-05-2026 01:32:52;08-05-2026;0;;SKIDDER;;ASERRABLE;CN LOG NVA ALDEA;VE2026;SI;FASA Zona Chillán;FASA Zona Chillán;FASA Zona Chillán;FSC 100%-SA-FM/COC-004173;100% CERTIFICADO CERTFOR-CL21/819943415
826753;08-05-2026;11983;EL CABRITO CBB;S123;COSECHA;COSECHA;11:00;20:00;6:00;0:30;33;200;796625600;FORESTAL MILLALEMU Y CIA.LTDA.;2074817;1;796625600;MILLALEMU Y CIA.LTDA. FORESTAL MILLALEMU;;P0350URCPLLF;CC;PIRA;;N011;3,5;3,5;31,918;0;174;12- Mantencion otros equipos-2.25|42-Descanso/Pausa programada-0.25;150;P;Fresca;09-05-2026 01:32:52;08-05-2026;0;;SKIDDER;;PULPABLE;PTA NVA ALDEA;VE2026;SI;FASA Zona Chillán;FASA Zona Chillán;FASA Zona Chillán;FSC 100%-SA-FM/COC-004173;100% CERTIFICADO CERTFOR-CL21/819943415
826753;08-05-2026;11983;EL CABRITO CBB;S123;COSECHA;COSECHA;11:00;20:00;6:00;0:30;33;200;796625600;FORESTAL MILLALEMU Y CIA.LTDA.;2074817;1;796625600;MILLALEMU Y CIA.LTDA. FORESTAL MILLALEMU;;P0375MRCCAL1;CC;PIRA;67;N051;3,65;3,75;16,817;0;919;12- Mantencion otros equipos-2.25|42-Descanso/Pausa programada-0.25;150;P;Quemada;09-05-2026 01:32:52;08-05-2026;0;;SKIDDER;;ASERRABLE;CN LOG NVA ALDEA;VE2026;SI;FASA Zona Chillán;FASA Zona Chillán;FASA Zona Chillán;FSC 100%-SA-FM/COC-004173;100% CERTIFICADO CERTFOR-CL21/819943415
826753;08-05-2026;11983;EL CABRITO CBB;S123;COSECHA;COSECHA;11:00;20:00;6:00;0:30;33;200;796625600;FORESTAL MILLALEMU Y CIA.LTDA.;2074817;1;796625600;MILLALEMU Y CIA.LTDA. FORESTAL MILLALEMU;;P0375RRCCAL1;CC;PIRA;30;N051;3,65;3,75;6,93;0;283;12- Mantencion otros equipos-2.25|42-Descanso/Pausa programada-0.25;150;P;Fresca;09-05-2026 01:32:52;08-05-2026;0;;SKIDDER;;ASERRABLE;CN LOG NVA ALDEA;VE2026;SI;FASA Zona Chillán;FASA Zona Chillán;FASA Zona Chillán;FSC 100%-SA-FM/COC-004173;100% CERTIFICADO CERTFOR-CL21/819943415
826753;08-05-2026;11983;EL CABRITO CBB;S123;COSECHA;COSECHA;11:00;20:00;6:00;0:30;33;200;796625600;FORESTAL MILLALEMU Y CIA.LTDA.;2074817;1;796625600;MILLALEMU Y CIA.LTDA. FORESTAL MILLALEMU;;P0400NRCPLLF;CC;PIRA;;N048;4;4;0;0;5;12- Mantencion otros equipos-2.25|42-Descanso/Pausa programada-0.25;150;P;Quemada;09-05-2026 01:32:52;08-05-2026;0;;SKIDDER;;PULPABLE;CN RANQUIL;VE2026;SI;FASA Zona Chillán;FASA Zona Chillán;FASA Zona Chillán;FSC 100%-SA-FM/COC-004173;100% CERTIFICADO CERTFOR-CL21/819943415
826753;08-05-2026;11983;EL CABRITO CBB;S123;COSECHA;COSECHA;11:00;20:00;6:00;0:30;33;200;796625600;FORESTAL MILLALEMU Y CIA.LTDA.;2074817;1;796625600;MILLALEMU Y CIA.LTDA. FORESTAL MILLALEMU;;P0400NRCPLLF;CC;PIRA;;N048;4;4;26,54;0;385;12- Mantencion otros equipos-2.25|42-Descanso/Pausa programada-0.25;150;P;Quemada;09-05-2026 01:32:52;08-05-2026;0;;SKIDDER;;PULPABLE;CN RANQUIL;VE2026;SI;FASA Zona Chillán;FASA Zona Chillán;FASA Zona Chillán;FSC 100%-SA-FM/COC-004173;100% CERTIFICADO CERTFOR-CL21/819943415
826756;08-05-2026;11983;EL CABRITO CBB;S123;COSECHA;COSECHA;20:00;23:00;2:15;0:30;24;97;796625600;FORESTAL MILLALEMU Y CIA.LTDA.;2074817;1;796625600;MILLALEMU Y CIA.LTDA. FORESTAL MILLALEMU;;P0265MRCCAL1;CC;PIRA;0;N051;2,6;2,65;0;0;5;42-Descanso/Pausa programada-0.25;15;P;Manchada;09-05-2026 01:37:37;08-05-2026;0;;SKIDDER;;ASERRABLE;CN LOG NVA ALDEA;VE2026;SI;FASA Zona Chillán;FASA Zona Chillán;FASA Zona Chillán;FSC 100%-SA-FM/COC-004173;100% CERTIFICADO CERTFOR-CL21/819943415
826756;08-05-2026;11983;EL CABRITO CBB;S123;COSECHA;COSECHA;20:00;23:00;2:15;0:30;24;97;796625600;FORESTAL MILLALEMU Y CIA.LTDA.;2074817;1;796625600;MILLALEMU Y CIA.LTDA. FORESTAL MILLALEMU;;P0375MRCCAL1;CC;PIRA;214;N051;3,65;3,75;53,714;0;604;42-Descanso/Pausa programada-0.25;15;P;Manchada;09-05-2026 01:37:37;08-05-2026;0;;SKIDDER;;ASERRABLE;CN LOG NVA ALDEA;VE2026;SI;FASA Zona Chillán;FASA Zona Chillán;FASA Zona Chillán;FSC 100%-SA-FM/COC-004173;100% CERTIFICADO CERTFOR-CL21/819943415
826756;08-05-2026;11983;EL CABRITO CBB;S123;COSECHA;COSECHA;20:00;23:00;2:15;0:30;24;97;796625600;FORESTAL MILLALEMU Y CIA.LTDA.;2074817;1;796625600;MILLALEMU Y CIA.LTDA. FORESTAL MILLALEMU;;P0375RRCCAL1;CC;PIRA;62;N051;3,65;3,75;14,322;0;307;42-Descanso/Pausa programada-0.25;15;P;Manchada;09-05-2026 01:37:37;08-05-2026;0;;SKIDDER;;ASERRABLE;CN LOG NVA ALDEA;VE2026;SI;FASA Zona Chillán;FASA Zona Chillán;FASA Zona Chillán;FSC 100%-SA-FM/COC-004173;100% CERTIFICADO CERTFOR-CL21/819943415
826757;08-05-2026;12191;CE-27 ESPINALILLO YBAR;MG5;COSECHA;COSECHA;11:00;23:00;10:30;1:00;49;0;796625600;FORESTAL MILLALEMU Y CIA.LTDA.;2078007;1;796625600;MILLALEMU Y CIA.LTDA. FORESTAL MILLALEMU;;P0244URC18-38;CC;PIRA;;T010;2,44;2,44;25,20084;0;45;42-Descanso/Pausa programada-0.5;30;P;Fresca;09-05-2026 01:38:43;08-05-2026;0;;GRAPPLE;;PULPABLE;CP CONSTITUCION;VE2026;SI;FASA Zona Constituci;FASA Zona Constituci;FASA Zona Constituci;FSC 100%-SA-FM/COC-004173;100% CERTIFICADO CERTFOR-CL21/819943415
826757;08-05-2026;12191;CE-27 ESPINALILLO YBAR;MG5;COSECHA;COSECHA;11:00;23:00;10:30;1:00;49;0;796625600;FORESTAL MILLALEMU Y CIA.LTDA.;2078007;1;796625600;MILLALEMU Y CIA.LTDA. FORESTAL MILLALEMU;;P0244URC8-16;CC;PIRA;;T010;2,44;2,44;38,33592;0;50;42-Descanso/Pausa programada-0.5;30;P;Fresca;09-05-2026 01:38:43;08-05-2026;0;;GRAPPLE;;PULPABLE;CP CONSTITUCION;VE2026;SI;FASA Zona Constituci;FASA Zona Constituci;FASA Zona Constituci;FSC 100%-SA-FM/COC-004173;100% CERTIFICADO CERTFOR-CL21/819943415
826757;08-05-2026;12191;CE-27 ESPINALILLO YBAR;MG5;COSECHA;COSECHA;11:00;23:00;10:30;1:00;49;0;796625600;FORESTAL MILLALEMU Y CIA.LTDA.;2078007;1;796625600;MILLALEMU Y CIA.LTDA. FORESTAL MILLALEMU;;P0410RRCCAL1;CC;PIRA;283;T014;4;4,1;53,77;0;80;42-Descanso/Pausa programada-0.5;30;P;Fresca;09-05-2026 01:38:43;08-05-2026;0;;GRAPPLE;;ASERRABLE;CN VINALES;VE2026;SI;FASA Zona Constituci;FASA Zona Constituci;FASA Zona Constituci;FSC 100%-SA-FM/COC-004173;100% CERTIFICADO CERTFOR-CL21/819943415
826766;08-05-2026;11734;COIHUECO Y OTROS (BB);TEA02;COSECHA;COSECHA;11:00;23:00;9:00;1:00;52;120;796625600;FORESTAL MILLALEMU Y CIA.LTDA.;2077558;1;796625600;MILLALEMU Y CIA.LTDA. FORESTAL MILLALEMU;;P0244NRCPLLF;CC;PIRA;;N048;2,44;2,44;6,33612;0;22;20-Falta/abstecimiento de combustible equipo de volte-2;120;P;Quemada;09-05-2026 01:42:20;08-05-2026;0;;FORWINCH;;PULPABLE;CN RANQUIL;VE2026;SI;FASA Zona Chillán;FASA Zona Chillán;FASA Zona Chillán;FSC 100%-SA-FM/COC-004173;100% CERTIFICADO CERTFOR-CL21/819943415
826766;08-05-2026;11734;COIHUECO Y OTROS (BB);TEA02;COSECHA;COSECHA;11:00;23:00;9:00;1:00;52;120;796625600;FORESTAL MILLALEMU Y CIA.LTDA.;2077558;1;796625600;MILLALEMU Y CIA.LTDA. FORESTAL MILLALEMU;;P0265LRCCAL1;CC;PIRA;44;N051;2,6;2,65;15,356;0;40;20-Falta/abstecimiento de combustible equipo de volte-2;120;P;Quemada;09-05-2026 01:42:20;08-05-2026;0;;FORWINCH;;PODADO;CN LOG NVA ALDEA;VE2026;SI;FASA Zona Chillán;FASA Zona Chillán;FASA Zona Chillán;FSC 100%-SA-FM/COC-004173;100% CERTIFICADO CERTFOR-CL21/819943415
826766;08-05-2026;11734;COIHUECO Y OTROS (BB);TEA02;COSECHA;COSECHA;11:00;23:00;9:00;1:00;52;120;796625600;FORESTAL MILLALEMU Y CIA.LTDA.;2077558;1;796625600;MILLALEMU Y CIA.LTDA. FORESTAL MILLALEMU;;P0265MRCCAL1;CC;PIRA;101;N051;2,6;2,65;34,542;0;100;20-Falta/abstecimiento de combustible equipo de volte-2;120;P;Quemada;09-05-2026 01:42:20;08-05-2026;0;;FORWINCH;;ASERRABLE;CN LOG NVA ALDEA;VE2026;SI;FASA Zona Chillán;FASA Zona Chillán;FASA Zona Chillán;FSC 100%-SA-FM/COC-004173;100% CERTIFICADO CERTFOR-CL21/819943415
826766;08-05-2026;11734;COIHUECO Y OTROS (BB);TEA02;COSECHA;COSECHA;11:00;23:00;9:00;1:00;52;120;796625600;FORESTAL MILLALEMU Y CIA.LTDA.;2077558;1;796625600;MILLALEMU Y CIA.LTDA. FORESTAL MILLALEMU;;P0350URCPLLF;CC;PIRA;;N011;3,5;3,5;9,24882;0;20;20-Falta/abstecimiento de combustible equipo de volte-2;120;P;Fresca;09-05-2026 01:42:20;08-05-2026;0;;FORWINCH;;PULPABLE;PTA NVA ALDEA;VE2026;SI;FASA Zona Chillán;FASA Zona Chillán;FASA Zona Chillán;FSC 100%-SA-FM/COC-004173;100% CERTIFICADO CERTFOR-CL21/819943415
826766;08-05-2026;11734;COIHUECO Y OTROS (BB);TEA02;COSECHA;COSECHA;11:00;23:00;9:00;1:00;52;120;796625600;FORESTAL MILLALEMU Y CIA.LTDA.;2077558;1;796625600;MILLALEMU Y CIA.LTDA. FORESTAL MILLALEMU;;P0375MRCCAL1;CC;PIRA;114;N051;3,65;3,75;26,448;0;80;20-Falta/abstecimiento de combustible equipo de volte-2;120;P;Quemada;09-05-2026 01:42:20;08-05-2026;0;;FORWINCH;;ASERRABLE;CN LOG NVA ALDEA;VE2026;SI;FASA Zona Chillán;FASA Zona Chillán;FASA Zona Chillán;FSC 100%-SA-FM/COC-004173;100% CERTIFICADO CERTFOR-CL21/819943415
826766;08-05-2026;11734;COIHUECO Y OTROS (BB);TEA02;COSECHA;COSECHA;11:00;23:00;9:00;1:00;52;120;796625600;FORESTAL MILLALEMU Y CIA.LTDA.;2077558;1;796625600;MILLALEMU Y CIA.LTDA. FORESTAL MILLALEMU;;P0375RRCCAL1;CC;PIRA;51;N051;3,65;3,75;11,832;0;40;20-Falta/abstecimiento de combustible equipo de volte-2;120;P;Fresca;09-05-2026 01:42:20;08-05-2026;0;;FORWINCH;;ASERRABLE;CN LOG NVA ALDEA;VE2026;SI;FASA Zona Chillán;FASA Zona Chillán;FASA Zona Chillán;FSC 100%-SA-FM/COC-004173;100% CERTIFICADO CERTFOR-CL21/819943415
826766;08-05-2026;11734;COIHUECO Y OTROS (BB);TEA02;COSECHA;COSECHA;11:00;23:00;9:00;1:00;52;120;796625600;FORESTAL MILLALEMU Y CIA.LTDA.;2077558;1;796625600;MILLALEMU Y CIA.LTDA. FORESTAL MILLALEMU;;P0400NRCPLLF;CC;PIRA;;N048;4;4;34,22374;0;100;20-Falta/abstecimiento de combustible equipo de volte-2;120;P;Quemada;09-05-2026 01:42:20;08-05-2026;0;;FORWINCH;;PULPABLE;CN RANQUIL;VE2026;SI;FASA Zona Chillán;FASA Zona Chillán;FASA Zona Chillán;FSC 100%-SA-FM/COC-004173;100% CERTIFICADO CERTFOR-CL21/819943415
826767;08-05-2026;11734;COIHUECO Y OTROS (BB);TEA08;COSECHA;COSECHA;11:00;23:00;0:30;1:00;37;150;796625600;FORESTAL MILLALEMU Y CIA.LTDA.;2076233;1;796625600;MILLALEMU Y CIA.LTDA. FORESTAL MILLALEMU;;P0244NRCPLLF;CC;PIRA;0;N048;2,39;2,44;0;0;0;4-Reparacion/Falla equipo de Trozado-10.5;630;P;Quemada;09-05-2026 01:43:16;08-05-2026;0;;FORWINCH;;PULPABLE;CN RANQUIL;VE2026;SI;FASA Zona Chillán;FASA Zona Chillán;FASA Zona Chillán;FSC 100%-SA-FM/COC-004173;100% CERTIFICADO CERTFOR-CL21/819943415
826845;09-05-2026;11734;COIHUECO Y OTROS (BB);S58;COSECHA;COSECHA;11:00;23:00;9:00;1:00;50;350;796625600;FORESTAL MILLALEMU Y CIA.LTDA.;2077008;1;796625600;MILLALEMU Y CIA.LTDA. FORESTAL MILLALEMU;;P0244NRCPLLF;CC;PIRA;;N048;2,44;2,44;9,576;0;30;5-Reparacion/Falla de equipo de clasificado/carguio-2;120;P;Quemada;10-05-2026 00:34:18;09-05-2026;0;;SKIDDER;;PULPABLE;CN RANQUIL;VE2026;SI;FASA Zona Chillán;FASA Zona Chillán;FASA Zona Chillán;FSC 100%-SA-FM/COC-004173;100% CERTIFICADO CERTFOR-CL21/819943415
826845;09-05-2026;11734;COIHUECO Y OTROS (BB);S58;COSECHA;COSECHA;11:00;23:00;9:00;1:00;50;350;796625600;FORESTAL MILLALEMU Y CIA.LTDA.;2077008;1;796625600;MILLALEMU Y CIA.LTDA. FORESTAL MILLALEMU;;P0244URCPLSD;CC;PIRA;0;N011;2,44;2,44;0;0;35;5-Reparacion/Falla de equipo de clasificado/carguio-2;120;P;Fresca;10-05-2026 00:34:18;09-05-2026;0;;SKIDDER;;PULPABLE;PTA NVA ALDEA;VE2026;SI;FASA Zona Chillán;FASA Zona Chillán;FASA Zona Chillán;FSC 100%-SA-FM/COC-004173;100% CERTIFICADO CERTFOR-CL21/819943415
826845;09-05-2026;11734;COIHUECO Y OTROS (BB);S58;COSECHA;COSECHA;11:00;23:00;9:00;1:00;50;350;796625600;FORESTAL MILLALEMU Y CIA.LTDA.;2077008;1;796625600;MILLALEMU Y CIA.LTDA. FORESTAL MILLALEMU;;P0265LRCCAL1;CC;PIRA;46;N051;2,6;2,65;17,894;0;200;5-Reparacion/Falla de equipo de clasificado/carguio-2;120;P;Quemada;10-05-2026 00:34:18;09-05-2026;0;;SKIDDER;;PODADO;CN LOG NVA ALDEA;VE2026;SI;FASA Zona Chillán;FASA Zona Chillán;FASA Zona Chillán;FSC 100%-SA-FM/COC-004173;100% CERTIFICADO CERTFOR-CL21/819943415
826845;09-05-2026;11734;COIHUECO Y OTROS (BB);S58;COSECHA;COSECHA;11:00;23:00;9:00;1:00;50;350;796625600;FORESTAL MILLALEMU Y CIA.LTDA.;2077008;1;796625600;MILLALEMU Y CIA.LTDA. FORESTAL MILLALEMU;;P0265MRCCAL1;CC;PIRA;108;N051;2,6;2,65;35,1;0;870;5-Reparacion/Falla de equipo de clasificado/carguio-2;120;P;Quemada;10-05-2026 00:34:18;09-05-2026;0;;SKIDDER;;ASERRABLE;CN LOG NVA ALDEA;VE2026;SI;FASA Zona Chillán;FASA Zona Chillán;FASA Zona Chillán;FSC 100%-SA-FM/COC-004173;100% CERTIFICADO CERTFOR-CL21/819943415
826845;09-05-2026;11734;COIHUECO Y OTROS (BB);S58;COSECHA;COSECHA;11:00;23:00;9:00;1:00;50;350;796625600;FORESTAL MILLALEMU Y CIA.LTDA.;2077008;1;796625600;MILLALEMU Y CIA.LTDA. FORESTAL MILLALEMU;;P0375MRCCAL1;CC;PIRA;220;N051;3,65;3,75;53,68;0;700;5-Reparacion/Falla de equipo de clasificado/carguio-2;120;P;Quemada;10-05-2026 00:34:18;09-05-2026;0;;SKIDDER;;ASERRABLE;CN LOG NVA ALDEA;VE2026;SI;FASA Zona Chillán;FASA Zona Chillán;FASA Zona Chillán;FSC 100%-SA-FM/COC-004173;100% CERTIFICADO CERTFOR-CL21/819943415
826845;09-05-2026;11734;COIHUECO Y OTROS (BB);S58;COSECHA;COSECHA;11:00;23:00;9:00;1:00;50;350;796625600;FORESTAL MILLALEMU Y CIA.LTDA.;2077008;1;796625600;MILLALEMU Y CIA.LTDA. FORESTAL MILLALEMU;;P0375RRCCAL1;CC;PIRA;141;N051;3,65;3,75;32,853;0;190;5-Reparacion/Falla de equipo de clasificado/carguio-2;120;P;Manchada;10-05-2026 00:34:18;09-05-2026;0;;SKIDDER;;ASERRABLE;CN LOG NVA ALDEA;VE2026;SI;FASA Zona Chillán;FASA Zona Chillán;FASA Zona Chillán;FSC 100%-SA-FM/COC-004173;100% CERTIFICADO CERTFOR-CL21/819943415
826845;09-05-2026;11734;COIHUECO Y OTROS (BB);S58;COSECHA;COSECHA;11:00;23:00;9:00;1:00;50;350;796625600;FORESTAL MILLALEMU Y CIA.LTDA.;2077008;1;796625600;MILLALEMU Y CIA.LTDA. FORESTAL MILLALEMU;;P0400NRCPLLF;CC;PIRA;;N048;4;4;43,318182;0;498;5-Reparacion/Falla de equipo de clasificado/carguio-2;120;P;Quemada;10-05-2026 00:34:18;09-05-2026;0;;SKIDDER;;PULPABLE;CN RANQUIL;VE2026;SI;FASA Zona Chillán;FASA Zona Chillán;FASA Zona Chillán;FSC 100%-SA-FM/COC-004173;100% CERTIFICADO CERTFOR-CL21/819943415
826845;09-05-2026;11734;COIHUECO Y OTROS (BB);S58;COSECHA;COSECHA;11:00;23:00;9:00;1:00;50;350;796625600;FORESTAL MILLALEMU Y CIA.LTDA.;2077008;1;796625600;MILLALEMU Y CIA.LTDA. FORESTAL MILLALEMU;;P0400NRCPLLF;CC;PIRA;0;N048;4;4;0;0;240;5-Reparacion/Falla de equipo de clasificado/carguio-2;120;P;Quemada 2;10-05-2026 00:34:18;;0;;SKIDDER;;PULPABLE;CN RANQUIL;VE2026;SI;FASA Zona Chillán;FASA Zona Chillán;FASA Zona Chillán;FSC 100%-SA-FM/COC-004173;100% CERTIFICADO CERTFOR-CL21/819943415
826846;09-05-2026;10608;POLHUIN;T125;COSECHA;COSECHA;11:00;23:00;11:00;1:00;158;500;796625600;FORESTAL MILLALEMU Y CIA.LTDA.;2076033;1;796625600;MILLALEMU Y CIA.LTDA. FORESTAL MILLALEMU;;E0244UGCPLLF;CC;EUGL;;N011;2,44;2,44;5,726;0;17;;0;P;Fresca;10-05-2026 00:37:27;09-05-2026;0;;TORRE500;;PULPABLE;PTA NVA ALDEA;VE2026;SI;FASA Zona Constituci;FASA Zona Constituci;FASA Zona Constituci;FSC 100%-SA-FM/COC-004173;100% CERTIFICADO CERTFOR-CL21/819943415
826846;09-05-2026;10608;POLHUIN;T125;COSECHA;COSECHA;11:00;23:00;11:00;1:00;158;500;796625600;FORESTAL MILLALEMU Y CIA.LTDA.;2076033;1;796625600;MILLALEMU Y CIA.LTDA. FORESTAL MILLALEMU;;E0550UGCPLLF;CC;EUGL;;N011;5,5;5,5;213,913;0;3805;;0;P;Fresca;10-05-2026 00:37:27;09-05-2026;0;;TORRE500;;PULPABLE;PTA NVA ALDEA;VE2026;SI;FASA Zona Constituci;FASA Zona Constituci;FASA Zona Constituci;FSC 100%-SA-FM/COC-004173;100% CERTIFICADO CERTFOR-CL21/819943415
826853;09-05-2026;11734;COIHUECO Y OTROS (BB);S246;COSECHA;COSECHA;11:00;23:00;6:15;0:45;33;0;796625600;FORESTAL MILLALEMU Y CIA.LTDA.;2076896;1;796625600;MILLALEMU Y CIA.LTDA. FORESTAL MILLALEMU;;P0244NRCPLLF;CC;PIRA;;N048;2,44;2,44;3,9102;0;20;22-Falta/abstecimiento de combustible equipo de proce-5;300;P;Quemada;10-05-2026 00:40:33;09-05-2026;0;;SKIDDER;;PULPABLE;CN RANQUIL;VE2026;SI;FASA Zona Chillán;FASA Zona Chillán;FASA Zona Chillán;FSC 100%-SA-FM/COC-004173;100% CERTIFICADO CERTFOR-CL21/819943415
826853;09-05-2026;11734;COIHUECO Y OTROS (BB);S246;COSECHA;COSECHA;11:00;23:00;6:15;0:45;33;0;796625600;FORESTAL MILLALEMU Y CIA.LTDA.;2076896;1;796625600;MILLALEMU Y CIA.LTDA. FORESTAL MILLALEMU;;P0265LRCCAL1;CC;PIRA;35;N051;2,6;2,65;12,215;0;197;22-Falta/abstecimiento de combustible equipo de proce-5;300;P;Quemada;10-05-2026 00:40:33;09-05-2026;0;;SKIDDER;;PODADO;CN LOG NVA ALDEA;VE2026;SI;FASA Zona Chillán;FASA Zona Chillán;FASA Zona Chillán;FSC 100%-SA-FM/COC-004173;100% CERTIFICADO CERTFOR-CL21/819943415
826853;09-05-2026;11734;COIHUECO Y OTROS (BB);S246;COSECHA;COSECHA;11:00;23:00;6:15;0:45;33;0;796625600;FORESTAL MILLALEMU Y CIA.LTDA.;2076896;1;796625600;MILLALEMU Y CIA.LTDA. FORESTAL MILLALEMU;;P0265MRCCAL1;CC;PIRA;74;N051;2,6;2,65;25,308;0;210;22-Falta/abstecimiento de combustible equipo de proce-5;300;P;Quemada;10-05-2026 00:40:33;09-05-2026;0;;SKIDDER;;ASERRABLE;CN LOG NVA ALDEA;VE2026;SI;FASA Zona Chillán;FASA Zona Chillán;FASA Zona Chillán;FSC 100%-SA-FM/COC-004173;100% CERTIFICADO CERTFOR-CL21/819943415
826853;09-05-2026;11734;COIHUECO Y OTROS (BB);S246;COSECHA;COSECHA;11:00;23:00;6:15;0:45;33;0;796625600;FORESTAL MILLALEMU Y CIA.LTDA.;2076896;1;796625600;MILLALEMU Y CIA.LTDA. FORESTAL MILLALEMU;;P0265PRCCAL1;CC;PIRA;0;N051;2,6;2,65;0;0;13;22-Falta/abstecimiento de combustible equipo de proce-5;300;P;Fresca;10-05-2026 00:40:33;09-05-2026;0;;SKIDDER;;PODADO;CN LOG NVA ALDEA;VE2026;SI;FASA Zona Chillán;FASA Zona Chillán;FASA Zona Chillán;FSC 100%-SA-FM/COC-004173;100% CERTIFICADO CERTFOR-CL21/819943415
826853;09-05-2026;11734;COIHUECO Y OTROS (BB);S246;COSECHA;COSECHA;11:00;23:00;6:15;0:45;33;0;796625600;FORESTAL MILLALEMU Y CIA.LTDA.;2076896;1;796625600;MILLALEMU Y CIA.LTDA. FORESTAL MILLALEMU;;P0265RRCCAL1;CC;PIRA;110;N051;2,6;2,65;37,62;0;570;22-Falta/abstecimiento de combustible equipo de proce-5;300;P;Fresca;10-05-2026 00:40:33;09-05-2026;0;;SKIDDER;;ASERRABLE;CN LOG NVA ALDEA;VE2026;SI;FASA Zona Chillán;FASA Zona Chillán;FASA Zona Chillán;FSC 100%-SA-FM/COC-004173;100% CERTIFICADO CERTFOR-CL21/819943415
826853;09-05-2026;11734;COIHUECO Y OTROS (BB);S246;COSECHA;COSECHA;11:00;23:00;6:15;0:45;33;0;796625600;FORESTAL MILLALEMU Y CIA.LTDA.;2076896;1;796625600;MILLALEMU Y CIA.LTDA. FORESTAL MILLALEMU;;P0350URCPLLF;CC;PIRA;;N011;3,5;3,5;10,98846;0;120;22-Falta/abstecimiento de combustible equipo de proce-5;300;P;Fresca;10-05-2026 00:40:33;09-05-2026;0;;SKIDDER;;PULPABLE;PTA NVA ALDEA;VE2026;SI;FASA Zona Chillán;FASA Zona Chillán;FASA Zona Chillán;FSC 100%-SA-FM/COC-004173;100% CERTIFICADO CERTFOR-CL21/819943415
826853;09-05-2026;11734;COIHUECO Y OTROS (BB);S246;COSECHA;COSECHA;11:00;23:00;6:15;0:45;33;0;796625600;FORESTAL MILLALEMU Y CIA.LTDA.;2076896;1;796625600;MILLALEMU Y CIA.LTDA. FORESTAL MILLALEMU;;P0375MRCCAL1;CC;PIRA;100;N051;3,65;3,75;23,2;0;379;22-Falta/abstecimiento de combustible equipo de proce-5;300;P;Quemada;10-05-2026 00:40:33;09-05-2026;0;;SKIDDER;;ASERRABLE;CN LOG NVA ALDEA;VE2026;SI;FASA Zona Chillán;FASA Zona Chillán;FASA Zona Chillán;FSC 100%-SA-FM/COC-004173;100% CERTIFICADO CERTFOR-CL21/819943415
826853;09-05-2026;11734;COIHUECO Y OTROS (BB);S246;COSECHA;COSECHA;11:00;23:00;6:15;0:45;33;0;796625600;FORESTAL MILLALEMU Y CIA.LTDA.;2076896;1;796625600;MILLALEMU Y CIA.LTDA. FORESTAL MILLALEMU;;P0375RRCCAL1;CC;PIRA;30;N051;3,65;3,75;6,96;0;105;22-Falta/abstecimiento de combustible equipo de proce-5;300;P;Fresca;10-05-2026 00:40:33;09-05-2026;0;;SKIDDER;;ASERRABLE;CN LOG NVA ALDEA;VE2026;SI;FASA Zona Chillán;FASA Zona Chillán;FASA Zona Chillán;FSC 100%-SA-FM/COC-004173;100% CERTIFICADO CERTFOR-CL21/819943415
826853;09-05-2026;11734;COIHUECO Y OTROS (BB);S246;COSECHA;COSECHA;11:00;23:00;6:15;0:45;33;0;796625600;FORESTAL MILLALEMU Y CIA.LTDA.;2076896;1;796625600;MILLALEMU Y CIA.LTDA. FORESTAL MILLALEMU;;P0400NRCPLLF;CC;PIRA;;N048;4;4;10,876607;0;57;22-Falta/abstecimiento de combustible equipo de proce-5;300;P;Quemada 2;10-05-2026 00:40:33;09-05-2026;0;;SKIDDER;;PULPABLE;CN RANQUIL;VE2026;SI;FASA Zona Chillán;FASA Zona Chillán;FASA Zona Chillán;FSC 100%-SA-FM/COC-004173;100% CERTIFICADO CERTFOR-CL21/819943415
826853;09-05-2026;11734;COIHUECO Y OTROS (BB);S246;COSECHA;COSECHA;11:00;23:00;6:15;0:45;33;0;796625600;FORESTAL MILLALEMU Y CIA.LTDA.;2076896;1;796625600;MILLALEMU Y CIA.LTDA. FORESTAL MILLALEMU;;P0400NRCPLLF;CC;PIRA;0;N048;4;4;0;0;39;22-Falta/abstecimiento de combustible equipo de proce-5;300;P;Quemada;10-05-2026 00:40:33;;0;;SKIDDER;;PULPABLE;CN RANQUIL;VE2026;SI;FASA Zona Chillán;FASA Zona Chillán;FASA Zona Chillán;FSC 100%-SA-FM/COC-004173;100% CERTIFICADO CERTFOR-CL21/819943415
826856;09-05-2026;12191;CE-27 ESPINALILLO YBAR;MG5;COSECHA;COSECHA;11:00;17:15;5:30;0:30;0;450;796625600;FORESTAL MILLALEMU Y CIA.LTDA.;2078007;1;796625600;MILLALEMU Y CIA.LTDA. FORESTAL MILLALEMU;;P0244URC18-38;CC;PIRA;;T010;2,44;2,44;41,27256;0;307;42-Descanso/Pausa programada-0.25;15;P;Fresca;10-05-2026 00:58:46;09-05-2026;0;;GRAPPLE;;PULPABLE;CP CONSTITUCION;VE2026;SI;FASA Zona Constituci;FASA Zona Constituci;FASA Zona Constituci;FSC 100%-SA-FM/COC-004173;100% CERTIFICADO CERTFOR-CL21/819943415
826856;09-05-2026;12191;CE-27 ESPINALILLO YBAR;MG5;COSECHA;COSECHA;11:00;17:15;5:30;0:30;0;450;796625600;FORESTAL MILLALEMU Y CIA.LTDA.;2078007;1;796625600;MILLALEMU Y CIA.LTDA. FORESTAL MILLALEMU;;P0244URC8-16;CC;PIRA;;T010;2,44;2,44;49,77924;0;450;42-Descanso/Pausa programada-0.25;15;P;Fresca;10-05-2026 00:58:46;09-05-2026;0;;GRAPPLE;;PULPABLE;CP CONSTITUCION;VE2026;SI;FASA Zona Constituci;FASA Zona Constituci;FASA Zona Constituci;FSC 100%-SA-FM/COC-004173;100% CERTIFICADO CERTFOR-CL21/819943415
826856;09-05-2026;12191;CE-27 ESPINALILLO YBAR;MG5;COSECHA;COSECHA;11:00;17:15;5:30;0:30;0;450;796625600;FORESTAL MILLALEMU Y CIA.LTDA.;2078007;1;796625600;MILLALEMU Y CIA.LTDA. FORESTAL MILLALEMU;;P0410RRCCAL1;CC;PIRA;154;T014;4;4,1;29,26;0;55;42-Descanso/Pausa programada-0.25;15;P;Fresca;10-05-2026 00:58:46;09-05-2026;0;;GRAPPLE;;ASERRABLE;CN VINALES;VE2026;SI;FASA Zona Constituci;FASA Zona Constituci;FASA Zona Constituci;FSC 100%-SA-FM/COC-004173;100% CERTIFICADO CERTFOR-CL21/819943415
826864;09-05-2026;12191;CE-27 ESPINALILLO YBAR;MG5;COSECHA;COSECHA;17:15;23:00;5:00;0:30;10;450;796625600;FORESTAL MILLALEMU Y CIA.LTDA.;2078008;1;796625600;MILLALEMU Y CIA.LTDA. FORESTAL MILLALEMU;;P0244URC18-38;CC;PIRA;;T010;2,44;2,44;27,7704;0;293;42-Descanso/Pausa programada-0.25;15;P;Fresca;10-05-2026 01:05:55;09-05-2026;0;;GRAPPLE;;PULPABLE;CP CONSTITUCION;VE2026;SI;FASA Zona Constituci;FASA Zona Constituci;FASA Zona Constituci;FSC 100%-SA-FM/COC-004173;100% CERTIFICADO CERTFOR-CL21/819943415
826864;09-05-2026;12191;CE-27 ESPINALILLO YBAR;MG5;COSECHA;COSECHA;17:15;23:00;5:00;0:30;10;450;796625600;FORESTAL MILLALEMU Y CIA.LTDA.;2078008;1;796625600;MILLALEMU Y CIA.LTDA. FORESTAL MILLALEMU;;P0244URC8-16;CC;PIRA;;T010;2,44;2,44;30,2442;0;431;42-Descanso/Pausa programada-0.25;15;P;Fresca;10-05-2026 01:05:55;09-05-2026;0;;GRAPPLE;;PULPABLE;CP CONSTITUCION;VE2026;SI;FASA Zona Constituci;FASA Zona Constituci;FASA Zona Constituci;FSC 100%-SA-FM/COC-004173;100% CERTIFICADO CERTFOR-CL21/819943415
826864;09-05-2026;12191;CE-27 ESPINALILLO YBAR;MG5;COSECHA;COSECHA;17:15;23:00;5:00;0:30;10;450;796625600;FORESTAL MILLALEMU Y CIA.LTDA.;2078008;1;796625600;MILLALEMU Y CIA.LTDA. FORESTAL MILLALEMU;;P0410RRCCAL1;CC;PIRA;129;T014;4;4,1;24,639;0;287;42-Descanso/Pausa programada-0.25;15;P;Fresca;10-05-2026 01:05:55;09-05-2026;0;;GRAPPLE;;ASERRABLE;CN VINALES;VE2026;SI;FASA Zona Constituci;FASA Zona Constituci;FASA Zona Constituci;FSC 100%-SA-FM/COC-004173;100% CERTIFICADO CERTFOR-CL21/819943415
826865;09-05-2026;11983;EL CABRITO CBB;S123;COSECHA;COSECHA;11:00;23:00;2:00;1:00;9;37;796625600;FORESTAL MILLALEMU Y CIA.LTDA.;2074817;1;796625600;MILLALEMU Y CIA.LTDA. FORESTAL MILLALEMU;;P0244NRCPLLF;CC;PIRA;;N048;2,44;2,44;0;0;68;17-Falta de trozado-8.5|42-Descanso/Pausa programada-0.5;540;P;Quemada;10-05-2026 01:06:14;09-05-2026;0;;SKIDDER;;PULPABLE;CN RANQUIL;VE2026;SI;FASA Zona Chillán;FASA Zona Chillán;FASA Zona Chillán;FSC 100%-SA-FM/COC-004173;100% CERTIFICADO CERTFOR-CL21/819943415
826865;09-05-2026;11983;EL CABRITO CBB;S123;COSECHA;COSECHA;11:00;23:00;2:00;1:00;9;37;796625600;FORESTAL MILLALEMU Y CIA.LTDA.;2074817;1;796625600;MILLALEMU Y CIA.LTDA. FORESTAL MILLALEMU;;P0265LRCCAL1;CC;PIRA;5;N051;2,6;2,65;1,715;0;259;17-Falta de trozado-8.5|42-Descanso/Pausa programada-0.5;540;P;Quemada;10-05-2026 01:06:14;09-05-2026;0;;SKIDDER;;PODADO;CN LOG NVA ALDEA;VE2026;SI;FASA Zona Chillán;FASA Zona Chillán;FASA Zona Chillán;FSC 100%-SA-FM/COC-004173;100% CERTIFICADO CERTFOR-CL21/819943415
826865;09-05-2026;11983;EL CABRITO CBB;S123;COSECHA;COSECHA;11:00;23:00;2:00;1:00;9;37;796625600;FORESTAL MILLALEMU Y CIA.LTDA.;2074817;1;796625600;MILLALEMU Y CIA.LTDA. FORESTAL MILLALEMU;;P0265MRCCAL1;CC;PIRA;3;N051;2,6;2,65;1,047;0;565;17-Falta de trozado-8.5|42-Descanso/Pausa programada-0.5;540;P;Quemada;10-05-2026 01:06:14;09-05-2026;0;;SKIDDER;;ASERRABLE;CN LOG NVA ALDEA;VE2026;SI;FASA Zona Chillán;FASA Zona Chillán;FASA Zona Chillán;FSC 100%-SA-FM/COC-004173;100% CERTIFICADO CERTFOR-CL21/819943415
826865;09-05-2026;11983;EL CABRITO CBB;S123;COSECHA;COSECHA;11:00;23:00;2:00;1:00;9;37;796625600;FORESTAL MILLALEMU Y CIA.LTDA.;2074817;1;796625600;MILLALEMU Y CIA.LTDA. FORESTAL MILLALEMU;;P0265RRCCAL1;CC;PIRA;0;N051;2,6;2,65;0;0;39;17-Falta de trozado-8.5|42-Descanso/Pausa programada-0.5;540;P;Fresca;10-05-2026 01:06:14;09-05-2026;0;;SKIDDER;;ASERRABLE;CN LOG NVA ALDEA;VE2026;SI;FASA Zona Chillán;FASA Zona Chillán;FASA Zona Chillán;FSC 100%-SA-FM/COC-004173;100% CERTIFICADO CERTFOR-CL21/819943415
826865;09-05-2026;11983;EL CABRITO CBB;S123;COSECHA;COSECHA;11:00;23:00;2:00;1:00;9;37;796625600;FORESTAL MILLALEMU Y CIA.LTDA.;2074817;1;796625600;MILLALEMU Y CIA.LTDA. FORESTAL MILLALEMU;;P0350URCPLLF;CC;PIRA;;N011;3,5;3,5;11,651;0;186;17-Falta de trozado-8.5|42-Descanso/Pausa programada-0.5;540;P;Fresca;10-05-2026 01:06:14;09-05-2026;0;;SKIDDER;;PULPABLE;PTA NVA ALDEA;VE2026;SI;FASA Zona Chillán;FASA Zona Chillán;FASA Zona Chillán;FSC 100%-SA-FM/COC-004173;100% CERTIFICADO CERTFOR-CL21/819943415
826865;09-05-2026;11983;EL CABRITO CBB;S123;COSECHA;COSECHA;11:00;23:00;2:00;1:00;9;37;796625600;FORESTAL MILLALEMU Y CIA.LTDA.;2074817;1;796625600;MILLALEMU Y CIA.LTDA. FORESTAL MILLALEMU;;P0375MRCCAL1;CC;PIRA;48;N051;3,65;3,75;12,048;0;931;17-Falta de trozado-8.5|42-Descanso/Pausa programada-0.5;540;P;Quemada;10-05-2026 01:06:14;09-05-2026;0;;SKIDDER;;ASERRABLE;CN LOG NVA ALDEA;VE2026;SI;FASA Zona Chillán;FASA Zona Chillán;FASA Zona Chillán;FSC 100%-SA-FM/COC-004173;100% CERTIFICADO CERTFOR-CL21/819943415
826865;09-05-2026;11983;EL CABRITO CBB;S123;COSECHA;COSECHA;11:00;23:00;2:00;1:00;9;37;796625600;FORESTAL MILLALEMU Y CIA.LTDA.;2074817;1;796625600;MILLALEMU Y CIA.LTDA. FORESTAL MILLALEMU;;P0375RRCCAL1;CC;PIRA;0;N051;3,65;3,75;0;0;283;17-Falta de trozado-8.5|42-Descanso/Pausa programada-0.5;540;P;Fresca;10-05-2026 01:06:14;09-05-2026;0;;SKIDDER;;ASERRABLE;CN LOG NVA ALDEA;VE2026;SI;FASA Zona Chillán;FASA Zona Chillán;FASA Zona Chillán;FSC 100%-SA-FM/COC-004173;100% CERTIFICADO CERTFOR-CL21/819943415
826865;09-05-2026;11983;EL CABRITO CBB;S123;COSECHA;COSECHA;11:00;23:00;2:00;1:00;9;37;796625600;FORESTAL MILLALEMU Y CIA.LTDA.;2074817;1;796625600;MILLALEMU Y CIA.LTDA. FORESTAL MILLALEMU;;P0400NRCPLLF;CC;PIRA;;N048;4;4;0;0;5;17-Falta de trozado-8.5|42-Descanso/Pausa programada-0.5;540;P;Quemada;10-05-2026 01:06:14;09-05-2026;0;;SKIDDER;;PULPABLE;CN RANQUIL;VE2026;SI;FASA Zona Chillán;FASA Zona Chillán;FASA Zona Chillán;FSC 100%-SA-FM/COC-004173;100% CERTIFICADO CERTFOR-CL21/819943415
826865;09-05-2026;11983;EL CABRITO CBB;S123;COSECHA;COSECHA;11:00;23:00;2:00;1:00;9;37;796625600;FORESTAL MILLALEMU Y CIA.LTDA.;2074817;1;796625600;MILLALEMU Y CIA.LTDA. FORESTAL MILLALEMU;;P0400NRCPLLF;CC;PIRA;;N048;4;4;9,258;0;394;17-Falta de trozado-8.5|42-Descanso/Pausa programada-0.5;540;P;Quemada;10-05-2026 01:06:14;09-05-2026;0;;SKIDDER;;PULPABLE;CN RANQUIL;VE2026;SI;FASA Zona Chillán;FASA Zona Chillán;FASA Zona Chillán;FSC 100%-SA-FM/COC-004173;100% CERTIFICADO CERTFOR-CL21/819943415
826875;09-05-2026;11734;COIHUECO Y OTROS (BB);TEA02;COSECHA;COSECHA;11:00;23:00;9:00;1:00;56;100;796625600;FORESTAL MILLALEMU Y CIA.LTDA.;2077558;1;796625600;MILLALEMU Y CIA.LTDA. FORESTAL MILLALEMU;;P0244NRCPLLF;CC;PIRA;;N048;2,44;2,44;1,64388;0;10;13-Traslados dentro del predio (cancha, sector)-2;120;P;Quemada;10-05-2026 01:22:24;09-05-2026;0;;FORWINCH;;PULPABLE;CN RANQUIL;VE2026;SI;FASA Zona Chillán;FASA Zona Chillán;FASA Zona Chillán;FSC 100%-SA-FM/COC-004173;100% CERTIFICADO CERTFOR-CL21/819943415
826875;09-05-2026;11734;COIHUECO Y OTROS (BB);TEA02;COSECHA;COSECHA;11:00;23:00;9:00;1:00;56;100;796625600;FORESTAL MILLALEMU Y CIA.LTDA.;2077558;1;796625600;MILLALEMU Y CIA.LTDA. FORESTAL MILLALEMU;;P0265LRCCAL1;CC;PIRA;33;N051;2,6;2,65;11,517;0;48;13-Traslados dentro del predio (cancha, sector)-2;120;P;Quemada;10-05-2026 01:22:24;09-05-2026;0;;FORWINCH;;PODADO;CN LOG NVA ALDEA;VE2026;SI;FASA Zona Chillán;FASA Zona Chillán;FASA Zona Chillán;FSC 100%-SA-FM/COC-004173;100% CERTIFICADO CERTFOR-CL21/819943415
826875;09-05-2026;11734;COIHUECO Y OTROS (BB);TEA02;COSECHA;COSECHA;11:00;23:00;9:00;1:00;56;100;796625600;FORESTAL MILLALEMU Y CIA.LTDA.;2077558;1;796625600;MILLALEMU Y CIA.LTDA. FORESTAL MILLALEMU;;P0265RRCCAL1;CC;PIRA;103;N051;2,6;2,65;35,226;0;80;13-Traslados dentro del predio (cancha, sector)-2;120;P;Fresca;10-05-2026 01:22:24;09-05-2026;0;;FORWINCH;;ASERRABLE;CN LOG NVA ALDEA;VE2026;SI;FASA Zona Chillán;FASA Zona Chillán;FASA Zona Chillán;FSC 100%-SA-FM/COC-004173;100% CERTIFICADO CERTFOR-CL21/819943415
826875;09-05-2026;11734;COIHUECO Y OTROS (BB);TEA02;COSECHA;COSECHA;11:00;23:00;9:00;1:00;56;100;796625600;FORESTAL MILLALEMU Y CIA.LTDA.;2077558;1;796625600;MILLALEMU Y CIA.LTDA. FORESTAL MILLALEMU;;P0375MRCCAL1;CC;PIRA;72;N051;3,65;3,75;16,704;0;80;13-Traslados dentro del predio (cancha, sector)-2;120;P;Quemada;10-05-2026 01:22:24;09-05-2026;0;;FORWINCH;;ASERRABLE;CN LOG NVA ALDEA;VE2026;SI;FASA Zona Chillán;FASA Zona Chillán;FASA Zona Chillán;FSC 100%-SA-FM/COC-004173;100% CERTIFICADO CERTFOR-CL21/819943415
826875;09-05-2026;11734;COIHUECO Y OTROS (BB);TEA02;COSECHA;COSECHA;11:00;23:00;9:00;1:00;56;100;796625600;FORESTAL MILLALEMU Y CIA.LTDA.;2077558;1;796625600;MILLALEMU Y CIA.LTDA. FORESTAL MILLALEMU;;P0375RRCCAL1;CC;PIRA;57;N051;3,65;3,75;13,224;0;40;13-Traslados dentro del predio (cancha, sector)-2;120;P;Fresca;10-05-2026 01:22:24;09-05-2026;0;;FORWINCH;;ASERRABLE;CN LOG NVA ALDEA;VE2026;SI;FASA Zona Chillán;FASA Zona Chillán;FASA Zona Chillán;FSC 100%-SA-FM/COC-004173;100% CERTIFICADO CERTFOR-CL21/819943415
826875;09-05-2026;11734;COIHUECO Y OTROS (BB);TEA02;COSECHA;COSECHA;11:00;23:00;9:00;1:00;56;100;796625600;FORESTAL MILLALEMU Y CIA.LTDA.;2077558;1;796625600;MILLALEMU Y CIA.LTDA. FORESTAL MILLALEMU;;P0400NRCPLLF;CC;PIRA;;N048;4;4;22,51237;0;60;13-Traslados dentro del predio (cancha, sector)-2;120;P;Quemada;10-05-2026 01:22:24;09-05-2026;0;;FORWINCH;;PULPABLE;CN RANQUIL;VE2026;SI;FASA Zona Chillán;FASA Zona Chillán;FASA Zona Chillán;FSC 100%-SA-FM/COC-004173;100% CERTIFICADO CERTFOR-CL21/819943415
826886;09-05-2026;11748;LAS ULLOAS (BB);S223;COSECHA;COSECHA;11:00;23:00;6:00;1:00;50;7;796625600;FORESTAL MILLALEMU Y CIA.LTDA.;2076574;1;796625600;MILLALEMU Y CIA.LTDA. FORESTAL MILLALEMU;;P0244URCPLSD;CC;PIRA;0;N011;2,44;2,44;0;0;25;68-Sobre Shoveleo-5;300;P;Fresca;10-05-2026 01:41:38;09-05-2026;0;;SKIDDER;;PULPABLE;PTA NVA ALDEA;VE2026;SI;FASA Zona Chillán;FASA Zona Chillán;FASA Zona Chillán;FSC 100%-SA-FM/COC-004173;100% CERTIFICADO CERTFOR-CL21/819943415
826886;09-05-2026;11748;LAS ULLOAS (BB);S223;COSECHA;COSECHA;11:00;23:00;6:00;1:00;50;7;796625600;FORESTAL MILLALEMU Y CIA.LTDA.;2076574;1;796625600;MILLALEMU Y CIA.LTDA. FORESTAL MILLALEMU;;P0265LRCCAL1;CC;PIRA;16;N051;2,6;2,65;4,944;0;35;68-Sobre Shoveleo-5;300;P;Quemada;10-05-2026 01:41:38;09-05-2026;0;;SKIDDER;;PODADO;CN LOG NVA ALDEA;VE2026;SI;FASA Zona Chillán;FASA Zona Chillán;FASA Zona Chillán;FSC 100%-SA-FM/COC-004173;100% CERTIFICADO CERTFOR-CL21/819943415
826886;09-05-2026;11748;LAS ULLOAS (BB);S223;COSECHA;COSECHA;11:00;23:00;6:00;1:00;50;7;796625600;FORESTAL MILLALEMU Y CIA.LTDA.;2076574;1;796625600;MILLALEMU Y CIA.LTDA. FORESTAL MILLALEMU;;P0265MRCCAL1;CC;PIRA;47;N051;2,6;2,65;15,087;0;50;68-Sobre Shoveleo-5;300;P;Quemada;10-05-2026 01:41:38;09-05-2026;0;;SKIDDER;;ASERRABLE;CN LOG NVA ALDEA;VE2026;SI;FASA Zona Chillán;FASA Zona Chillán;FASA Zona Chillán;FSC 100%-SA-FM/COC-004173;100% CERTIFICADO CERTFOR-CL21/819943415
826886;09-05-2026;11748;LAS ULLOAS (BB);S223;COSECHA;COSECHA;11:00;23:00;6:00;1:00;50;7;796625600;FORESTAL MILLALEMU Y CIA.LTDA.;2076574;1;796625600;MILLALEMU Y CIA.LTDA. FORESTAL MILLALEMU;;P0300NRCPLVA;CC;PIRA;;N048;3;3;47,490961;0;680;68-Sobre Shoveleo-5;300;P;Quemada;10-05-2026 01:41:38;09-05-2026;0;;SKIDDER;;PULPABLE;CN RANQUIL;VE2026;SI;FASA Zona Chillán;FASA Zona Chillán;FASA Zona Chillán;FSC 100%-SA-FM/COC-004173;100% CERTIFICADO CERTFOR-CL21/819943415
826886;09-05-2026;11748;LAS ULLOAS (BB);S223;COSECHA;COSECHA;11:00;23:00;6:00;1:00;50;7;796625600;FORESTAL MILLALEMU Y CIA.LTDA.;2076574;1;796625600;MILLALEMU Y CIA.LTDA. FORESTAL MILLALEMU;;P0375MRCCAL1;CC;PIRA;279;N051;3,65;3,75;64,449;0;150;68-Sobre Shoveleo-5;300;P;Quemada;10-05-2026 01:41:38;09-05-2026;0;;SKIDDER;;ASERRABLE;CN LOG NVA ALDEA;VE2026;SI;FASA Zona Chillán;FASA Zona Chillán;FASA Zona Chillán;FSC 100%-SA-FM/COC-004173;100% CERTIFICADO CERTFOR-CL21/819943415
826921;09-05-2026;11734;COIHUECO Y OTROS (BB);TEA08;COSECHA;COSECHA;11:00;23:00;6:00;1:00;25;83;796625600;FORESTAL MILLALEMU Y CIA.LTDA.;2076233;1;796625600;MILLALEMU Y CIA.LTDA. FORESTAL MILLALEMU;;P0244NRCPLLF;CC;PIRA;;N048;2,44;2,44;1,9152;0;50;4-Reparacion/Falla equipo de Trozado-5;300;P;Quemada;10-05-2026 03:18:10;09-05-2026;0;;FORWINCH;;PULPABLE;CN RANQUIL;VE2026;SI;FASA Zona Chillán;FASA Zona Chillán;FASA Zona Chillán;FSC 100%-SA-FM/COC-004173;100% CERTIFICADO CERTFOR-CL21/819943415
826921;09-05-2026;11734;COIHUECO Y OTROS (BB);TEA08;COSECHA;COSECHA;11:00;23:00;6:00;1:00;25;83;796625600;FORESTAL MILLALEMU Y CIA.LTDA.;2076233;1;796625600;MILLALEMU Y CIA.LTDA. FORESTAL MILLALEMU;;P0375MRCCAL1;CC;PIRA;40;N051;3,65;3,75;8,72;0;50;4-Reparacion/Falla equipo de Trozado-5;300;P;Quemada;10-05-2026 03:18:10;09-05-2026;0;;FORWINCH;;ASERRABLE;CN LOG NVA ALDEA;VE2026;SI;FASA Zona Chillán;FASA Zona Chillán;FASA Zona Chillán;FSC 100%-SA-FM/COC-004173;100% CERTIFICADO CERTFOR-CL21/819943415
826944;10-05-2026;10608;POLHUIN;T125;COSECHA;COSECHA;11:00;23:00;7:00;1:00;97;500;796625600;FORESTAL MILLALEMU Y CIA.LTDA.;2076036;1;796625600;MILLALEMU Y CIA.LTDA. FORESTAL MILLALEMU;;E0244UGCPLLF;CC;EUGL;;N011;2,44;2,44;9,54863;0;27;18-Falta de volteo o desrame-4;240;P;Fresca;10-05-2026 23:42:54;10-05-2026;0;;TORRE500;;PULPABLE;PTA NVA ALDEA;VE2026;SI;FASA Zona Constituci;FASA Zona Constituci;FASA Zona Constituci;FSC 100%-SA-FM/COC-004173;100% CERTIFICADO CERTFOR-CL21/819943415
826944;10-05-2026;10608;POLHUIN;T125;COSECHA;COSECHA;11:00;23:00;7:00;1:00;97;500;796625600;FORESTAL MILLALEMU Y CIA.LTDA.;2076036;1;796625600;MILLALEMU Y CIA.LTDA. FORESTAL MILLALEMU;;E0550UGCPLLF;CC;EUGL;;N011;5,5;5,5;82,27392;0;3886;18-Falta de volteo o desrame-4;240;P;Fresca;10-05-2026 23:42:54;10-05-2026;0;;TORRE500;;PULPABLE;PTA NVA ALDEA;VE2026;SI;FASA Zona Constituci;FASA Zona Constituci;FASA Zona Constituci;FSC 100%-SA-FM/COC-004173;100% CERTIFICADO CERTFOR-CL21/819943415
826947;10-05-2026;11734;COIHUECO Y OTROS (BB);S246;COSECHA;COSECHA;11:00;23:00;8:00;1:00;30;180;796625600;FORESTAL MILLALEMU Y CIA.LTDA.;2076896;1;796625600;MILLALEMU Y CIA.LTDA. FORESTAL MILLALEMU;;P0244NRCPLLF;CC;PIRA;;N048;2,44;2,44;19,152;0;39;22-Falta/abstecimiento de combustible equipo de proce-3;180;P;Quemada;11-05-2026 00:01:16;10-05-2026;0;;SKIDDER;;PULPABLE;CN RANQUIL;VE2026;SI;FASA Zona Chillán;FASA Zona Chillán;FASA Zona Chillán;FSC 100%-SA-FM/COC-004173;100% CERTIFICADO CERTFOR-CL21/819943415
826947;10-05-2026;11734;COIHUECO Y OTROS (BB);S246;COSECHA;COSECHA;11:00;23:00;8:00;1:00;30;180;796625600;FORESTAL MILLALEMU Y CIA.LTDA.;2076896;1;796625600;MILLALEMU Y CIA.LTDA. FORESTAL MILLALEMU;;P0265LRCCAL1;CC;PIRA;35;N051;2,6;2,65;12,215;0;209;22-Falta/abstecimiento de combustible equipo de proce-3;180;P;Quemada;11-05-2026 00:01:16;10-05-2026;0;;SKIDDER;;PODADO;CN LOG NVA ALDEA;VE2026;SI;FASA Zona Chillán;FASA Zona Chillán;FASA Zona Chillán;FSC 100%-SA-FM/COC-004173;100% CERTIFICADO CERTFOR-CL21/819943415
826947;10-05-2026;11734;COIHUECO Y OTROS (BB);S246;COSECHA;COSECHA;11:00;23:00;8:00;1:00;30;180;796625600;FORESTAL MILLALEMU Y CIA.LTDA.;2076896;1;796625600;MILLALEMU Y CIA.LTDA. FORESTAL MILLALEMU;;P0265MRCCAL1;CC;PIRA;44;N051;2,6;2,65;15,048;0;225;22-Falta/abstecimiento de combustible equipo de proce-3;180;P;Quemada;11-05-2026 00:01:16;10-05-2026;0;;SKIDDER;;ASERRABLE;CN LOG NVA ALDEA;VE2026;SI;FASA Zona Chillán;FASA Zona Chillán;FASA Zona Chillán;FSC 100%-SA-FM/COC-004173;100% CERTIFICADO CERTFOR-CL21/819943415
826947;10-05-2026;11734;COIHUECO Y OTROS (BB);S246;COSECHA;COSECHA;11:00;23:00;8:00;1:00;30;180;796625600;FORESTAL MILLALEMU Y CIA.LTDA.;2076896;1;796625600;MILLALEMU Y CIA.LTDA. FORESTAL MILLALEMU;;P0265PRCCAL1;CC;PIRA;0;N051;2,6;2,65;0;0;13;22-Falta/abstecimiento de combustible equipo de proce-3;180;P;Fresca;11-05-2026 00:01:16;10-05-2026;0;;SKIDDER;;PODADO;CN LOG NVA ALDEA;VE2026;SI;FASA Zona Chillán;FASA Zona Chillán;FASA Zona Chillán;FSC 100%-SA-FM/COC-004173;100% CERTIFICADO CERTFOR-CL21/819943415
826947;10-05-2026;11734;COIHUECO Y OTROS (BB);S246;COSECHA;COSECHA;11:00;23:00;8:00;1:00;30;180;796625600;FORESTAL MILLALEMU Y CIA.LTDA.;2076896;1;796625600;MILLALEMU Y CIA.LTDA. FORESTAL MILLALEMU;;P0265RRCCAL1;CC;PIRA;50;N051;2,6;2,65;17,1;0;122;22-Falta/abstecimiento de combustible equipo de proce-3;180;P;Fresca;11-05-2026 00:01:16;10-05-2026;0;;SKIDDER;;ASERRABLE;CN LOG NVA ALDEA;VE2026;SI;FASA Zona Chillán;FASA Zona Chillán;FASA Zona Chillán;FSC 100%-SA-FM/COC-004173;100% CERTIFICADO CERTFOR-CL21/819943415
826947;10-05-2026;11734;COIHUECO Y OTROS (BB);S246;COSECHA;COSECHA;11:00;23:00;8:00;1:00;30;180;796625600;FORESTAL MILLALEMU Y CIA.LTDA.;2076896;1;796625600;MILLALEMU Y CIA.LTDA. FORESTAL MILLALEMU;;P0350URCPLLF;CC;PIRA;;N011;3,5;3,5;14,881104;0;135;22-Falta/abstecimiento de combustible equipo de proce-3;180;P;Fresca;11-05-2026 00:01:16;10-05-2026;0;;SKIDDER;;PULPABLE;PTA NVA ALDEA;VE2026;SI;FASA Zona Chillán;FASA Zona Chillán;FASA Zona Chillán;FSC 100%-SA-FM/COC-004173;100% CERTIFICADO CERTFOR-CL21/819943415
826947;10-05-2026;11734;COIHUECO Y OTROS (BB);S246;COSECHA;COSECHA;11:00;23:00;8:00;1:00;30;180;796625600;FORESTAL MILLALEMU Y CIA.LTDA.;2076896;1;796625600;MILLALEMU Y CIA.LTDA. FORESTAL MILLALEMU;;P0375MRCCAL1;CC;PIRA;120;N051;3,65;3,75;27,84;0;425;22-Falta/abstecimiento de combustible equipo de proce-3;180;P;Quemada;11-05-2026 00:01:16;10-05-2026;0;;SKIDDER;;ASERRABLE;CN LOG NVA ALDEA;VE2026;SI;FASA Zona Chillán;FASA Zona Chillán;FASA Zona Chillán;FSC 100%-SA-FM/COC-004173;100% CERTIFICADO CERTFOR-CL21/819943415
826947;10-05-2026;11734;COIHUECO Y OTROS (BB);S246;COSECHA;COSECHA;11:00;23:00;8:00;1:00;30;180;796625600;FORESTAL MILLALEMU Y CIA.LTDA.;2076896;1;796625600;MILLALEMU Y CIA.LTDA. FORESTAL MILLALEMU;;P0375RRCCAL1;CC;PIRA;70;N051;3,65;3,75;16,24;0;586;22-Falta/abstecimiento de combustible equipo de proce-3;180;P;Fresca;11-05-2026 00:01:16;10-05-2026;0;;SKIDDER;;ASERRABLE;CN LOG NVA ALDEA;VE2026;SI;FASA Zona Chillán;FASA Zona Chillán;FASA Zona Chillán;FSC 100%-SA-FM/COC-004173;100% CERTIFICADO CERTFOR-CL21/819943415
826947;10-05-2026;11734;COIHUECO Y OTROS (BB);S246;COSECHA;COSECHA;11:00;23:00;8:00;1:00;30;180;796625600;FORESTAL MILLALEMU Y CIA.LTDA.;2076896;1;796625600;MILLALEMU Y CIA.LTDA. FORESTAL MILLALEMU;;P0400NRCPLLF;CC;PIRA;;N048;4;4;13,658636;0;71;22-Falta/abstecimiento de combustible equipo de proce-3;180;P;Quemada 2;11-05-2026 00:01:16;10-05-2026;0;;SKIDDER;;PULPABLE;CN RANQUIL;VE2026;SI;FASA Zona Chillán;FASA Zona Chillán;FASA Zona Chillán;FSC 100%-SA-FM/COC-004173;100% CERTIFICADO CERTFOR-CL21/819943415
826947;10-05-2026;11734;COIHUECO Y OTROS (BB);S246;COSECHA;COSECHA;11:00;23:00;8:00;1:00;30;180;796625600;FORESTAL MILLALEMU Y CIA.LTDA.;2076896;1;796625600;MILLALEMU Y CIA.LTDA. FORESTAL MILLALEMU;;P0400NRCPLLF;CC;PIRA;0;N048;4;4;4,047289;0;43;22-Falta/abstecimiento de combustible equipo de proce-3;180;P;Quemada;11-05-2026 00:01:16;;0;;SKIDDER;;PULPABLE;CN RANQUIL;VE2026;SI;FASA Zona Chillán;FASA Zona Chillán;FASA Zona Chillán;FSC 100%-SA-FM/COC-004173;100% CERTIFICADO CERTFOR-CL21/819943415
826955;10-05-2026;11748;LAS ULLOAS (BB);S223;COSECHA;COSECHA;11:00;23:00;8:00;1:00;7;260;796625600;FORESTAL MILLALEMU Y CIA.LTDA.;2076574;1;796625600;MILLALEMU Y CIA.LTDA. FORESTAL MILLALEMU;;P0244URCPLSD;CC;PIRA;;N011;2,44;2,44;5,44236;0;25;68-Sobre Shoveleo-3;180;P;Fresca;11-05-2026 00:20:09;10-05-2026;0;;SKIDDER;;PULPABLE;PTA NVA ALDEA;VE2026;SI;FASA Zona Chillán;FASA Zona Chillán;FASA Zona Chillán;FSC 100%-SA-FM/COC-004173;100% CERTIFICADO CERTFOR-CL21/819943415
826955;10-05-2026;11748;LAS ULLOAS (BB);S223;COSECHA;COSECHA;11:00;23:00;8:00;1:00;7;260;796625600;FORESTAL MILLALEMU Y CIA.LTDA.;2076574;1;796625600;MILLALEMU Y CIA.LTDA. FORESTAL MILLALEMU;;P0265LRCCAL1;CC;PIRA;10;N051;2,6;2,65;3,09;0;39;68-Sobre Shoveleo-3;180;P;Quemada;11-05-2026 00:20:09;10-05-2026;0;;SKIDDER;;PODADO;CN LOG NVA ALDEA;VE2026;SI;FASA Zona Chillán;FASA Zona Chillán;FASA Zona Chillán;FSC 100%-SA-FM/COC-004173;100% CERTIFICADO CERTFOR-CL21/819943415
826955;10-05-2026;11748;LAS ULLOAS (BB);S223;COSECHA;COSECHA;11:00;23:00;8:00;1:00;7;260;796625600;FORESTAL MILLALEMU Y CIA.LTDA.;2076574;1;796625600;MILLALEMU Y CIA.LTDA. FORESTAL MILLALEMU;;P0265MRCCAL1;CC;PIRA;39;N051;2,6;2,65;12,519;0;56;68-Sobre Shoveleo-3;180;P;Quemada;11-05-2026 00:20:09;10-05-2026;0;;SKIDDER;;ASERRABLE;CN LOG NVA ALDEA;VE2026;SI;FASA Zona Chillán;FASA Zona Chillán;FASA Zona Chillán;FSC 100%-SA-FM/COC-004173;100% CERTIFICADO CERTFOR-CL21/819943415
826955;10-05-2026;11748;LAS ULLOAS (BB);S223;COSECHA;COSECHA;11:00;23:00;8:00;1:00;7;260;796625600;FORESTAL MILLALEMU Y CIA.LTDA.;2076574;1;796625600;MILLALEMU Y CIA.LTDA. FORESTAL MILLALEMU;;P0300NRCPLVA;CC;PIRA;;N048;3;3;32,786159;0;750;68-Sobre Shoveleo-3;180;P;Quemada;11-05-2026 00:20:09;10-05-2026;0;;SKIDDER;;PULPABLE;CN RANQUIL;VE2026;SI;FASA Zona Chillán;FASA Zona Chillán;FASA Zona Chillán;FSC 100%-SA-FM/COC-004173;100% CERTIFICADO CERTFOR-CL21/819943415
826955;10-05-2026;11748;LAS ULLOAS (BB);S223;COSECHA;COSECHA;11:00;23:00;8:00;1:00;7;260;796625600;FORESTAL MILLALEMU Y CIA.LTDA.;2076574;1;796625600;MILLALEMU Y CIA.LTDA. FORESTAL MILLALEMU;;P0375MRCCAL1;CC;PIRA;264;N051;3,65;3,75;60,984;0;150;68-Sobre Shoveleo-3;180;P;Quemada;11-05-2026 00:20:09;10-05-2026;0;;SKIDDER;;ASERRABLE;CN LOG NVA ALDEA;VE2026;SI;FASA Zona Chillán;FASA Zona Chillán;FASA Zona Chillán;FSC 100%-SA-FM/COC-004173;100% CERTIFICADO CERTFOR-CL21/819943415
826959;10-05-2026;11983;EL CABRITO CBB;S123;COSECHA;COSECHA;11:00;23:00;0:00;1:00;0;0;796625600;FORESTAL MILLALEMU Y CIA.LTDA.;2074817;1;796625600;MILLALEMU Y CIA.LTDA. FORESTAL MILLALEMU;;P0244NRCPLLF;CC;PIRA;0;N048;2,39;2,44;0;0;68;38-Falta autorizaciones FASA-10.5|42-Descanso/Pausa programada-0.5;660;P;Quemada;11-05-2026 00:26:25;10-05-2026;0;;SKIDDER;;PULPABLE;CN RANQUIL;VE2026;SI;FASA Zona Chillán;FASA Zona Chillán;FASA Zona Chillán;FSC 100%-SA-FM/COC-004173;100% CERTIFICADO CERTFOR-CL21/819943415
826959;10-05-2026;11983;EL CABRITO CBB;S123;COSECHA;COSECHA;11:00;23:00;0:00;1:00;0;0;796625600;FORESTAL MILLALEMU Y CIA.LTDA.;2074817;1;796625600;MILLALEMU Y CIA.LTDA. FORESTAL MILLALEMU;;P0265LRCCAL1;CC;PIRA;0;N051;2,6;2,65;0;0;259;38-Falta autorizaciones FASA-10.5|42-Descanso/Pausa programada-0.5;660;P;Quemada;11-05-2026 00:26:25;10-05-2026;0;;SKIDDER;;PODADO;CN LOG NVA ALDEA;VE2026;SI;FASA Zona Chillán;FASA Zona Chillán;FASA Zona Chillán;FSC 100%-SA-FM/COC-004173;100% CERTIFICADO CERTFOR-CL21/819943415
826959;10-05-2026;11983;EL CABRITO CBB;S123;COSECHA;COSECHA;11:00;23:00;0:00;1:00;0;0;796625600;FORESTAL MILLALEMU Y CIA.LTDA.;2074817;1;796625600;MILLALEMU Y CIA.LTDA. FORESTAL MILLALEMU;;P0265MRCCAL1;CC;PIRA;0;N051;2,6;2,65;0;0;565;38-Falta autorizaciones FASA-10.5|42-Descanso/Pausa programada-0.5;660;P;Quemada;11-05-2026 00:26:25;10-05-2026;0;;SKIDDER;;ASERRABLE;CN LOG NVA ALDEA;VE2026;SI;FASA Zona Chillán;FASA Zona Chillán;FASA Zona Chillán;FSC 100%-SA-FM/COC-004173;100% CERTIFICADO CERTFOR-CL21/819943415
826959;10-05-2026;11983;EL CABRITO CBB;S123;COSECHA;COSECHA;11:00;23:00;0:00;1:00;0;0;796625600;FORESTAL MILLALEMU Y CIA.LTDA.;2074817;1;796625600;MILLALEMU Y CIA.LTDA. FORESTAL MILLALEMU;;P0265RRCCAL1;CC;PIRA;0;N051;2,6;2,65;0;0;39;38-Falta autorizaciones FASA-10.5|42-Descanso/Pausa programada-0.5;660;P;Fresca;11-05-2026 00:26:25;10-05-2026;0;;SKIDDER;;ASERRABLE;CN LOG NVA ALDEA;VE2026;SI;FASA Zona Chillán;FASA Zona Chillán;FASA Zona Chillán;FSC 100%-SA-FM/COC-004173;100% CERTIFICADO CERTFOR-CL21/819943415
826959;10-05-2026;11983;EL CABRITO CBB;S123;COSECHA;COSECHA;11:00;23:00;0:00;1:00;0;0;796625600;FORESTAL MILLALEMU Y CIA.LTDA.;2074817;1;796625600;MILLALEMU Y CIA.LTDA. FORESTAL MILLALEMU;;P0350URCPLLF;CC;PIRA;0;N011;3,4;3,5;0;0;186;38-Falta autorizaciones FASA-10.5|42-Descanso/Pausa programada-0.5;660;P;Fresca;11-05-2026 00:26:25;10-05-2026;0;;SKIDDER;;PULPABLE;PTA NVA ALDEA;VE2026;SI;FASA Zona Chillán;FASA Zona Chillán;FASA Zona Chillán;FSC 100%-SA-FM/COC-004173;100% CERTIFICADO CERTFOR-CL21/819943415
826959;10-05-2026;11983;EL CABRITO CBB;S123;COSECHA;COSECHA;11:00;23:00;0:00;1:00;0;0;796625600;FORESTAL MILLALEMU Y CIA.LTDA.;2074817;1;796625600;MILLALEMU Y CIA.LTDA. FORESTAL MILLALEMU;;P0375MRCCAL1;CC;PIRA;0;N051;3,65;3,75;0;0;931;38-Falta autorizaciones FASA-10.5|42-Descanso/Pausa programada-0.5;660;P;Quemada;11-05-2026 00:26:25;10-05-2026;0;;SKIDDER;;ASERRABLE;CN LOG NVA ALDEA;VE2026;SI;FASA Zona Chillán;FASA Zona Chillán;FASA Zona Chillán;FSC 100%-SA-FM/COC-004173;100% CERTIFICADO CERTFOR-CL21/819943415
826959;10-05-2026;11983;EL CABRITO CBB;S123;COSECHA;COSECHA;11:00;23:00;0:00;1:00;0;0;796625600;FORESTAL MILLALEMU Y CIA.LTDA.;2074817;1;796625600;MILLALEMU Y CIA.LTDA. FORESTAL MILLALEMU;;P0375RRCCAL1;CC;PIRA;0;N051;3,65;3,75;0;0;283;38-Falta autorizaciones FASA-10.5|42-Descanso/Pausa programada-0.5;660;P;Fresca;11-05-2026 00:26:25;10-05-2026;0;;SKIDDER;;ASERRABLE;CN LOG NVA ALDEA;VE2026;SI;FASA Zona Chillán;FASA Zona Chillán;FASA Zona Chillán;FSC 100%-SA-FM/COC-004173;100% CERTIFICADO CERTFOR-CL21/819943415
826959;10-05-2026;11983;EL CABRITO CBB;S123;COSECHA;COSECHA;11:00;23:00;0:00;1:00;0;0;796625600;FORESTAL MILLALEMU Y CIA.LTDA.;2074817;1;796625600;MILLALEMU Y CIA.LTDA. FORESTAL MILLALEMU;;P0400NRCPLLF;CC;PIRA;0;N048;3,9;4;0;0;5;38-Falta autorizaciones FASA-10.5|42-Descanso/Pausa programada-0.5;660;P;Quemada;11-05-2026 00:26:25;;0;;SKIDDER;;PULPABLE;CN RANQUIL;VE2026;SI;FASA Zona Chillán;FASA Zona Chillán;FASA Zona Chillán;FSC 100%-SA-FM/COC-004173;100% CERTIFICADO CERTFOR-CL21/819943415
826959;10-05-2026;11983;EL CABRITO CBB;S123;COSECHA;COSECHA;11:00;23:00;0:00;1:00;0;0;796625600;FORESTAL MILLALEMU Y CIA.LTDA.;2074817;1;796625600;MILLALEMU Y CIA.LTDA. FORESTAL MILLALEMU;;P0400NRCPLLF;CC;PIRA;0;N048;3,9;4;0;0;394;38-Falta autorizaciones FASA-10.5|42-Descanso/Pausa programada-0.5;660;P;Quemada;11-05-2026 00:26:25;10-05-2026;0;;SKIDDER;;PULPABLE;CN RANQUIL;VE2026;SI;FASA Zona Chillán;FASA Zona Chillán;FASA Zona Chillán;FSC 100%-SA-FM/COC-004173;100% CERTIFICADO CERTFOR-CL21/819943415
826969;10-05-2026;11734;COIHUECO Y OTROS (BB);S58;COSECHA;COSECHA;11:00;23:00;10:00;1:00;50;255;796625600;FORESTAL MILLALEMU Y CIA.LTDA.;2077008;1;796625600;MILLALEMU Y CIA.LTDA. FORESTAL MILLALEMU;;P0244NRCPLLF;CC;PIRA;;N048;2,44;2,44;19,95;0;60;4-Reparacion/Falla equipo de Trozado-1;60;P;Quemada;11-05-2026 00:48:49;10-05-2026;0;;SKIDDER;;PULPABLE;CN RANQUIL;VE2026;SI;FASA Zona Chillán;FASA Zona Chillán;FASA Zona Chillán;FSC 100%-SA-FM/COC-004173;100% CERTIFICADO CERTFOR-CL21/819943415
826969;10-05-2026;11734;COIHUECO Y OTROS (BB);S58;COSECHA;COSECHA;11:00;23:00;10:00;1:00;50;255;796625600;FORESTAL MILLALEMU Y CIA.LTDA.;2077008;1;796625600;MILLALEMU Y CIA.LTDA. FORESTAL MILLALEMU;;P0244NRCPLSD;CC;PIRA;0;N048;2,44;2,44;23,94;0;65;4-Reparacion/Falla equipo de Trozado-1;60;P;Quemada;11-05-2026 00:48:49;;0;;SKIDDER;;PULPABLE;CN RANQUIL;VE2026;SI;FASA Zona Chillán;FASA Zona Chillán;FASA Zona Chillán;FSC 100%-SA-FM/COC-004173;100% CERTIFICADO CERTFOR-CL21/819943415
826969;10-05-2026;11734;COIHUECO Y OTROS (BB);S58;COSECHA;COSECHA;11:00;23:00;10:00;1:00;50;255;796625600;FORESTAL MILLALEMU Y CIA.LTDA.;2077008;1;796625600;MILLALEMU Y CIA.LTDA. FORESTAL MILLALEMU;;P0265LRCCAL1;CC;PIRA;44;N051;2,6;2,65;17,116;0;220;4-Reparacion/Falla equipo de Trozado-1;60;P;Quemada;11-05-2026 00:48:49;10-05-2026;0;;SKIDDER;;PODADO;CN LOG NVA ALDEA;VE2026;SI;FASA Zona Chillán;FASA Zona Chillán;FASA Zona Chillán;FSC 100%-SA-FM/COC-004173;100% CERTIFICADO CERTFOR-CL21/819943415
826969;10-05-2026;11734;COIHUECO Y OTROS (BB);S58;COSECHA;COSECHA;11:00;23:00;10:00;1:00;50;255;796625600;FORESTAL MILLALEMU Y CIA.LTDA.;2077008;1;796625600;MILLALEMU Y CIA.LTDA. FORESTAL MILLALEMU;;P0265MRCCAL1;CC;PIRA;206;N051;2,6;2,65;66,95;0;936;4-Reparacion/Falla equipo de Trozado-1;60;P;Quemada;11-05-2026 00:48:49;10-05-2026;0;;SKIDDER;;ASERRABLE;CN LOG NVA ALDEA;VE2026;SI;FASA Zona Chillán;FASA Zona Chillán;FASA Zona Chillán;FSC 100%-SA-FM/COC-004173;100% CERTIFICADO CERTFOR-CL21/819943415
826969;10-05-2026;11734;COIHUECO Y OTROS (BB);S58;COSECHA;COSECHA;11:00;23:00;10:00;1:00;50;255;796625600;FORESTAL MILLALEMU Y CIA.LTDA.;2077008;1;796625600;MILLALEMU Y CIA.LTDA. FORESTAL MILLALEMU;;P0375MRCCAL1;CC;PIRA;303;N051;3,65;3,75;73,932;0;780;4-Reparacion/Falla equipo de Trozado-1;60;P;Quemada;11-05-2026 00:48:49;10-05-2026;0;;SKIDDER;;ASERRABLE;CN LOG NVA ALDEA;VE2026;SI;FASA Zona Chillán;FASA Zona Chillán;FASA Zona Chillán;FSC 100%-SA-FM/COC-004173;100% CERTIFICADO CERTFOR-CL21/819943415
826969;10-05-2026;11734;COIHUECO Y OTROS (BB);S58;COSECHA;COSECHA;11:00;23:00;10:00;1:00;50;255;796625600;FORESTAL MILLALEMU Y CIA.LTDA.;2077008;1;796625600;MILLALEMU Y CIA.LTDA. FORESTAL MILLALEMU;;P0375RRCCAL1;CC;PIRA;86;N051;3,65;3,75;20,038;0;210;4-Reparacion/Falla equipo de Trozado-1;60;P;Manchada;11-05-2026 00:48:49;10-05-2026;0;;SKIDDER;;ASERRABLE;CN LOG NVA ALDEA;VE2026;SI;FASA Zona Chillán;FASA Zona Chillán;FASA Zona Chillán;FSC 100%-SA-FM/COC-004173;100% CERTIFICADO CERTFOR-CL21/819943415
826969;10-05-2026;11734;COIHUECO Y OTROS (BB);S58;COSECHA;COSECHA;11:00;23:00;10:00;1:00;50;255;796625600;FORESTAL MILLALEMU Y CIA.LTDA.;2077008;1;796625600;MILLALEMU Y CIA.LTDA. FORESTAL MILLALEMU;;P0400NRCPLLF;CC;PIRA;;N048;4;4;13,658636;0;260;4-Reparacion/Falla equipo de Trozado-1;60;P;Quemada 2;11-05-2026 00:48:49;10-05-2026;0;;SKIDDER;;PULPABLE;CN RANQUIL;VE2026;SI;FASA Zona Chillán;FASA Zona Chillán;FASA Zona Chillán;FSC 100%-SA-FM/COC-004173;100% CERTIFICADO CERTFOR-CL21/819943415
826969;10-05-2026;11734;COIHUECO Y OTROS (BB);S58;COSECHA;COSECHA;11:00;23:00;10:00;1:00;50;255;796625600;FORESTAL MILLALEMU Y CIA.LTDA.;2077008;1;796625600;MILLALEMU Y CIA.LTDA. FORESTAL MILLALEMU;;P0400NRCPLLF;CC;PIRA;0;N048;4;4;37,032;0;540;4-Reparacion/Falla equipo de Trozado-1;60;P;Quemada;11-05-2026 00:48:49;;0;;SKIDDER;;PULPABLE;CN RANQUIL;VE2026;SI;FASA Zona Chillán;FASA Zona Chillán;FASA Zona Chillán;FSC 100%-SA-FM/COC-004173;100% CERTIFICADO CERTFOR-CL21/819943415
826976;10-05-2026;12191;CE-27 ESPINALILLO YBAR;MG5;COSECHA;COSECHA;11:00;23:00;10:30;1:00;76;909;796625600;FORESTAL MILLALEMU Y CIA.LTDA.;2078008;1;796625600;MILLALEMU Y CIA.LTDA. FORESTAL MILLALEMU;;P0244URC18-38;CC;PIRA;;T010;2,44;2,44;4,59648;0;119;42-Descanso/Pausa programada-0.5;30;P;Fresca;11-05-2026 01:02:13;10-05-2026;0;;GRAPPLE;;PULPABLE;CP CONSTITUCION;VE2026;SI;FASA Zona Constituci;FASA Zona Constituci;FASA Zona Constituci;FSC 100%-SA-FM/COC-004173;100% CERTIFICADO CERTFOR-CL21/819943415
826976;10-05-2026;12191;CE-27 ESPINALILLO YBAR;MG5;COSECHA;COSECHA;11:00;23:00;10:30;1:00;76;909;796625600;FORESTAL MILLALEMU Y CIA.LTDA.;2078008;1;796625600;MILLALEMU Y CIA.LTDA. FORESTAL MILLALEMU;;P0244URC8-16;CC;PIRA;;T010;2,44;2,44;110,33148;0;119;42-Descanso/Pausa programada-0.5;30;P;Fresca;11-05-2026 01:02:13;10-05-2026;0;;GRAPPLE;;PULPABLE;CP CONSTITUCION;VE2026;SI;FASA Zona Constituci;FASA Zona Constituci;FASA Zona Constituci;FSC 100%-SA-FM/COC-004173;100% CERTIFICADO CERTFOR-CL21/819943415
826976;10-05-2026;12191;CE-27 ESPINALILLO YBAR;MG5;COSECHA;COSECHA;11:00;23:00;10:30;1:00;76;909;796625600;FORESTAL MILLALEMU Y CIA.LTDA.;2078008;1;796625600;MILLALEMU Y CIA.LTDA. FORESTAL MILLALEMU;;P0410RRCCAL1;CC;PIRA;553;T014;4;4,1;105,623;0;195;42-Descanso/Pausa programada-0.5;30;P;Fresca;11-05-2026 01:02:13;10-05-2026;0;;GRAPPLE;;ASERRABLE;CN VINALES;VE2026;SI;FASA Zona Constituci;FASA Zona Constituci;FASA Zona Constituci;FSC 100%-SA-FM/COC-004173;100% CERTIFICADO CERTFOR-CL21/819943415
826995;10-05-2026;11734;COIHUECO Y OTROS (BB);TEA02;COSECHA;COSECHA;11:00;23:00;11:00;1:00;60;125;796625600;FORESTAL MILLALEMU Y CIA.LTDA.;2077558;1;796625600;MILLALEMU Y CIA.LTDA. FORESTAL MILLALEMU;;P0244NRCPLLF;CC;PIRA;;N048;2,44;2,44;4,00596;0;20;;0;P;Quemada;11-05-2026 01:38:12;10-05-2026;0;;FORWINCH;;PULPABLE;CN RANQUIL;VE2026;SI;FASA Zona Chillán;FASA Zona Chillán;FASA Zona Chillán;FSC 100%-SA-FM/COC-004173;100% CERTIFICADO CERTFOR-CL21/819943415
826995;10-05-2026;11734;COIHUECO Y OTROS (BB);TEA02;COSECHA;COSECHA;11:00;23:00;11:00;1:00;60;125;796625600;FORESTAL MILLALEMU Y CIA.LTDA.;2077558;1;796625600;MILLALEMU Y CIA.LTDA. FORESTAL MILLALEMU;;P0265LRCCAL1;CC;PIRA;31;N051;2,6;2,65;10,819;0;60;;0;P;Quemada;11-05-2026 01:38:12;10-05-2026;0;;FORWINCH;;PODADO;CN LOG NVA ALDEA;VE2026;SI;FASA Zona Chillán;FASA Zona Chillán;FASA Zona Chillán;FSC 100%-SA-FM/COC-004173;100% CERTIFICADO CERTFOR-CL21/819943415
826995;10-05-2026;11734;COIHUECO Y OTROS (BB);TEA02;COSECHA;COSECHA;11:00;23:00;11:00;1:00;60;125;796625600;FORESTAL MILLALEMU Y CIA.LTDA.;2077558;1;796625600;MILLALEMU Y CIA.LTDA. FORESTAL MILLALEMU;;P0265MRCCAL1;CC;PIRA;108;N051;2,6;2,65;36,936;0;100;;0;P;Quemada;11-05-2026 01:38:12;10-05-2026;0;;FORWINCH;;ASERRABLE;CN LOG NVA ALDEA;VE2026;SI;FASA Zona Chillán;FASA Zona Chillán;FASA Zona Chillán;FSC 100%-SA-FM/COC-004173;100% CERTIFICADO CERTFOR-CL21/819943415
826995;10-05-2026;11734;COIHUECO Y OTROS (BB);TEA02;COSECHA;COSECHA;11:00;23:00;11:00;1:00;60;125;796625600;FORESTAL MILLALEMU Y CIA.LTDA.;2077558;1;796625600;MILLALEMU Y CIA.LTDA. FORESTAL MILLALEMU;;P0350URCPLLF;CC;PIRA;;N011;3,5;3,5;10,096296;0;22;;0;P;Fresca;11-05-2026 01:38:12;10-05-2026;0;;FORWINCH;;PULPABLE;PTA NVA ALDEA;VE2026;SI;FASA Zona Chillán;FASA Zona Chillán;FASA Zona Chillán;FSC 100%-SA-FM/COC-004173;100% CERTIFICADO CERTFOR-CL21/819943415
826995;10-05-2026;11734;COIHUECO Y OTROS (BB);TEA02;COSECHA;COSECHA;11:00;23:00;11:00;1:00;60;125;796625600;FORESTAL MILLALEMU Y CIA.LTDA.;2077558;1;796625600;MILLALEMU Y CIA.LTDA. FORESTAL MILLALEMU;;P0375MRCCAL1;CC;PIRA;67;N051;3,65;3,75;15,544;0;200;;0;P;Quemada;11-05-2026 01:38:12;10-05-2026;0;;FORWINCH;;ASERRABLE;CN LOG NVA ALDEA;VE2026;SI;FASA Zona Chillán;FASA Zona Chillán;FASA Zona Chillán;FSC 100%-SA-FM/COC-004173;100% CERTIFICADO CERTFOR-CL21/819943415
826995;10-05-2026;11734;COIHUECO Y OTROS (BB);TEA02;COSECHA;COSECHA;11:00;23:00;11:00;1:00;60;125;796625600;FORESTAL MILLALEMU Y CIA.LTDA.;2077558;1;796625600;MILLALEMU Y CIA.LTDA. FORESTAL MILLALEMU;;P0375RRCCAL1;CC;PIRA;87;N051;3,65;3,75;20,184;0;80;;0;P;Fresca;11-05-2026 01:38:12;10-05-2026;0;;FORWINCH;;ASERRABLE;CN LOG NVA ALDEA;VE2026;SI;FASA Zona Chillán;FASA Zona Chillán;FASA Zona Chillán;FSC 100%-SA-FM/COC-004173;100% CERTIFICADO CERTFOR-CL21/819943415
826995;10-05-2026;11734;COIHUECO Y OTROS (BB);TEA02;COSECHA;COSECHA;11:00;23:00;11:00;1:00;60;125;796625600;FORESTAL MILLALEMU Y CIA.LTDA.;2077558;1;796625600;MILLALEMU Y CIA.LTDA. FORESTAL MILLALEMU;;P0400NRCPLLF;CC;PIRA;;N048;4;4;29,03926;0;100;;0;P;Quemada;11-05-2026 01:38:12;10-05-2026;0;;FORWINCH;;PULPABLE;CN RANQUIL;VE2026;SI;FASA Zona Chillán;FASA Zona Chillán;FASA Zona Chillán;FSC 100%-SA-FM/COC-004173;100% CERTIFICADO CERTFOR-CL21/819943415
827021;10-05-2026;11734;COIHUECO Y OTROS (BB);TEA08;COSECHA;COSECHA;11:00;23:00;6:00;1:00;21;73;796625600;FORESTAL MILLALEMU Y CIA.LTDA.;2076233;1;796625600;MILLALEMU Y CIA.LTDA. FORESTAL MILLALEMU;;P0244NRCPLLF;CC;PIRA;;N048;2,44;2,44;21,546;0;50;4-Reparacion/Falla equipo de Trozado-5;300;P;Quemada;11-05-2026 02:08:41;10-05-2026;0;;FORWINCH;;PULPABLE;CN RANQUIL;VE2026;SI;FASA Zona Chillán;FASA Zona Chillán;FASA Zona Chillán;FSC 100%-SA-FM/COC-004173;100% CERTIFICADO CERTFOR-CL21/819943415
827021;10-05-2026;11734;COIHUECO Y OTROS (BB);TEA08;COSECHA;COSECHA;11:00;23:00;6:00;1:00;21;73;796625600;FORESTAL MILLALEMU Y CIA.LTDA.;2076233;1;796625600;MILLALEMU Y CIA.LTDA. FORESTAL MILLALEMU;;P0265MRCCAL1;CC;PIRA;54;N051;2,6;2,65;18,036;0;50;4-Reparacion/Falla equipo de Trozado-5;300;P;Manchada;11-05-2026 02:08:41;10-05-2026;0;;FORWINCH;;ASERRABLE;CN LOG NVA ALDEA;VE2026;SI;FASA Zona Chillán;FASA Zona Chillán;FASA Zona Chillán;FSC 100%-SA-FM/COC-004173;100% CERTIFICADO CERTFOR-CL21/819943415
827021;10-05-2026;11734;COIHUECO Y OTROS (BB);TEA08;COSECHA;COSECHA;11:00;23:00;6:00;1:00;21;73;796625600;FORESTAL MILLALEMU Y CIA.LTDA.;2076233;1;796625600;MILLALEMU Y CIA.LTDA. FORESTAL MILLALEMU;;P0375MRCCAL1;CC;PIRA;131;N051;3,65;3,75;28,558;0;60;4-Reparacion/Falla equipo de Trozado-5;300;P;Manchada;11-05-2026 02:08:41;10-05-2026;0;;FORWINCH;;ASERRABLE;CN LOG NVA ALDEA;VE2026;SI;FASA Zona Chillán;FASA Zona Chillán;FASA Zona Chillán;FSC 100%-SA-FM/COC-004173;100% CERTIFICADO CERTFOR-CL21/819943415
827021;10-05-2026;11734;COIHUECO Y OTROS (BB);TEA08;COSECHA;COSECHA;11:00;23:00;6:00;1:00;21;73;796625600;FORESTAL MILLALEMU Y CIA.LTDA.;2076233;1;796625600;MILLALEMU Y CIA.LTDA. FORESTAL MILLALEMU;;P0400NRCPLLF;CC;PIRA;;N048;4;4;10,194601;0;50;4-Reparacion/Falla equipo de Trozado-5;300;P;Manchada;11-05-2026 02:08:41;10-05-2026;0;;FORWINCH;;PULPABLE;CN RANQUIL;VE2026;SI;FASA Zona Chillán;FASA Zona Chillán;FASA Zona Chillán;FSC 100%-SA-FM/COC-004173;100% CERTIFICADO CERTFOR-CL21/819943415
827021;10-05-2026;11734;COIHUECO Y OTROS (BB);TEA08;COSECHA;COSECHA;11:00;23:00;6:00;1:00;21;73;796625600;FORESTAL MILLALEMU Y CIA.LTDA.;2076233;1;796625600;MILLALEMU Y CIA.LTDA. FORESTAL MILLALEMU;;P0400NRCPLLF;CC;PIRA;0;N048;4;4;9,409214;0;50;4-Reparacion/Falla equipo de Trozado-5;300;P;Quemada 2;11-05-2026 02:08:41;;0;;FORWINCH;;PULPABLE;CN RANQUIL;VE2026;SI;FASA Zona Chillán;FASA Zona Chillán;FASA Zona Chillán;FSC 100%-SA-FM/COC-004173;100% CERTIFICADO CERTFOR-CL21/819943415
827091;11-05-2026;11734;COIHUECO Y OTROS (BB);S246;COSECHA;COSECHA;11:00;23:00;0:00;1:00;0;0;796625600;FORESTAL MILLALEMU Y CIA.LTDA.;2076896;1;796625600;MILLALEMU Y CIA.LTDA. FORESTAL MILLALEMU;;P0244NRCPLLF;CC;PIRA;0;N048;2,39;2,44;0;0;39;14-Traslados otro predio-11;660;P;Quemada;11-05-2026 23:20:04;11-05-2026;0;;SKIDDER;;PULPABLE;CN RANQUIL;VE2026;SI;FASA Zona Chillán;FASA Zona Chillán;FASA Zona Chillán;FSC 100%-SA-FM/COC-004173;100% CERTIFICADO CERTFOR-CL21/819943415
827091;11-05-2026;11734;COIHUECO Y OTROS (BB);S246;COSECHA;COSECHA;11:00;23:00;0:00;1:00;0;0;796625600;FORESTAL MILLALEMU Y CIA.LTDA.;2076896;1;796625600;MILLALEMU Y CIA.LTDA. FORESTAL MILLALEMU;;P0265LRCCAL1;CC;PIRA;0;N051;2,6;2,65;0;0;209;14-Traslados otro predio-11;660;P;Quemada;11-05-2026 23:20:04;11-05-2026;0;;SKIDDER;;PODADO;CN LOG NVA ALDEA;VE2026;SI;FASA Zona Chillán;FASA Zona Chillán;FASA Zona Chillán;FSC 100%-SA-FM/COC-004173;100% CERTIFICADO CERTFOR-CL21/819943415
827091;11-05-2026;11734;COIHUECO Y OTROS (BB);S246;COSECHA;COSECHA;11:00;23:00;0:00;1:00;0;0;796625600;FORESTAL MILLALEMU Y CIA.LTDA.;2076896;1;796625600;MILLALEMU Y CIA.LTDA. FORESTAL MILLALEMU;;P0265MRCCAL1;CC;PIRA;0;N051;2,6;2,65;0;0;225;14-Traslados otro predio-11;660;P;Quemada;11-05-2026 23:20:04;11-05-2026;0;;SKIDDER;;ASERRABLE;CN LOG NVA ALDEA;VE2026;SI;FASA Zona Chillán;FASA Zona Chillán;FASA Zona Chillán;FSC 100%-SA-FM/COC-004173;100% CERTIFICADO CERTFOR-CL21/819943415
827091;11-05-2026;11734;COIHUECO Y OTROS (BB);S246;COSECHA;COSECHA;11:00;23:00;0:00;1:00;0;0;796625600;FORESTAL MILLALEMU Y CIA.LTDA.;2076896;1;796625600;MILLALEMU Y CIA.LTDA. FORESTAL MILLALEMU;;P0265PRCCAL1;CC;PIRA;0;N051;2,6;2,65;0;0;13;14-Traslados otro predio-11;660;P;Fresca;11-05-2026 23:20:04;11-05-2026;0;;SKIDDER;;PODADO;CN LOG NVA ALDEA;VE2026;SI;FASA Zona Chillán;FASA Zona Chillán;FASA Zona Chillán;FSC 100%-SA-FM/COC-004173;100% CERTIFICADO CERTFOR-CL21/819943415
827091;11-05-2026;11734;COIHUECO Y OTROS (BB);S246;COSECHA;COSECHA;11:00;23:00;0:00;1:00;0;0;796625600;FORESTAL MILLALEMU Y CIA.LTDA.;2076896;1;796625600;MILLALEMU Y CIA.LTDA. FORESTAL MILLALEMU;;P0265RRCCAL1;CC;PIRA;0;N051;2,6;2,65;0;0;122;14-Traslados otro predio-11;660;P;Fresca;11-05-2026 23:20:04;11-05-2026;0;;SKIDDER;;ASERRABLE;CN LOG NVA ALDEA;VE2026;SI;FASA Zona Chillán;FASA Zona Chillán;FASA Zona Chillán;FSC 100%-SA-FM/COC-004173;100% CERTIFICADO CERTFOR-CL21/819943415
827091;11-05-2026;11734;COIHUECO Y OTROS (BB);S246;COSECHA;COSECHA;11:00;23:00;0:00;1:00;0;0;796625600;FORESTAL MILLALEMU Y CIA.LTDA.;2076896;1;796625600;MILLALEMU Y CIA.LTDA. FORESTAL MILLALEMU;;P0350URCPLLF;CC;PIRA;0;N011;3,4;3,5;0;0;135;14-Traslados otro predio-11;660;P;Fresca;11-05-2026 23:20:04;11-05-2026;0;;SKIDDER;;PULPABLE;PTA NVA ALDEA;VE2026;SI;FASA Zona Chillán;FASA Zona Chillán;FASA Zona Chillán;FSC 100%-SA-FM/COC-004173;100% CERTIFICADO CERTFOR-CL21/819943415
827091;11-05-2026;11734;COIHUECO Y OTROS (BB);S246;COSECHA;COSECHA;11:00;23:00;0:00;1:00;0;0;796625600;FORESTAL MILLALEMU Y CIA.LTDA.;2076896;1;796625600;MILLALEMU Y CIA.LTDA. FORESTAL MILLALEMU;;P0375MRCCAL1;CC;PIRA;0;N051;3,65;3,75;0;0;425;14-Traslados otro predio-11;660;P;Quemada;11-05-2026 23:20:04;11-05-2026;0;;SKIDDER;;ASERRABLE;CN LOG NVA ALDEA;VE2026;SI;FASA Zona Chillán;FASA Zona Chillán;FASA Zona Chillán;FSC 100%-SA-FM/COC-004173;100% CERTIFICADO CERTFOR-CL21/819943415
827091;11-05-2026;11734;COIHUECO Y OTROS (BB);S246;COSECHA;COSECHA;11:00;23:00;0:00;1:00;0;0;796625600;FORESTAL MILLALEMU Y CIA.LTDA.;2076896;1;796625600;MILLALEMU Y CIA.LTDA. FORESTAL MILLALEMU;;P0375RRCCAL1;CC;PIRA;0;N051;3,65;3,75;0;0;586;14-Traslados otro predio-11;660;P;Fresca;11-05-2026 23:20:04;11-05-2026;0;;SKIDDER;;ASERRABLE;CN LOG NVA ALDEA;VE2026;SI;FASA Zona Chillán;FASA Zona Chillán;FASA Zona Chillán;FSC 100%-SA-FM/COC-004173;100% CERTIFICADO CERTFOR-CL21/819943415
827091;11-05-2026;11734;COIHUECO Y OTROS (BB);S246;COSECHA;COSECHA;11:00;23:00;0:00;1:00;0;0;796625600;FORESTAL MILLALEMU Y CIA.LTDA.;2076896;1;796625600;MILLALEMU Y CIA.LTDA. FORESTAL MILLALEMU;;P0400NRCPLLF;CC;PIRA;0;N048;3,9;4;0;0;43;14-Traslados otro predio-11;660;P;Quemada;11-05-2026 23:20:04;;0;;SKIDDER;;PULPABLE;CN RANQUIL;VE2026;SI;FASA Zona Chillán;FASA Zona Chillán;FASA Zona Chillán;FSC 100%-SA-FM/COC-004173;100% CERTIFICADO CERTFOR-CL21/819943415
827091;11-05-2026;11734;COIHUECO Y OTROS (BB);S246;COSECHA;COSECHA;11:00;23:00;0:00;1:00;0;0;796625600;FORESTAL MILLALEMU Y CIA.LTDA.;2076896;1;796625600;MILLALEMU Y CIA.LTDA. FORESTAL MILLALEMU;;P0400NRCPLLF;CC;PIRA;0;N048;3,9;4;0;0;71;14-Traslados otro predio-11;660;P;Quemada 2;11-05-2026 23:20:04;11-05-2026;0;;SKIDDER;;PULPABLE;CN RANQUIL;VE2026;SI;FASA Zona Chillán;FASA Zona Chillán;FASA Zona Chillán;FSC 100%-SA-FM/COC-004173;100% CERTIFICADO CERTFOR-CL21/819943415
827099;11-05-2026;11734;COIHUECO Y OTROS (BB);TEA02;COSECHA;COSECHA;11:00;23:00;4:00;1:00;22;30;796625600;FORESTAL MILLALEMU Y CIA.LTDA.;2077558;1;796625600;MILLALEMU Y CIA.LTDA. FORESTAL MILLALEMU;;P0244NRCPLLF;CC;PIRA;;N048;2,44;2,44;5,187;0;22;14-Traslados otro predio-7;420;P;Quemada;12-05-2026 00:03:21;11-05-2026;0;;FORWINCH;;PULPABLE;CN RANQUIL;VE2026;SI;FASA Zona Chillán;FASA Zona Chillán;FASA Zona Chillán;FSC 100%-SA-FM/COC-004173;100% CERTIFICADO CERTFOR-CL21/819943415
827099;11-05-2026;11734;COIHUECO Y OTROS (BB);TEA02;COSECHA;COSECHA;11:00;23:00;4:00;1:00;22;30;796625600;FORESTAL MILLALEMU Y CIA.LTDA.;2077558;1;796625600;MILLALEMU Y CIA.LTDA. FORESTAL MILLALEMU;;P0265MRCCAL1;CC;PIRA;14;N051;2,6;2,65;4,942;0;60;14-Traslados otro predio-7;420;P;Quemada;12-05-2026 00:03:21;11-05-2026;0;;FORWINCH;;ASERRABLE;CN LOG NVA ALDEA;VE2026;SI;FASA Zona Chillán;FASA Zona Chillán;FASA Zona Chillán;FSC 100%-SA-FM/COC-004173;100% CERTIFICADO CERTFOR-CL21/819943415
827099;11-05-2026;11734;COIHUECO Y OTROS (BB);TEA02;COSECHA;COSECHA;11:00;23:00;4:00;1:00;22;30;796625600;FORESTAL MILLALEMU Y CIA.LTDA.;2077558;1;796625600;MILLALEMU Y CIA.LTDA. FORESTAL MILLALEMU;;P0265RRCCAL1;CC;PIRA;67;N051;2,6;2,65;23,651;0;80;14-Traslados otro predio-7;420;P;Fresca;12-05-2026 00:03:21;11-05-2026;0;;FORWINCH;;ASERRABLE;CN LOG NVA ALDEA;VE2026;SI;FASA Zona Chillán;FASA Zona Chillán;FASA Zona Chillán;FSC 100%-SA-FM/COC-004173;100% CERTIFICADO CERTFOR-CL21/819943415
827099;11-05-2026;11734;COIHUECO Y OTROS (BB);TEA02;COSECHA;COSECHA;11:00;23:00;4:00;1:00;22;30;796625600;FORESTAL MILLALEMU Y CIA.LTDA.;2077558;1;796625600;MILLALEMU Y CIA.LTDA. FORESTAL MILLALEMU;;P0350URCPLLF;CC;PIRA;;N011;3,5;3,5;4,074588;0;30;14-Traslados otro predio-7;420;P;Fresca;12-05-2026 00:03:21;11-05-2026;0;;FORWINCH;;PULPABLE;PTA NVA ALDEA;VE2026;SI;FASA Zona Chillán;FASA Zona Chillán;FASA Zona Chillán;FSC 100%-SA-FM/COC-004173;100% CERTIFICADO CERTFOR-CL21/819943415
827099;11-05-2026;11734;COIHUECO Y OTROS (BB);TEA02;COSECHA;COSECHA;11:00;23:00;4:00;1:00;22;30;796625600;FORESTAL MILLALEMU Y CIA.LTDA.;2077558;1;796625600;MILLALEMU Y CIA.LTDA. FORESTAL MILLALEMU;;P0375MRCCAL1;CC;PIRA;26;N051;3,65;3,75;6,162;0;120;14-Traslados otro predio-7;420;P;Quemada;12-05-2026 00:03:21;11-05-2026;0;;FORWINCH;;ASERRABLE;CN LOG NVA ALDEA;VE2026;SI;FASA Zona Chillán;FASA Zona Chillán;FASA Zona Chillán;FSC 100%-SA-FM/COC-004173;100% CERTIFICADO CERTFOR-CL21/819943415
827099;11-05-2026;11734;COIHUECO Y OTROS (BB);TEA02;COSECHA;COSECHA;11:00;23:00;4:00;1:00;22;30;796625600;FORESTAL MILLALEMU Y CIA.LTDA.;2077558;1;796625600;MILLALEMU Y CIA.LTDA. FORESTAL MILLALEMU;;P0375RRCCAL1;CC;PIRA;18;N051;3,65;3,75;4,266;0;80;14-Traslados otro predio-7;420;P;Fresca;12-05-2026 00:03:21;11-05-2026;0;;FORWINCH;;ASERRABLE;CN LOG NVA ALDEA;VE2026;SI;FASA Zona Chillán;FASA Zona Chillán;FASA Zona Chillán;FSC 100%-SA-FM/COC-004173;100% CERTIFICADO CERTFOR-CL21/819943415
827099;11-05-2026;11734;COIHUECO Y OTROS (BB);TEA02;COSECHA;COSECHA;11:00;23:00;4:00;1:00;22;30;796625600;FORESTAL MILLALEMU Y CIA.LTDA.;2077558;1;796625600;MILLALEMU Y CIA.LTDA. FORESTAL MILLALEMU;;P0400NRCPLLF;CC;PIRA;;N048;4;4;6,172;0;120;14-Traslados otro predio-7;420;P;Quemada;12-05-2026 00:03:21;11-05-2026;0;;FORWINCH;;PULPABLE;CN RANQUIL;VE2026;SI;FASA Zona Chillán;FASA Zona Chillán;FASA Zona Chillán;FSC 100%-SA-FM/COC-004173;100% CERTIFICADO CERTFOR-CL21/819943415
827100;11-05-2026;11983;EL CABRITO CBB;S123;COSECHA;COSECHA;11:00;23:00;0:00;1:00;0;0;796625600;FORESTAL MILLALEMU Y CIA.LTDA.;2074817;1;796625600;MILLALEMU Y CIA.LTDA. FORESTAL MILLALEMU;;P0244NRCPLLF;CC;PIRA;0;N048;2,39;2,44;0;0;68;38-Falta autorizaciones FASA-10.5|42-Descanso/Pausa programada-0.5;660;P;Quemada;12-05-2026 00:04:41;11-05-2026;0;;SKIDDER;;PULPABLE;CN RANQUIL;VE2026;SI;FASA Zona Chillán;FASA Zona Chillán;FASA Zona Chillán;FSC 100%-SA-FM/COC-004173;100% CERTIFICADO CERTFOR-CL21/819943415
827100;11-05-2026;11983;EL CABRITO CBB;S123;COSECHA;COSECHA;11:00;23:00;0:00;1:00;0;0;796625600;FORESTAL MILLALEMU Y CIA.LTDA.;2074817;1;796625600;MILLALEMU Y CIA.LTDA. FORESTAL MILLALEMU;;P0265LRCCAL1;CC;PIRA;0;N051;2,6;2,65;0;0;259;38-Falta autorizaciones FASA-10.5|42-Descanso/Pausa programada-0.5;660;P;Quemada;12-05-2026 00:04:41;11-05-2026;0;;SKIDDER;;PODADO;CN LOG NVA ALDEA;VE2026;SI;FASA Zona Chillán;FASA Zona Chillán;FASA Zona Chillán;FSC 100%-SA-FM/COC-004173;100% CERTIFICADO CERTFOR-CL21/819943415
827100;11-05-2026;11983;EL CABRITO CBB;S123;COSECHA;COSECHA;11:00;23:00;0:00;1:00;0;0;796625600;FORESTAL MILLALEMU Y CIA.LTDA.;2074817;1;796625600;MILLALEMU Y CIA.LTDA. FORESTAL MILLALEMU;;P0265MRCCAL1;CC;PIRA;0;N051;2,6;2,65;0;0;500;38-Falta autorizaciones FASA-10.5|42-Descanso/Pausa programada-0.5;660;P;Quemada;12-05-2026 00:04:41;11-05-2026;0;;SKIDDER;;ASERRABLE;CN LOG NVA ALDEA;VE2026;SI;FASA Zona Chillán;FASA Zona Chillán;FASA Zona Chillán;FSC 100%-SA-FM/COC-004173;100% CERTIFICADO CERTFOR-CL21/819943415
827100;11-05-2026;11983;EL CABRITO CBB;S123;COSECHA;COSECHA;11:00;23:00;0:00;1:00;0;0;796625600;FORESTAL MILLALEMU Y CIA.LTDA.;2074817;1;796625600;MILLALEMU Y CIA.LTDA. FORESTAL MILLALEMU;;P0265RRCCAL1;CC;PIRA;0;N051;2,6;2,65;0;0;39;38-Falta autorizaciones FASA-10.5|42-Descanso/Pausa programada-0.5;660;P;Fresca;12-05-2026 00:04:41;11-05-2026;0;;SKIDDER;;ASERRABLE;CN LOG NVA ALDEA;VE2026;SI;FASA Zona Chillán;FASA Zona Chillán;FASA Zona Chillán;FSC 100%-SA-FM/COC-004173;100% CERTIFICADO CERTFOR-CL21/819943415
827100;11-05-2026;11983;EL CABRITO CBB;S123;COSECHA;COSECHA;11:00;23:00;0:00;1:00;0;0;796625600;FORESTAL MILLALEMU Y CIA.LTDA.;2074817;1;796625600;MILLALEMU Y CIA.LTDA. FORESTAL MILLALEMU;;P0350URCPLLF;CC;PIRA;0;N011;3,4;3,5;0;0;186;38-Falta autorizaciones FASA-10.5|42-Descanso/Pausa programada-0.5;660;P;Fresca;12-05-2026 00:04:41;11-05-2026;0;;SKIDDER;;PULPABLE;PTA NVA ALDEA;VE2026;SI;FASA Zona Chillán;FASA Zona Chillán;FASA Zona Chillán;FSC 100%-SA-FM/COC-004173;100% CERTIFICADO CERTFOR-CL21/819943415
827100;11-05-2026;11983;EL CABRITO CBB;S123;COSECHA;COSECHA;11:00;23:00;0:00;1:00;0;0;796625600;FORESTAL MILLALEMU Y CIA.LTDA.;2074817;1;796625600;MILLALEMU Y CIA.LTDA. FORESTAL MILLALEMU;;P0375MRCCAL1;CC;PIRA;0;N051;3,65;3,75;0;0;931;38-Falta autorizaciones FASA-10.5|42-Descanso/Pausa programada-0.5;660;P;Quemada;12-05-2026 00:04:41;11-05-2026;0;;SKIDDER;;ASERRABLE;CN LOG NVA ALDEA;VE2026;SI;FASA Zona Chillán;FASA Zona Chillán;FASA Zona Chillán;FSC 100%-SA-FM/COC-004173;100% CERTIFICADO CERTFOR-CL21/819943415
827100;11-05-2026;11983;EL CABRITO CBB;S123;COSECHA;COSECHA;11:00;23:00;0:00;1:00;0;0;796625600;FORESTAL MILLALEMU Y CIA.LTDA.;2074817;1;796625600;MILLALEMU Y CIA.LTDA. FORESTAL MILLALEMU;;P0375RRCCAL1;CC;PIRA;0;N051;3,65;3,75;0;0;283;38-Falta autorizaciones FASA-10.5|42-Descanso/Pausa programada-0.5;660;P;Fresca;12-05-2026 00:04:41;11-05-2026;0;;SKIDDER;;ASERRABLE;CN LOG NVA ALDEA;VE2026;SI;FASA Zona Chillán;FASA Zona Chillán;FASA Zona Chillán;FSC 100%-SA-FM/COC-004173;100% CERTIFICADO CERTFOR-CL21/819943415
827100;11-05-2026;11983;EL CABRITO CBB;S123;COSECHA;COSECHA;11:00;23:00;0:00;1:00;0;0;796625600;FORESTAL MILLALEMU Y CIA.LTDA.;2074817;1;796625600;MILLALEMU Y CIA.LTDA. FORESTAL MILLALEMU;;P0400NRCPLLF;CC;PIRA;0;N048;3,9;4;0;0;5;38-Falta autorizaciones FASA-10.5|42-Descanso/Pausa programada-0.5;660;P;Quemada;12-05-2026 00:04:41;;0;;SKIDDER;;PULPABLE;CN RANQUIL;VE2026;SI;FASA Zona Chillán;FASA Zona Chillán;FASA Zona Chillán;FSC 100%-SA-FM/COC-004173;100% CERTIFICADO CERTFOR-CL21/819943415
827100;11-05-2026;11983;EL CABRITO CBB;S123;COSECHA;COSECHA;11:00;23:00;0:00;1:00;0;0;796625600;FORESTAL MILLALEMU Y CIA.LTDA.;2074817;1;796625600;MILLALEMU Y CIA.LTDA. FORESTAL MILLALEMU;;P0400NRCPLLF;CC;PIRA;0;N048;3,9;4;0;0;394;38-Falta autorizaciones FASA-10.5|42-Descanso/Pausa programada-0.5;660;P;Quemada;12-05-2026 00:04:41;11-05-2026;0;;SKIDDER;;PULPABLE;CN RANQUIL;VE2026;SI;FASA Zona Chillán;FASA Zona Chillán;FASA Zona Chillán;FSC 100%-SA-FM/COC-004173;100% CERTIFICADO CERTFOR-CL21/819943415
827103;11-05-2026;10608;POLHUIN;T125;COSECHA;COSECHA;11:00;23:00;3:00;1:00;37;580;796625600;FORESTAL MILLALEMU Y CIA.LTDA.;2076036;1;796625600;MILLALEMU Y CIA.LTDA. FORESTAL MILLALEMU;;E0244UGCPLLF;CC;EUGL;0;N011;2,44;2,44;0;0;27;65-Volteo a Linea-8;480;P;Fresca;12-05-2026 00:11:11;11-05-2026;0;;TORRE500;;PULPABLE;PTA NVA ALDEA;VE2026;SI;FASA Zona Constituci;FASA Zona Constituci;FASA Zona Constituci;FSC 100%-SA-FM/COC-004173;100% CERTIFICADO CERTFOR-CL21/819943415
827103;11-05-2026;10608;POLHUIN;T125;COSECHA;COSECHA;11:00;23:00;3:00;1:00;37;580;796625600;FORESTAL MILLALEMU Y CIA.LTDA.;2076036;1;796625600;MILLALEMU Y CIA.LTDA. FORESTAL MILLALEMU;;E0550UGCPLLF;CC;EUGL;;N011;5,5;5,5;32,90986;0;3886;65-Volteo a Linea-8;480;P;Fresca;12-05-2026 00:11:11;11-05-2026;0;;TORRE500;;PULPABLE;PTA NVA ALDEA;VE2026;SI;FASA Zona Constituci;FASA Zona Constituci;FASA Zona Constituci;FSC 100%-SA-FM/COC-004173;100% CERTIFICADO CERTFOR-CL21/819943415
827106;11-05-2026;11734;COIHUECO Y OTROS (BB);S58;COSECHA;COSECHA;11:00;23:00;8:00;1:00;25;120;796625600;FORESTAL MILLALEMU Y CIA.LTDA.;2077007;1;796625600;MILLALEMU Y CIA.LTDA. FORESTAL MILLALEMU;;E0400NGCPLLF;CC;EUGL;0;N048;4;4;48,999951;0;0;10-Mantencion equipo de trozado-3;180;P;Quemada;12-05-2026 00:17:20;;0;;SKIDDER;;PULPABLE;CN RANQUIL;VE2026;SI;FASA Zona Chillán;FASA Zona Chillán;FASA Zona Chillán;FSC 100%-SA-FM/COC-004173;100% CERTIFICADO CERTFOR-CL21/819943415
827106;11-05-2026;11734;COIHUECO Y OTROS (BB);S58;COSECHA;COSECHA;11:00;23:00;8:00;1:00;25;120;796625600;FORESTAL MILLALEMU Y CIA.LTDA.;2077007;1;796625600;MILLALEMU Y CIA.LTDA. FORESTAL MILLALEMU;;P0244NRCPLLF;CC;PIRA;;N048;2,44;2,44;7,98;0;20;10-Mantencion equipo de trozado-3;180;P;Quemada;12-05-2026 00:17:20;11-05-2026;0;;SKIDDER;;PULPABLE;CN RANQUIL;VE2026;SI;FASA Zona Chillán;FASA Zona Chillán;FASA Zona Chillán;FSC 100%-SA-FM/COC-004173;100% CERTIFICADO CERTFOR-CL21/819943415
827106;11-05-2026;11734;COIHUECO Y OTROS (BB);S58;COSECHA;COSECHA;11:00;23:00;8:00;1:00;25;120;796625600;FORESTAL MILLALEMU Y CIA.LTDA.;2077007;1;796625600;MILLALEMU Y CIA.LTDA. FORESTAL MILLALEMU;;P0244URCPLSD;CC;PIRA;;N011;2,44;2,44;12,2892;0;15;10-Mantencion equipo de trozado-3;180;P;Fresca;12-05-2026 00:17:20;11-05-2026;0;;SKIDDER;;PULPABLE;PTA NVA ALDEA;VE2026;SI;FASA Zona Chillán;FASA Zona Chillán;FASA Zona Chillán;FSC 100%-SA-FM/COC-004173;100% CERTIFICADO CERTFOR-CL21/819943415
827106;11-05-2026;11734;COIHUECO Y OTROS (BB);S58;COSECHA;COSECHA;11:00;23:00;8:00;1:00;25;120;796625600;FORESTAL MILLALEMU Y CIA.LTDA.;2077007;1;796625600;MILLALEMU Y CIA.LTDA. FORESTAL MILLALEMU;;P0265MRCCAL1;CC;PIRA;30;N051;2,6;2,65;10,59;0;30;10-Mantencion equipo de trozado-3;180;P;Quemada;12-05-2026 00:17:20;11-05-2026;0;;SKIDDER;;ASERRABLE;CN LOG NVA ALDEA;VE2026;SI;FASA Zona Chillán;FASA Zona Chillán;FASA Zona Chillán;FSC 100%-SA-FM/COC-004173;100% CERTIFICADO CERTFOR-CL21/819943415
827106;11-05-2026;11734;COIHUECO Y OTROS (BB);S58;COSECHA;COSECHA;11:00;23:00;8:00;1:00;25;120;796625600;FORESTAL MILLALEMU Y CIA.LTDA.;2077007;1;796625600;MILLALEMU Y CIA.LTDA. FORESTAL MILLALEMU;;P0265RRCCAL1;CC;PIRA;31;N051;2,6;2,65;10,943;0;25;10-Mantencion equipo de trozado-3;180;P;Fresca;12-05-2026 00:17:20;11-05-2026;0;;SKIDDER;;ASERRABLE;CN LOG NVA ALDEA;VE2026;SI;FASA Zona Chillán;FASA Zona Chillán;FASA Zona Chillán;FSC 100%-SA-FM/COC-004173;100% CERTIFICADO CERTFOR-CL21/819943415
827106;11-05-2026;11734;COIHUECO Y OTROS (BB);S58;COSECHA;COSECHA;11:00;23:00;8:00;1:00;25;120;796625600;FORESTAL MILLALEMU Y CIA.LTDA.;2077007;1;796625600;MILLALEMU Y CIA.LTDA. FORESTAL MILLALEMU;;P0350URCPLLF;CC;PIRA;;N011;3,5;3,5;7,967232;0;20;10-Mantencion equipo de trozado-3;180;P;Fresca;12-05-2026 00:17:20;11-05-2026;0;;SKIDDER;;PULPABLE;PTA NVA ALDEA;VE2026;SI;FASA Zona Chillán;FASA Zona Chillán;FASA Zona Chillán;FSC 100%-SA-FM/COC-004173;100% CERTIFICADO CERTFOR-CL21/819943415
827106;11-05-2026;11734;COIHUECO Y OTROS (BB);S58;COSECHA;COSECHA;11:00;23:00;8:00;1:00;25;120;796625600;FORESTAL MILLALEMU Y CIA.LTDA.;2077007;1;796625600;MILLALEMU Y CIA.LTDA. FORESTAL MILLALEMU;;P0375MRCCAL1;CC;PIRA;47;N051;3,65;3,75;11,139;0;25;10-Mantencion equipo de trozado-3;180;P;Quemada;12-05-2026 00:17:20;11-05-2026;0;;SKIDDER;;ASERRABLE;CN LOG NVA ALDEA;VE2026;SI;FASA Zona Chillán;FASA Zona Chillán;FASA Zona Chillán;FSC 100%-SA-FM/COC-004173;100% CERTIFICADO CERTFOR-CL21/819943415
827106;11-05-2026;11734;COIHUECO Y OTROS (BB);S58;COSECHA;COSECHA;11:00;23:00;8:00;1:00;25;120;796625600;FORESTAL MILLALEMU Y CIA.LTDA.;2077007;1;796625600;MILLALEMU Y CIA.LTDA. FORESTAL MILLALEMU;;P0375RRCCAL1;CC;PIRA;31;N051;3,65;3,75;7,347;0;30;10-Mantencion equipo de trozado-3;180;P;Fresca;12-05-2026 00:17:20;11-05-2026;0;;SKIDDER;;ASERRABLE;CN LOG NVA ALDEA;VE2026;SI;FASA Zona Chillán;FASA Zona Chillán;FASA Zona Chillán;FSC 100%-SA-FM/COC-004173;100% CERTIFICADO CERTFOR-CL21/819943415
827136;11-05-2026;11748;LAS ULLOAS (BB);S223;COSECHA;COSECHA;11:00;23:00;8:00;1:00;60;7;796625600;FORESTAL MILLALEMU Y CIA.LTDA.;2076574;1;796625600;MILLALEMU Y CIA.LTDA. FORESTAL MILLALEMU;;P0265LRCCAL1;CC;PIRA;21;N051;2,6;2,65;6,825;0;30;22-Falta/abstecimiento de combustible equipo de proce-3;180;P;Quemada;12-05-2026 01:11:43;11-05-2026;0;;SKIDDER;;PODADO;CN LOG NVA ALDEA;VE2026;SI;FASA Zona Chillán;FASA Zona Chillán;FASA Zona Chillán;FSC 100%-SA-FM/COC-004173;100% CERTIFICADO CERTFOR-CL21/819943415
827136;11-05-2026;11748;LAS ULLOAS (BB);S223;COSECHA;COSECHA;11:00;23:00;8:00;1:00;60;7;796625600;FORESTAL MILLALEMU Y CIA.LTDA.;2076574;1;796625600;MILLALEMU Y CIA.LTDA. FORESTAL MILLALEMU;;P0265MRCCAL1;CC;PIRA;56;N051;2,6;2,65;17,976;0;200;22-Falta/abstecimiento de combustible equipo de proce-3;180;P;Quemada;12-05-2026 01:11:43;11-05-2026;0;;SKIDDER;;ASERRABLE;CN LOG NVA ALDEA;VE2026;SI;FASA Zona Chillán;FASA Zona Chillán;FASA Zona Chillán;FSC 100%-SA-FM/COC-004173;100% CERTIFICADO CERTFOR-CL21/819943415
827136;11-05-2026;11748;LAS ULLOAS (BB);S223;COSECHA;COSECHA;11:00;23:00;8:00;1:00;60;7;796625600;FORESTAL MILLALEMU Y CIA.LTDA.;2076574;1;796625600;MILLALEMU Y CIA.LTDA. FORESTAL MILLALEMU;;P0300NRCPLVA;CC;PIRA;;N048;3;3;53,355904;0;800;22-Falta/abstecimiento de combustible equipo de proce-3;180;P;Quemada;12-05-2026 01:11:43;11-05-2026;0;;SKIDDER;;PULPABLE;CN RANQUIL;VE2026;SI;FASA Zona Chillán;FASA Zona Chillán;FASA Zona Chillán;FSC 100%-SA-FM/COC-004173;100% CERTIFICADO CERTFOR-CL21/819943415
827136;11-05-2026;11748;LAS ULLOAS (BB);S223;COSECHA;COSECHA;11:00;23:00;8:00;1:00;60;7;796625600;FORESTAL MILLALEMU Y CIA.LTDA.;2076574;1;796625600;MILLALEMU Y CIA.LTDA. FORESTAL MILLALEMU;;P0375MRCCAL1;CC;PIRA;300;N051;3,65;3,75;69,3;0;400;22-Falta/abstecimiento de combustible equipo de proce-3;180;P;Quemada;12-05-2026 01:11:43;11-05-2026;0;;SKIDDER;;ASERRABLE;CN LOG NVA ALDEA;VE2026;SI;FASA Zona Chillán;FASA Zona Chillán;FASA Zona Chillán;FSC 100%-SA-FM/COC-004173;100% CERTIFICADO CERTFOR-CL21/819943415
827176;11-05-2026;11734;COIHUECO Y OTROS (BB);TEA08;COSECHA;COSECHA;11:00;23:00;9:00;1:00;50;198;796625600;FORESTAL MILLALEMU Y CIA.LTDA.;2076233;1;796625600;MILLALEMU Y CIA.LTDA. FORESTAL MILLALEMU;;P0244NRCPLLF;CC;PIRA;;N048;2,44;2,44;32,5584;0;30;4-Reparacion/Falla equipo de Trozado-2;120;P;Quemada;12-05-2026 02:24:10;11-05-2026;0;;FORWINCH;;PULPABLE;CN RANQUIL;VE2026;SI;FASA Zona Chillán;FASA Zona Chillán;FASA Zona Chillán;FSC 100%-SA-FM/COC-004173;100% CERTIFICADO CERTFOR-CL21/819943415
827176;11-05-2026;11734;COIHUECO Y OTROS (BB);TEA08;COSECHA;COSECHA;11:00;23:00;9:00;1:00;50;198;796625600;FORESTAL MILLALEMU Y CIA.LTDA.;2076233;1;796625600;MILLALEMU Y CIA.LTDA. FORESTAL MILLALEMU;;P0244NRCPLLF;CC;PIRA;0;N048;2,44;2,44;6,63936;0;20;4-Reparacion/Falla equipo de Trozado-2;120;P;Quemada;12-05-2026 02:24:10;;0;;FORWINCH;;PULPABLE;CN RANQUIL;VE2026;SI;FASA Zona Chillán;FASA Zona Chillán;FASA Zona Chillán;FSC 100%-SA-FM/COC-004173;100% CERTIFICADO CERTFOR-CL21/819943415
827176;11-05-2026;11734;COIHUECO Y OTROS (BB);TEA08;COSECHA;COSECHA;11:00;23:00;9:00;1:00;50;198;796625600;FORESTAL MILLALEMU Y CIA.LTDA.;2076233;1;796625600;MILLALEMU Y CIA.LTDA. FORESTAL MILLALEMU;;P0265LRCCAL1;CC;PIRA;33;N051;2,6;2,65;11,319;0;50;4-Reparacion/Falla equipo de Trozado-2;120;P;Quemada;12-05-2026 02:24:10;11-05-2026;0;;FORWINCH;;PODADO;CN LOG NVA ALDEA;VE2026;SI;FASA Zona Chillán;FASA Zona Chillán;FASA Zona Chillán;FSC 100%-SA-FM/COC-004173;100% CERTIFICADO CERTFOR-CL21/819943415
827176;11-05-2026;11734;COIHUECO Y OTROS (BB);TEA08;COSECHA;COSECHA;11:00;23:00;9:00;1:00;50;198;796625600;FORESTAL MILLALEMU Y CIA.LTDA.;2076233;1;796625600;MILLALEMU Y CIA.LTDA. FORESTAL MILLALEMU;;P0265MRCCAL1;CC;PIRA;174;N051;2,6;2,65;54,636;0;30;4-Reparacion/Falla equipo de Trozado-2;120;P;Quemada;12-05-2026 02:24:10;11-05-2026;0;;FORWINCH;;ASERRABLE;CN LOG NVA ALDEA;VE2026;SI;FASA Zona Chillán;FASA Zona Chillán;FASA Zona Chillán;FSC 100%-SA-FM/COC-004173;100% CERTIFICADO CERTFOR-CL21/819943415
827176;11-05-2026;11734;COIHUECO Y OTROS (BB);TEA08;COSECHA;COSECHA;11:00;23:00;9:00;1:00;50;198;796625600;FORESTAL MILLALEMU Y CIA.LTDA.;2076233;1;796625600;MILLALEMU Y CIA.LTDA. FORESTAL MILLALEMU;;P0265RRCCAL1;CC;PIRA;20;N051;2,6;2,65;6,28;0;10;4-Reparacion/Falla equipo de Trozado-2;120;P;Fresca;12-05-2026 02:24:10;11-05-2026;0;;FORWINCH;;ASERRABLE;CN LOG NVA ALDEA;VE2026;SI;FASA Zona Chillán;FASA Zona Chillán;FASA Zona Chillán;FSC 100%-SA-FM/COC-004173;100% CERTIFICADO CERTFOR-CL21/819943415
827176;11-05-2026;11734;COIHUECO Y OTROS (BB);TEA08;COSECHA;COSECHA;11:00;23:00;9:00;1:00;50;198;796625600;FORESTAL MILLALEMU Y CIA.LTDA.;2076233;1;796625600;MILLALEMU Y CIA.LTDA. FORESTAL MILLALEMU;;P0350URCPLLF;CC;PIRA;;N011;3,5;3,5;6,593076;0;50;4-Reparacion/Falla equipo de Trozado-2;120;P;Fresca;12-05-2026 02:24:10;11-05-2026;0;;FORWINCH;;PULPABLE;PTA NVA ALDEA;VE2026;SI;FASA Zona Chillán;FASA Zona Chillán;FASA Zona Chillán;FSC 100%-SA-FM/COC-004173;100% CERTIFICADO CERTFOR-CL21/819943415
827176;11-05-2026;11734;COIHUECO Y OTROS (BB);TEA08;COSECHA;COSECHA;11:00;23:00;9:00;1:00;50;198;796625600;FORESTAL MILLALEMU Y CIA.LTDA.;2076233;1;796625600;MILLALEMU Y CIA.LTDA. FORESTAL MILLALEMU;;P0375MRCCAL1;CC;PIRA;318;N051;3,65;3,75;76,638;0;50;4-Reparacion/Falla equipo de Trozado-2;120;P;Quemada;12-05-2026 02:24:10;11-05-2026;0;;FORWINCH;;ASERRABLE;CN LOG NVA ALDEA;VE2026;SI;FASA Zona Chillán;FASA Zona Chillán;FASA Zona Chillán;FSC 100%-SA-FM/COC-004173;100% CERTIFICADO CERTFOR-CL21/819943415
827176;11-05-2026;11734;COIHUECO Y OTROS (BB);TEA08;COSECHA;COSECHA;11:00;23:00;9:00;1:00;50;198;796625600;FORESTAL MILLALEMU Y CIA.LTDA.;2076233;1;796625600;MILLALEMU Y CIA.LTDA. FORESTAL MILLALEMU;;P0400NRCPLLF;CC;PIRA;;N048;4;4;13,154075;0;20;4-Reparacion/Falla equipo de Trozado-2;120;P;Quemada 2;12-05-2026 02:24:10;11-05-2026;0;;FORWINCH;;PULPABLE;CN RANQUIL;VE2026;SI;FASA Zona Chillán;FASA Zona Chillán;FASA Zona Chillán;FSC 100%-SA-FM/COC-004173;100% CERTIFICADO CERTFOR-CL21/819943415
827176;11-05-2026;11734;COIHUECO Y OTROS (BB);TEA08;COSECHA;COSECHA;11:00;23:00;9:00;1:00;50;198;796625600;FORESTAL MILLALEMU Y CIA.LTDA.;2076233;1;796625600;MILLALEMU Y CIA.LTDA. FORESTAL MILLALEMU;;P0400NRCPLLF;CC;PIRA;0;N048;4;4;29,179673;0;20;4-Reparacion/Falla equipo de Trozado-2;120;P;Quemada;12-05-2026 02:24:10;;0;;FORWINCH;;PULPABLE;CN RANQUIL;VE2026;SI;FASA Zona Chillán;FASA Zona Chillán;FASA Zona Chillán;FSC 100%-SA-FM/COC-004173;100% CERTIFICADO CERTFOR-CL21/819943415
827213;12-05-2026;11748;LAS ULLOAS (BB);S223;COSECHA;COSECHA;11:00;23:00;7:00;1:00;25;7;796625600;FORESTAL MILLALEMU Y CIA.LTDA.;2076574;1;796625600;MILLALEMU Y CIA.LTDA. FORESTAL MILLALEMU;;P0244URCPLSD;CC;PIRA;0;N011;2,44;2,44;0;0;20;21-Falta/abstecimiento de combustible equipo de mader-4;240;P;Fresca;12-05-2026 22:41:27;12-05-2026;0;;SKIDDER;;PULPABLE;PTA NVA ALDEA;VE2026;SI;FASA Zona Chillán;FASA Zona Chillán;FASA Zona Chillán;FSC 100%-SA-FM/COC-004173;100% CERTIFICADO CERTFOR-CL21/819943415
827213;12-05-2026;11748;LAS ULLOAS (BB);S223;COSECHA;COSECHA;11:00;23:00;7:00;1:00;25;7;796625600;FORESTAL MILLALEMU Y CIA.LTDA.;2076574;1;796625600;MILLALEMU Y CIA.LTDA. FORESTAL MILLALEMU;;P0265LRCCAL1;CC;PIRA;12;N051;2,6;2,65;3,9;0;150;21-Falta/abstecimiento de combustible equipo de mader-4;240;P;Quemada;12-05-2026 22:41:27;12-05-2026;0;;SKIDDER;;PODADO;CN LOG NVA ALDEA;VE2026;SI;FASA Zona Chillán;FASA Zona Chillán;FASA Zona Chillán;FSC 100%-SA-FM/COC-004173;100% CERTIFICADO CERTFOR-CL21/819943415
827213;12-05-2026;11748;LAS ULLOAS (BB);S223;COSECHA;COSECHA;11:00;23:00;7:00;1:00;25;7;796625600;FORESTAL MILLALEMU Y CIA.LTDA.;2076574;1;796625600;MILLALEMU Y CIA.LTDA. FORESTAL MILLALEMU;;P0265MRCCAL1;CC;PIRA;19;N051;2,6;2,65;6,099;0;200;21-Falta/abstecimiento de combustible equipo de mader-4;240;P;Quemada;12-05-2026 22:41:27;12-05-2026;0;;SKIDDER;;ASERRABLE;CN LOG NVA ALDEA;VE2026;SI;FASA Zona Chillán;FASA Zona Chillán;FASA Zona Chillán;FSC 100%-SA-FM/COC-004173;100% CERTIFICADO CERTFOR-CL21/819943415
827213;12-05-2026;11748;LAS ULLOAS (BB);S223;COSECHA;COSECHA;11:00;23:00;7:00;1:00;25;7;796625600;FORESTAL MILLALEMU Y CIA.LTDA.;2076574;1;796625600;MILLALEMU Y CIA.LTDA. FORESTAL MILLALEMU;;P0300NRCPLVA;CC;PIRA;;N048;3;3;38,969119;0;750;21-Falta/abstecimiento de combustible equipo de mader-4;240;P;Quemada;12-05-2026 22:41:27;12-05-2026;0;;SKIDDER;;PULPABLE;CN RANQUIL;VE2026;SI;FASA Zona Chillán;FASA Zona Chillán;FASA Zona Chillán;FSC 100%-SA-FM/COC-004173;100% CERTIFICADO CERTFOR-CL21/819943415
827213;12-05-2026;11748;LAS ULLOAS (BB);S223;COSECHA;COSECHA;11:00;23:00;7:00;1:00;25;7;796625600;FORESTAL MILLALEMU Y CIA.LTDA.;2076574;1;796625600;MILLALEMU Y CIA.LTDA. FORESTAL MILLALEMU;;P0375MRCCAL1;CC;PIRA;300;N051;3,65;3,75;69,3;0;300;21-Falta/abstecimiento de combustible equipo de mader-4;240;P;Quemada;12-05-2026 22:41:27;12-05-2026;0;;SKIDDER;;ASERRABLE;CN LOG NVA ALDEA;VE2026;SI;FASA Zona Chillán;FASA Zona Chillán;FASA Zona Chillán;FSC 100%-SA-FM/COC-004173;100% CERTIFICADO CERTFOR-CL21/819943415
827230;12-05-2026;11983;EL CABRITO CBB;S123;COSECHA;COSECHA;11:00;23:00;0:00;1:00;0;0;796625600;FORESTAL MILLALEMU Y CIA.LTDA.;2074817;1;796625600;MILLALEMU Y CIA.LTDA. FORESTAL MILLALEMU;;P0244NRCPLLF;CC;PIRA;0;N048;2,39;2,44;0;0;68;38-Falta autorizaciones FASA-10.5|42-Descanso/Pausa programada-0.5;660;P;Quemada;13-05-2026 00:29:25;12-05-2026;0;;SKIDDER;;PULPABLE;CN RANQUIL;VE2026;SI;FASA Zona Chillán;FASA Zona Chillán;FASA Zona Chillán;FSC 100%-SA-FM/COC-004173;100% CERTIFICADO CERTFOR-CL21/819943415
827230;12-05-2026;11983;EL CABRITO CBB;S123;COSECHA;COSECHA;11:00;23:00;0:00;1:00;0;0;796625600;FORESTAL MILLALEMU Y CIA.LTDA.;2074817;1;796625600;MILLALEMU Y CIA.LTDA. FORESTAL MILLALEMU;;P0265LRCCAL1;CC;PIRA;0;N051;2,6;2,65;0;0;259;38-Falta autorizaciones FASA-10.5|42-Descanso/Pausa programada-0.5;660;P;Quemada;13-05-2026 00:29:25;12-05-2026;0;;SKIDDER;;PODADO;CN LOG NVA ALDEA;VE2026;SI;FASA Zona Chillán;FASA Zona Chillán;FASA Zona Chillán;FSC 100%-SA-FM/COC-004173;100% CERTIFICADO CERTFOR-CL21/819943415
827230;12-05-2026;11983;EL CABRITO CBB;S123;COSECHA;COSECHA;11:00;23:00;0:00;1:00;0;0;796625600;FORESTAL MILLALEMU Y CIA.LTDA.;2074817;1;796625600;MILLALEMU Y CIA.LTDA. FORESTAL MILLALEMU;;P0265MRCCAL1;CC;PIRA;0;N051;2,6;2,65;0;0;565;38-Falta autorizaciones FASA-10.5|42-Descanso/Pausa programada-0.5;660;P;Quemada;13-05-2026 00:29:25;12-05-2026;0;;SKIDDER;;ASERRABLE;CN LOG NVA ALDEA;VE2026;SI;FASA Zona Chillán;FASA Zona Chillán;FASA Zona Chillán;FSC 100%-SA-FM/COC-004173;100% CERTIFICADO CERTFOR-CL21/819943415
827230;12-05-2026;11983;EL CABRITO CBB;S123;COSECHA;COSECHA;11:00;23:00;0:00;1:00;0;0;796625600;FORESTAL MILLALEMU Y CIA.LTDA.;2074817;1;796625600;MILLALEMU Y CIA.LTDA. FORESTAL MILLALEMU;;P0265RRCCAL1;CC;PIRA;0;N051;2,6;2,65;0;0;39;38-Falta autorizaciones FASA-10.5|42-Descanso/Pausa programada-0.5;660;P;Fresca;13-05-2026 00:29:25;12-05-2026;0;;SKIDDER;;ASERRABLE;CN LOG NVA ALDEA;VE2026;SI;FASA Zona Chillán;FASA Zona Chillán;FASA Zona Chillán;FSC 100%-SA-FM/COC-004173;100% CERTIFICADO CERTFOR-CL21/819943415
827230;12-05-2026;11983;EL CABRITO CBB;S123;COSECHA;COSECHA;11:00;23:00;0:00;1:00;0;0;796625600;FORESTAL MILLALEMU Y CIA.LTDA.;2074817;1;796625600;MILLALEMU Y CIA.LTDA. FORESTAL MILLALEMU;;P0350URCPLLF;CC;PIRA;0;N011;3,4;3,5;0;0;186;38-Falta autorizaciones FASA-10.5|42-Descanso/Pausa programada-0.5;660;P;Fresca;13-05-2026 00:29:25;12-05-2026;0;;SKIDDER;;PULPABLE;PTA NVA ALDEA;VE2026;SI;FASA Zona Chillán;FASA Zona Chillán;FASA Zona Chillán;FSC 100%-SA-FM/COC-004173;100% CERTIFICADO CERTFOR-CL21/819943415
827230;12-05-2026;11983;EL CABRITO CBB;S123;COSECHA;COSECHA;11:00;23:00;0:00;1:00;0;0;796625600;FORESTAL MILLALEMU Y CIA.LTDA.;2074817;1;796625600;MILLALEMU Y CIA.LTDA. FORESTAL MILLALEMU;;P0375MRCCAL1;CC;PIRA;0;N051;3,65;3,75;0;0;931;38-Falta autorizaciones FASA-10.5|42-Descanso/Pausa programada-0.5;660;P;Quemada;13-05-2026 00:29:25;12-05-2026;0;;SKIDDER;;ASERRABLE;CN LOG NVA ALDEA;VE2026;SI;FASA Zona Chillán;FASA Zona Chillán;FASA Zona Chillán;FSC 100%-SA-FM/COC-004173;100% CERTIFICADO CERTFOR-CL21/819943415
827230;12-05-2026;11983;EL CABRITO CBB;S123;COSECHA;COSECHA;11:00;23:00;0:00;1:00;0;0;796625600;FORESTAL MILLALEMU Y CIA.LTDA.;2074817;1;796625600;MILLALEMU Y CIA.LTDA. FORESTAL MILLALEMU;;P0375RRCCAL1;CC;PIRA;0;N051;3,65;3,75;0;0;283;38-Falta autorizaciones FASA-10.5|42-Descanso/Pausa programada-0.5;660;P;Fresca;13-05-2026 00:29:25;12-05-2026;0;;SKIDDER;;ASERRABLE;CN LOG NVA ALDEA;VE2026;SI;FASA Zona Chillán;FASA Zona Chillán;FASA Zona Chillán;FSC 100%-SA-FM/COC-004173;100% CERTIFICADO CERTFOR-CL21/819943415
827230;12-05-2026;11983;EL CABRITO CBB;S123;COSECHA;COSECHA;11:00;23:00;0:00;1:00;0;0;796625600;FORESTAL MILLALEMU Y CIA.LTDA.;2074817;1;796625600;MILLALEMU Y CIA.LTDA. FORESTAL MILLALEMU;;P0400NRCPLLF;CC;PIRA;0;N048;3,9;4;0;0;5;38-Falta autorizaciones FASA-10.5|42-Descanso/Pausa programada-0.5;660;P;Quemada;13-05-2026 00:29:25;;0;;SKIDDER;;PULPABLE;CN RANQUIL;VE2026;SI;FASA Zona Chillán;FASA Zona Chillán;FASA Zona Chillán;FSC 100%-SA-FM/COC-004173;100% CERTIFICADO CERTFOR-CL21/819943415
827230;12-05-2026;11983;EL CABRITO CBB;S123;COSECHA;COSECHA;11:00;23:00;0:00;1:00;0;0;796625600;FORESTAL MILLALEMU Y CIA.LTDA.;2074817;1;796625600;MILLALEMU Y CIA.LTDA. FORESTAL MILLALEMU;;P0400NRCPLLF;CC;PIRA;0;N048;3,9;4;0;0;394;38-Falta autorizaciones FASA-10.5|42-Descanso/Pausa programada-0.5;660;P;Quemada;13-05-2026 00:29:25;12-05-2026;0;;SKIDDER;;PULPABLE;CN RANQUIL;VE2026;SI;FASA Zona Chillán;FASA Zona Chillán;FASA Zona Chillán;FSC 100%-SA-FM/COC-004173;100% CERTIFICADO CERTFOR-CL21/819943415
827232;12-05-2026;11076;LOMA DE LA VACA;TEA02;COSECHA;COSECHA;11:00;23:00;2:00;1:00;20;400;796625600;FORESTAL MILLALEMU Y CIA.LTDA.;2077829;1;796625600;MILLALEMU Y CIA.LTDA. FORESTAL MILLALEMU;;P0244URCPLLF;CC;PIRA;;T010;2,44;2,44;6,959;0;7;14-Traslados otro predio-9;540;P;Fresca;13-05-2026 00:37:36;12-05-2026;0;;FORWINCH;;PULPABLE;CP CONSTITUCION;IN2026;SI;FASA Zona Constituci;FASA Zona Constituci;FASA Zona Constituci;FSC 100%-SA-FM/COC-004173;100% CERTIFICADO CERTFOR-CL21/819943415
827232;12-05-2026;11076;LOMA DE LA VACA;TEA02;COSECHA;COSECHA;11:00;23:00;2:00;1:00;20;400;796625600;FORESTAL MILLALEMU Y CIA.LTDA.;2077829;1;796625600;MILLALEMU Y CIA.LTDA. FORESTAL MILLALEMU;;P0244URCPLSD;CC;PIRA;;T010;2,44;2,44;4,054;0;4;14-Traslados otro predio-9;540;P;Fresca;13-05-2026 00:37:36;12-05-2026;0;;FORWINCH;;PULPABLE;CP CONSTITUCION;IN2026;SI;FASA Zona Constituci;FASA Zona Constituci;FASA Zona Constituci;FSC 100%-SA-FM/COC-004173;100% CERTIFICADO CERTFOR-CL21/819943415
827232;12-05-2026;11076;LOMA DE LA VACA;TEA02;COSECHA;COSECHA;11:00;23:00;2:00;1:00;20;400;796625600;FORESTAL MILLALEMU Y CIA.LTDA.;2077829;1;796625600;MILLALEMU Y CIA.LTDA. FORESTAL MILLALEMU;;P0265RRCCAL1;CC;PIRA;2;N051;2,6;2,65;0,63;0;1;14-Traslados otro predio-9;540;P;Fresca;13-05-2026 00:37:36;12-05-2026;0;;FORWINCH;;ASERRABLE;CN LOG NVA ALDEA;IN2026;SI;FASA Zona Constituci;FASA Zona Constituci;FASA Zona Constituci;FSC 100%-SA-FM/COC-004173;100% CERTIFICADO CERTFOR-CL21/819943415
827232;12-05-2026;11076;LOMA DE LA VACA;TEA02;COSECHA;COSECHA;11:00;23:00;2:00;1:00;20;400;796625600;FORESTAL MILLALEMU Y CIA.LTDA.;2077829;1;796625600;MILLALEMU Y CIA.LTDA. FORESTAL MILLALEMU;;P0330RRCCAL1;CC;PIRA;106;T014;3,2;3,3;15,794;0;15;14-Traslados otro predio-9;540;P;Fresca;13-05-2026 00:37:36;12-05-2026;0;;FORWINCH;;ASERRABLE;CN VINALES;IN2026;SI;FASA Zona Constituci;FASA Zona Constituci;FASA Zona Constituci;FSC 100%-SA-FM/COC-004173;100% CERTIFICADO CERTFOR-CL21/819943415
827233;12-05-2026;10608;POLHUIN;T125;COSECHA;COSECHA;11:00;23:00;11:00;1:00;113;500;796625600;FORESTAL MILLALEMU Y CIA.LTDA.;2076033;1;796625600;MILLALEMU Y CIA.LTDA. FORESTAL MILLALEMU;;E0244UGCPLLF;CC;EUGL;;N011;2,44;2,44;14,33;0;30;;0;P;Fresca;13-05-2026 00:40:06;12-05-2026;0;;TORRE500;;PULPABLE;PTA NVA ALDEA;VE2026;SI;FASA Zona Constituci;FASA Zona Constituci;FASA Zona Constituci;FSC 100%-SA-FM/COC-004173;100% CERTIFICADO CERTFOR-CL21/819943415
827233;12-05-2026;10608;POLHUIN;T125;COSECHA;COSECHA;11:00;23:00;11:00;1:00;113;500;796625600;FORESTAL MILLALEMU Y CIA.LTDA.;2076033;1;796625600;MILLALEMU Y CIA.LTDA. FORESTAL MILLALEMU;;E0550UGCPLLF;CC;EUGL;;N011;5,5;5,5;125,058;0;4006;;0;P;Fresca;13-05-2026 00:40:06;12-05-2026;0;;TORRE500;;PULPABLE;PTA NVA ALDEA;VE2026;SI;FASA Zona Constituci;FASA Zona Constituci;FASA Zona Constituci;FSC 100%-SA-FM/COC-004173;100% CERTIFICADO CERTFOR-CL21/819943415
827245;12-05-2026;11734;COIHUECO Y OTROS (BB);S58;COSECHA;COSECHA;11:00;23:00;9:00;1:00;35;200;796625600;FORESTAL MILLALEMU Y CIA.LTDA.;2077007;1;796625600;MILLALEMU Y CIA.LTDA. FORESTAL MILLALEMU;;P0244NRCPLLF;CC;PIRA;;N048;2,44;2,44;14,364;0;34;4-Reparacion/Falla equipo de Trozado-2;120;P;Quemada;13-05-2026 00:57:50;12-05-2026;0;;SKIDDER;;PULPABLE;CN RANQUIL;VE2026;SI;FASA Zona Chillán;FASA Zona Chillán;FASA Zona Chillán;FSC 100%-SA-FM/COC-004173;100% CERTIFICADO CERTFOR-CL21/819943415
827245;12-05-2026;11734;COIHUECO Y OTROS (BB);S58;COSECHA;COSECHA;11:00;23:00;9:00;1:00;35;200;796625600;FORESTAL MILLALEMU Y CIA.LTDA.;2077007;1;796625600;MILLALEMU Y CIA.LTDA. FORESTAL MILLALEMU;;P0244NRCPLSD;CC;PIRA;0;N048;2,44;2,44;27,132;0;44;4-Reparacion/Falla equipo de Trozado-2;120;P;Quemada;13-05-2026 00:57:50;;0;;SKIDDER;;PULPABLE;CN RANQUIL;VE2026;SI;FASA Zona Chillán;FASA Zona Chillán;FASA Zona Chillán;FSC 100%-SA-FM/COC-004173;100% CERTIFICADO CERTFOR-CL21/819943415
827245;12-05-2026;11734;COIHUECO Y OTROS (BB);S58;COSECHA;COSECHA;11:00;23:00;9:00;1:00;35;200;796625600;FORESTAL MILLALEMU Y CIA.LTDA.;2077007;1;796625600;MILLALEMU Y CIA.LTDA. FORESTAL MILLALEMU;;P0265LRCCAL1;CC;PIRA;32;N051;2,6;2,65;11,136;0;20;4-Reparacion/Falla equipo de Trozado-2;120;P;Quemada;13-05-2026 00:57:50;12-05-2026;0;;SKIDDER;;PODADO;CN LOG NVA ALDEA;VE2026;SI;FASA Zona Chillán;FASA Zona Chillán;FASA Zona Chillán;FSC 100%-SA-FM/COC-004173;100% CERTIFICADO CERTFOR-CL21/819943415
827245;12-05-2026;11734;COIHUECO Y OTROS (BB);S58;COSECHA;COSECHA;11:00;23:00;9:00;1:00;35;200;796625600;FORESTAL MILLALEMU Y CIA.LTDA.;2077007;1;796625600;MILLALEMU Y CIA.LTDA. FORESTAL MILLALEMU;;P0265MRCCAL1;CC;PIRA;30;N051;2,6;2,65;10,59;0;40;4-Reparacion/Falla equipo de Trozado-2;120;P;Quemada;13-05-2026 00:57:50;12-05-2026;0;;SKIDDER;;ASERRABLE;CN LOG NVA ALDEA;VE2026;SI;FASA Zona Chillán;FASA Zona Chillán;FASA Zona Chillán;FSC 100%-SA-FM/COC-004173;100% CERTIFICADO CERTFOR-CL21/819943415
827245;12-05-2026;11734;COIHUECO Y OTROS (BB);S58;COSECHA;COSECHA;11:00;23:00;9:00;1:00;35;200;796625600;FORESTAL MILLALEMU Y CIA.LTDA.;2077007;1;796625600;MILLALEMU Y CIA.LTDA. FORESTAL MILLALEMU;;P0265RRCCAL1;CC;PIRA;74;N051;2,6;2,65;26,122;0;60;4-Reparacion/Falla equipo de Trozado-2;120;P;Fresca;13-05-2026 00:57:50;12-05-2026;0;;SKIDDER;;ASERRABLE;CN LOG NVA ALDEA;VE2026;SI;FASA Zona Chillán;FASA Zona Chillán;FASA Zona Chillán;FSC 100%-SA-FM/COC-004173;100% CERTIFICADO CERTFOR-CL21/819943415
827245;12-05-2026;11734;COIHUECO Y OTROS (BB);S58;COSECHA;COSECHA;11:00;23:00;9:00;1:00;35;200;796625600;FORESTAL MILLALEMU Y CIA.LTDA.;2077007;1;796625600;MILLALEMU Y CIA.LTDA. FORESTAL MILLALEMU;;P0350URCPLLF;CC;PIRA;;N011;3,5;3,5;15,62484;0;35;4-Reparacion/Falla equipo de Trozado-2;120;P;Fresca;13-05-2026 00:57:50;12-05-2026;0;;SKIDDER;;PULPABLE;PTA NVA ALDEA;VE2026;SI;FASA Zona Chillán;FASA Zona Chillán;FASA Zona Chillán;FSC 100%-SA-FM/COC-004173;100% CERTIFICADO CERTFOR-CL21/819943415
827245;12-05-2026;11734;COIHUECO Y OTROS (BB);S58;COSECHA;COSECHA;11:00;23:00;9:00;1:00;35;200;796625600;FORESTAL MILLALEMU Y CIA.LTDA.;2077007;1;796625600;MILLALEMU Y CIA.LTDA. FORESTAL MILLALEMU;;P0375MRCCAL1;CC;PIRA;126;N051;3,65;3,75;30,114;0;60;4-Reparacion/Falla equipo de Trozado-2;120;P;Quemada;13-05-2026 00:57:50;12-05-2026;0;;SKIDDER;;ASERRABLE;CN LOG NVA ALDEA;VE2026;SI;FASA Zona Chillán;FASA Zona Chillán;FASA Zona Chillán;FSC 100%-SA-FM/COC-004173;100% CERTIFICADO CERTFOR-CL21/819943415
827245;12-05-2026;11734;COIHUECO Y OTROS (BB);S58;COSECHA;COSECHA;11:00;23:00;9:00;1:00;35;200;796625600;FORESTAL MILLALEMU Y CIA.LTDA.;2077007;1;796625600;MILLALEMU Y CIA.LTDA. FORESTAL MILLALEMU;;P0375RRCCAL1;CC;PIRA;121;N051;3,65;3,75;28,919;0;60;4-Reparacion/Falla equipo de Trozado-2;120;P;Fresca;13-05-2026 00:57:50;12-05-2026;0;;SKIDDER;;ASERRABLE;CN LOG NVA ALDEA;VE2026;SI;FASA Zona Chillán;FASA Zona Chillán;FASA Zona Chillán;FSC 100%-SA-FM/COC-004173;100% CERTIFICADO CERTFOR-CL21/819943415
827245;12-05-2026;11734;COIHUECO Y OTROS (BB);S58;COSECHA;COSECHA;11:00;23:00;9:00;1:00;35;200;796625600;FORESTAL MILLALEMU Y CIA.LTDA.;2077007;1;796625600;MILLALEMU Y CIA.LTDA. FORESTAL MILLALEMU;;P0400NRCPLLF;CC;PIRA;;N048;4;4;9,146904;0;10;4-Reparacion/Falla equipo de Trozado-2;120;P;Quemada 2;13-05-2026 00:57:50;12-05-2026;0;;SKIDDER;;PULPABLE;CN RANQUIL;VE2026;SI;FASA Zona Chillán;FASA Zona Chillán;FASA Zona Chillán;FSC 100%-SA-FM/COC-004173;100% CERTIFICADO CERTFOR-CL21/819943415
827245;12-05-2026;11734;COIHUECO Y OTROS (BB);S58;COSECHA;COSECHA;11:00;23:00;9:00;1:00;35;200;796625600;FORESTAL MILLALEMU Y CIA.LTDA.;2077007;1;796625600;MILLALEMU Y CIA.LTDA. FORESTAL MILLALEMU;;P0400NRCPLLF;CC;PIRA;0;N048;4;4;14,228003;0;14;4-Reparacion/Falla equipo de Trozado-2;120;P;Quemada;13-05-2026 00:57:50;;0;;SKIDDER;;PULPABLE;CN RANQUIL;VE2026;SI;FASA Zona Chillán;FASA Zona Chillán;FASA Zona Chillán;FSC 100%-SA-FM/COC-004173;100% CERTIFICADO CERTFOR-CL21/819943415
827256;12-05-2026;40539;LAS MERCEDES C13;S246;COSECHA;COSECHA;11:00;23:00;4:00;1:00;66;850;796625600;FORESTAL MILLALEMU Y CIA.LTDA.;2077921;1;796625600;MILLALEMU Y CIA.LTDA. FORESTAL MILLALEMU;;P0350URCPLLF;CC;PIRA;;N011;3,5;3,5;64,467228;0;64;14-Traslados otro predio-7;420;P;Fresca;13-05-2026 01:06:28;12-05-2026;0;;SKIDDER;;PULPABLE;PTA NVA ALDEA;IN2026;SI;FASA Zona Chillán;FASA Zona Chillán;FASA Zona Chillán;FSC 100%-SA-FM/COC-004173;100% CERTIFICADO CERTFOR-CL21/819943415
827256;12-05-2026;40539;LAS MERCEDES C13;S246;COSECHA;COSECHA;11:00;23:00;4:00;1:00;66;850;796625600;FORESTAL MILLALEMU Y CIA.LTDA.;2077921;1;796625600;MILLALEMU Y CIA.LTDA. FORESTAL MILLALEMU;;P0410RRCCAL1;CC;PIRA;130;N051;4;4,1;24,7;0;25;14-Traslados otro predio-7;420;P;Fresca;13-05-2026 01:06:28;12-05-2026;0;;SKIDDER;;ASERRABLE;CN LOG NVA ALDEA;IN2026;SI;FASA Zona Chillán;FASA Zona Chillán;FASA Zona Chillán;FSC 100%-SA-FM/COC-004173;100% CERTIFICADO CERTFOR-CL21/819943415
827271;12-05-2026;11734;COIHUECO Y OTROS (BB);TEA08;COSECHA;COSECHA;11:00;23:00;4:30;1:00;18;60;796625600;FORESTAL MILLALEMU Y CIA.LTDA.;2076233;1;796625600;MILLALEMU Y CIA.LTDA. FORESTAL MILLALEMU;;P0244NRCPLLF;CC;PIRA;;N048;2,44;2,44;3,01644;0;20;4-Reparacion/Falla equipo de Trozado-6.5;390;P;Quemada;13-05-2026 01:27:53;12-05-2026;0;;FORWINCH;;PULPABLE;CN RANQUIL;VE2026;SI;FASA Zona Chillán;FASA Zona Chillán;FASA Zona Chillán;FSC 100%-SA-FM/COC-004173;100% CERTIFICADO CERTFOR-CL21/819943415
827271;12-05-2026;11734;COIHUECO Y OTROS (BB);TEA08;COSECHA;COSECHA;11:00;23:00;4:30;1:00;18;60;796625600;FORESTAL MILLALEMU Y CIA.LTDA.;2076233;1;796625600;MILLALEMU Y CIA.LTDA. FORESTAL MILLALEMU;;P0244NRCPLLF;CC;PIRA;0;N048;2,44;2,44;8,92164;0;30;4-Reparacion/Falla equipo de Trozado-6.5;390;P;Quemada;13-05-2026 01:27:53;;0;;FORWINCH;;PULPABLE;CN RANQUIL;VE2026;SI;FASA Zona Chillán;FASA Zona Chillán;FASA Zona Chillán;FSC 100%-SA-FM/COC-004173;100% CERTIFICADO CERTFOR-CL21/819943415
827271;12-05-2026;11734;COIHUECO Y OTROS (BB);TEA08;COSECHA;COSECHA;11:00;23:00;4:30;1:00;18;60;796625600;FORESTAL MILLALEMU Y CIA.LTDA.;2076233;1;796625600;MILLALEMU Y CIA.LTDA. FORESTAL MILLALEMU;;P0265LRCCAL1;CC;PIRA;10;N051;2,6;2,65;3,41;0;20;4-Reparacion/Falla equipo de Trozado-6.5;390;P;Manchada;13-05-2026 01:27:53;12-05-2026;0;;FORWINCH;;PODADO;CN LOG NVA ALDEA;VE2026;SI;FASA Zona Chillán;FASA Zona Chillán;FASA Zona Chillán;FSC 100%-SA-FM/COC-004173;100% CERTIFICADO CERTFOR-CL21/819943415
827271;12-05-2026;11734;COIHUECO Y OTROS (BB);TEA08;COSECHA;COSECHA;11:00;23:00;4:30;1:00;18;60;796625600;FORESTAL MILLALEMU Y CIA.LTDA.;2076233;1;796625600;MILLALEMU Y CIA.LTDA. FORESTAL MILLALEMU;;P0265MRCCAL1;CC;PIRA;36;N051;2,6;2,65;11,304;0;30;4-Reparacion/Falla equipo de Trozado-6.5;390;P;Quemada;13-05-2026 01:27:53;12-05-2026;0;;FORWINCH;;ASERRABLE;CN LOG NVA ALDEA;VE2026;SI;FASA Zona Chillán;FASA Zona Chillán;FASA Zona Chillán;FSC 100%-SA-FM/COC-004173;100% CERTIFICADO CERTFOR-CL21/819943415
827271;12-05-2026;11734;COIHUECO Y OTROS (BB);TEA08;COSECHA;COSECHA;11:00;23:00;4:30;1:00;18;60;796625600;FORESTAL MILLALEMU Y CIA.LTDA.;2076233;1;796625600;MILLALEMU Y CIA.LTDA. FORESTAL MILLALEMU;;P0375MRCCAL1;CC;PIRA;137;N051;3,65;3,75;33,017;0;50;4-Reparacion/Falla equipo de Trozado-6.5;390;P;Manchada;13-05-2026 01:27:53;12-05-2026;0;;FORWINCH;;ASERRABLE;CN LOG NVA ALDEA;VE2026;SI;FASA Zona Chillán;FASA Zona Chillán;FASA Zona Chillán;FSC 100%-SA-FM/COC-004173;100% CERTIFICADO CERTFOR-CL21/819943415
827271;12-05-2026;11734;COIHUECO Y OTROS (BB);TEA08;COSECHA;COSECHA;11:00;23:00;4:30;1:00;18;60;796625600;FORESTAL MILLALEMU Y CIA.LTDA.;2076233;1;796625600;MILLALEMU Y CIA.LTDA. FORESTAL MILLALEMU;;P0400NRCPLLF;CC;PIRA;;N048;4;4;12,950399;0;30;4-Reparacion/Falla equipo de Trozado-6.5;390;P;Quemada;13-05-2026 01:27:53;12-05-2026;0;;FORWINCH;;PULPABLE;CN RANQUIL;VE2026;SI;FASA Zona Chillán;FASA Zona Chillán;FASA Zona Chillán;FSC 100%-SA-FM/COC-004173;100% CERTIFICADO CERTFOR-CL21/819943415
827380;13-05-2026;11748;LAS ULLOAS (BB);S223;COSECHA;COSECHA;11:00;23:00;3:00;1:00;15;87;796625600;FORESTAL MILLALEMU Y CIA.LTDA.;2076574;1;796625600;MILLALEMU Y CIA.LTDA. FORESTAL MILLALEMU;;P0265LRCCAL1;CC;PIRA;20;N051;2,6;2,65;6,5;0;156;1-Reparacion/Falla equipo de volteo-8;480;P;Quemada;14-05-2026 00:40:45;13-05-2026;0;;SKIDDER;;PODADO;CN LOG NVA ALDEA;VE2026;SI;FASA Zona Chillán;FASA Zona Chillán;FASA Zona Chillán;FSC 100%-SA-FM/COC-004173;100% CERTIFICADO CERTFOR-CL21/819943415
827380;13-05-2026;11748;LAS ULLOAS (BB);S223;COSECHA;COSECHA;11:00;23:00;3:00;1:00;15;87;796625600;FORESTAL MILLALEMU Y CIA.LTDA.;2076574;1;796625600;MILLALEMU Y CIA.LTDA. FORESTAL MILLALEMU;;P0265MRCCAL1;CC;PIRA;26;N051;2,6;2,65;8,346;0;210;1-Reparacion/Falla equipo de volteo-8;480;P;Quemada;14-05-2026 00:40:45;13-05-2026;0;;SKIDDER;;ASERRABLE;CN LOG NVA ALDEA;VE2026;SI;FASA Zona Chillán;FASA Zona Chillán;FASA Zona Chillán;FSC 100%-SA-FM/COC-004173;100% CERTIFICADO CERTFOR-CL21/819943415
827380;13-05-2026;11748;LAS ULLOAS (BB);S223;COSECHA;COSECHA;11:00;23:00;3:00;1:00;15;87;796625600;FORESTAL MILLALEMU Y CIA.LTDA.;2076574;1;796625600;MILLALEMU Y CIA.LTDA. FORESTAL MILLALEMU;;P0300NRCPLVA;CC;PIRA;;N048;3;3;23,367281;0;350;1-Reparacion/Falla equipo de volteo-8;480;P;Quemada;14-05-2026 00:40:45;13-05-2026;0;;SKIDDER;;PULPABLE;CN RANQUIL;VE2026;SI;FASA Zona Chillán;FASA Zona Chillán;FASA Zona Chillán;FSC 100%-SA-FM/COC-004173;100% CERTIFICADO CERTFOR-CL21/819943415
827380;13-05-2026;11748;LAS ULLOAS (BB);S223;COSECHA;COSECHA;11:00;23:00;3:00;1:00;15;87;796625600;FORESTAL MILLALEMU Y CIA.LTDA.;2076574;1;796625600;MILLALEMU Y CIA.LTDA. FORESTAL MILLALEMU;;P0375MRCCAL1;CC;PIRA;140;N051;3,65;3,75;32,34;0;332;1-Reparacion/Falla equipo de volteo-8;480;P;Manchada;14-05-2026 00:40:45;13-05-2026;0;;SKIDDER;;ASERRABLE;CN LOG NVA ALDEA;VE2026;SI;FASA Zona Chillán;FASA Zona Chillán;FASA Zona Chillán;FSC 100%-SA-FM/COC-004173;100% CERTIFICADO CERTFOR-CL21/819943415
827381;13-05-2026;12191;CE-27 ESPINALILLO YBAR;MG5;COSECHA;COSECHA;11:00;23:00;10:30;1:00;65;300;796625600;FORESTAL MILLALEMU Y CIA.LTDA.;2078008;1;796625600;MILLALEMU Y CIA.LTDA. FORESTAL MILLALEMU;;P0244URC18-38;CC;PIRA;;T010;2,44;2,44;4,58052;0;64;42-Descanso/Pausa programada-0.5;30;P;Fresca;14-05-2026 00:42:26;13-05-2026;0;;GRAPPLE;;PULPABLE;CP CONSTITUCION;VE2026;SI;FASA Zona Constituci;FASA Zona Constituci;FASA Zona Constituci;FSC 100%-SA-FM/COC-004173;100% CERTIFICADO CERTFOR-CL21/819943415
827381;13-05-2026;12191;CE-27 ESPINALILLO YBAR;MG5;COSECHA;COSECHA;11:00;23:00;10:30;1:00;65;300;796625600;FORESTAL MILLALEMU Y CIA.LTDA.;2078008;1;796625600;MILLALEMU Y CIA.LTDA. FORESTAL MILLALEMU;;P0244URC8-16;CC;PIRA;;T010;2,44;2,44;54,61512;0;204;42-Descanso/Pausa programada-0.5;30;P;Fresca;14-05-2026 00:42:26;13-05-2026;0;;GRAPPLE;;PULPABLE;CP CONSTITUCION;VE2026;SI;FASA Zona Constituci;FASA Zona Constituci;FASA Zona Constituci;FSC 100%-SA-FM/COC-004173;100% CERTIFICADO CERTFOR-CL21/819943415
827381;13-05-2026;12191;CE-27 ESPINALILLO YBAR;MG5;COSECHA;COSECHA;11:00;23:00;10:30;1:00;65;300;796625600;FORESTAL MILLALEMU Y CIA.LTDA.;2078008;1;796625600;MILLALEMU Y CIA.LTDA. FORESTAL MILLALEMU;;P0330RRCCAL1;CC;PIRA;643;T014;3,2;3,3;95,807;0;245;42-Descanso/Pausa programada-0.5;30;P;Fresca;14-05-2026 00:42:26;13-05-2026;0;;GRAPPLE;;ASERRABLE;CN VINALES;VE2026;SI;FASA Zona Constituci;FASA Zona Constituci;FASA Zona Constituci;FSC 100%-SA-FM/COC-004173;100% CERTIFICADO CERTFOR-CL21/819943415
827384;13-05-2026;10073;QUIRIQUINO;S123;COSECHA;COSECHA;11:00;23:00;1:00;1:00;9;700;796625600;FORESTAL MILLALEMU Y CIA.LTDA.;2078005;1;796625600;MILLALEMU Y CIA.LTDA. FORESTAL MILLALEMU;;P0265PRCCAL1;CC;PIRA;16;N051;2,6;2,65;5,04;0;5;14-Traslados otro predio-9.5|42-Descanso/Pausa programada-0.5;600;P;Fresca;14-05-2026 00:46:32;13-05-2026;0;;SKIDDER;;PODADO;CN LOG NVA ALDEA;IN2026;SI;FASA Zona Chillán;FASA Zona Chillán;FASA Zona Chillán;FSC 100%-SA-FM/COC-004173;100% CERTIFICADO CERTFOR-CL21/819943415
827384;13-05-2026;10073;QUIRIQUINO;S123;COSECHA;COSECHA;11:00;23:00;1:00;1:00;9;700;796625600;FORESTAL MILLALEMU Y CIA.LTDA.;2078005;1;796625600;MILLALEMU Y CIA.LTDA. FORESTAL MILLALEMU;;P0350URCPLLF;CC;PIRA;;N011;3,5;3,5;6,049;0;6;14-Traslados otro predio-9.5|42-Descanso/Pausa programada-0.5;600;P;Fresca;14-05-2026 00:46:32;13-05-2026;0;;SKIDDER;;PULPABLE;PTA NVA ALDEA;IN2026;SI;FASA Zona Chillán;FASA Zona Chillán;FASA Zona Chillán;FSC 100%-SA-FM/COC-004173;100% CERTIFICADO CERTFOR-CL21/819943415
827384;13-05-2026;10073;QUIRIQUINO;S123;COSECHA;COSECHA;11:00;23:00;1:00;1:00;9;700;796625600;FORESTAL MILLALEMU Y CIA.LTDA.;2078005;1;796625600;MILLALEMU Y CIA.LTDA. FORESTAL MILLALEMU;;P0410RRCCAL1;CC;PIRA;110;N051;4;4,1;20,9;0;20;14-Traslados otro predio-9.5|42-Descanso/Pausa programada-0.5;600;P;Fresca;14-05-2026 00:46:32;13-05-2026;0;;SKIDDER;;ASERRABLE;CN LOG NVA ALDEA;IN2026;SI;FASA Zona Chillán;FASA Zona Chillán;FASA Zona Chillán;FSC 100%-SA-FM/COC-004173;100% CERTIFICADO CERTFOR-CL21/819943415
827387;13-05-2026;11734;COIHUECO Y OTROS (BB);S58;COSECHA;COSECHA;11:00;23:00;8:00;1:00;30;220;796625600;FORESTAL MILLALEMU Y CIA.LTDA.;2077008;1;796625600;MILLALEMU Y CIA.LTDA. FORESTAL MILLALEMU;;P0244NRCPLLF;CC;PIRA;;N048;2,44;2,44;15,96;0;65;20-Falta/abstecimiento de combustible equipo de volte-3;180;P;Quemada;14-05-2026 00:49:05;13-05-2026;0;;SKIDDER;;PULPABLE;CN RANQUIL;VE2026;SI;FASA Zona Chillán;FASA Zona Chillán;FASA Zona Chillán;FSC 100%-SA-FM/COC-004173;100% CERTIFICADO CERTFOR-CL21/819943415
827387;13-05-2026;11734;COIHUECO Y OTROS (BB);S58;COSECHA;COSECHA;11:00;23:00;8:00;1:00;30;220;796625600;FORESTAL MILLALEMU Y CIA.LTDA.;2077008;1;796625600;MILLALEMU Y CIA.LTDA. FORESTAL MILLALEMU;;P0244URCPLSD;CC;PIRA;;N011;2,44;2,44;7,98;0;67;20-Falta/abstecimiento de combustible equipo de volte-3;180;P;Fresca;14-05-2026 00:49:05;13-05-2026;0;;SKIDDER;;PULPABLE;PTA NVA ALDEA;VE2026;SI;FASA Zona Chillán;FASA Zona Chillán;FASA Zona Chillán;FSC 100%-SA-FM/COC-004173;100% CERTIFICADO CERTFOR-CL21/819943415
827387;13-05-2026;11734;COIHUECO Y OTROS (BB);S58;COSECHA;COSECHA;11:00;23:00;8:00;1:00;30;220;796625600;FORESTAL MILLALEMU Y CIA.LTDA.;2077008;1;796625600;MILLALEMU Y CIA.LTDA. FORESTAL MILLALEMU;;P0265LRCCAL1;CC;PIRA;33;N051;2,6;2,65;12,837;0;112;20-Falta/abstecimiento de combustible equipo de volte-3;180;P;Quemada;14-05-2026 00:49:05;13-05-2026;0;;SKIDDER;;PODADO;CN LOG NVA ALDEA;VE2026;SI;FASA Zona Chillán;FASA Zona Chillán;FASA Zona Chillán;FSC 100%-SA-FM/COC-004173;100% CERTIFICADO CERTFOR-CL21/819943415
827387;13-05-2026;11734;COIHUECO Y OTROS (BB);S58;COSECHA;COSECHA;11:00;23:00;8:00;1:00;30;220;796625600;FORESTAL MILLALEMU Y CIA.LTDA.;2077008;1;796625600;MILLALEMU Y CIA.LTDA. FORESTAL MILLALEMU;;P0265MRCCAL1;CC;PIRA;81;N051;2,6;2,65;26,325;0;326;20-Falta/abstecimiento de combustible equipo de volte-3;180;P;Quemada;14-05-2026 00:49:05;13-05-2026;0;;SKIDDER;;ASERRABLE;CN LOG NVA ALDEA;VE2026;SI;FASA Zona Chillán;FASA Zona Chillán;FASA Zona Chillán;FSC 100%-SA-FM/COC-004173;100% CERTIFICADO CERTFOR-CL21/819943415
827387;13-05-2026;11734;COIHUECO Y OTROS (BB);S58;COSECHA;COSECHA;11:00;23:00;8:00;1:00;30;220;796625600;FORESTAL MILLALEMU Y CIA.LTDA.;2077008;1;796625600;MILLALEMU Y CIA.LTDA. FORESTAL MILLALEMU;;P0350URCPLLF;CC;PIRA;;N011;3,5;3,5;10,027668;0;30;20-Falta/abstecimiento de combustible equipo de volte-3;180;P;Fresca;14-05-2026 00:49:05;13-05-2026;0;;SKIDDER;;PULPABLE;PTA NVA ALDEA;VE2026;SI;FASA Zona Chillán;FASA Zona Chillán;FASA Zona Chillán;FSC 100%-SA-FM/COC-004173;100% CERTIFICADO CERTFOR-CL21/819943415
827387;13-05-2026;11734;COIHUECO Y OTROS (BB);S58;COSECHA;COSECHA;11:00;23:00;8:00;1:00;30;220;796625600;FORESTAL MILLALEMU Y CIA.LTDA.;2077008;1;796625600;MILLALEMU Y CIA.LTDA. FORESTAL MILLALEMU;;P0375MRCCAL1;CC;PIRA;168;N051;3,65;3,75;41,832;0;340;20-Falta/abstecimiento de combustible equipo de volte-3;180;P;Quemada;14-05-2026 00:49:05;13-05-2026;0;;SKIDDER;;ASERRABLE;CN LOG NVA ALDEA;VE2026;SI;FASA Zona Chillán;FASA Zona Chillán;FASA Zona Chillán;FSC 100%-SA-FM/COC-004173;100% CERTIFICADO CERTFOR-CL21/819943415
827387;13-05-2026;11734;COIHUECO Y OTROS (BB);S58;COSECHA;COSECHA;11:00;23:00;8:00;1:00;30;220;796625600;FORESTAL MILLALEMU Y CIA.LTDA.;2077008;1;796625600;MILLALEMU Y CIA.LTDA. FORESTAL MILLALEMU;;P0375RRCCAL1;CC;PIRA;30;N051;3,65;3,75;7,38;0;15;20-Falta/abstecimiento de combustible equipo de volte-3;180;P;Fresca;14-05-2026 00:49:05;13-05-2026;0;;SKIDDER;;ASERRABLE;CN LOG NVA ALDEA;VE2026;SI;FASA Zona Chillán;FASA Zona Chillán;FASA Zona Chillán;FSC 100%-SA-FM/COC-004173;100% CERTIFICADO CERTFOR-CL21/819943415
827387;13-05-2026;11734;COIHUECO Y OTROS (BB);S58;COSECHA;COSECHA;11:00;23:00;8:00;1:00;30;220;796625600;FORESTAL MILLALEMU Y CIA.LTDA.;2077008;1;796625600;MILLALEMU Y CIA.LTDA. FORESTAL MILLALEMU;;P0400NRCPLLF;CC;PIRA;;N048;4;4;13,658636;0;270;20-Falta/abstecimiento de combustible equipo de volte-3;180;P;Quemada 2;14-05-2026 00:49:05;13-05-2026;0;;SKIDDER;;PULPABLE;CN RANQUIL;VE2026;SI;FASA Zona Chillán;FASA Zona Chillán;FASA Zona Chillán;FSC 100%-SA-FM/COC-004173;100% CERTIFICADO CERTFOR-CL21/819943415
827387;13-05-2026;11734;COIHUECO Y OTROS (BB);S58;COSECHA;COSECHA;11:00;23:00;8:00;1:00;30;220;796625600;FORESTAL MILLALEMU Y CIA.LTDA.;2077008;1;796625600;MILLALEMU Y CIA.LTDA. FORESTAL MILLALEMU;;P0400NRCPLLF;CC;PIRA;0;N048;4;4;9,233312;0;560;20-Falta/abstecimiento de combustible equipo de volte-3;180;P;Quemada;14-05-2026 00:49:05;;0;;SKIDDER;;PULPABLE;CN RANQUIL;VE2026;SI;FASA Zona Chillán;FASA Zona Chillán;FASA Zona Chillán;FSC 100%-SA-FM/COC-004173;100% CERTIFICADO CERTFOR-CL21/819943415
827388;13-05-2026;10608;POLHUIN;T125;COSECHA;COSECHA;11:00;23:00;8:30;1:00;84;500;796625600;FORESTAL MILLALEMU Y CIA.LTDA.;2076033;1;796625600;MILLALEMU Y CIA.LTDA. FORESTAL MILLALEMU;;E0244UGCPLLF;CC;EUGL;;N011;2,44;2,44;3,23784;0;33;25-Instalacion de torre (vientos/ soportes)-2.5;150;P;Fresca;14-05-2026 00:54:03;13-05-2026;0;;TORRE500;;PULPABLE;PTA NVA ALDEA;VE2026;SI;FASA Zona Constituci;FASA Zona Constituci;FASA Zona Constituci;FSC 100%-SA-FM/COC-004173;100% CERTIFICADO CERTFOR-CL21/819943415
827388;13-05-2026;10608;POLHUIN;T125;COSECHA;COSECHA;11:00;23:00;8:30;1:00;84;500;796625600;FORESTAL MILLALEMU Y CIA.LTDA.;2076033;1;796625600;MILLALEMU Y CIA.LTDA. FORESTAL MILLALEMU;;E0550UGCPLLF;CC;EUGL;;N011;5,5;5,5;125,05776;0;4131;25-Instalacion de torre (vientos/ soportes)-2.5;150;P;Fresca;14-05-2026 00:54:03;13-05-2026;0;;TORRE500;;PULPABLE;PTA NVA ALDEA;VE2026;SI;FASA Zona Constituci;FASA Zona Constituci;FASA Zona Constituci;FSC 100%-SA-FM/COC-004173;100% CERTIFICADO CERTFOR-CL21/819943415
827396;13-05-2026;40539;LAS MERCEDES C13;S246;COSECHA;COSECHA;11:00;23:00;8:00;1:00;98;900;796625600;FORESTAL MILLALEMU Y CIA.LTDA.;2077921;1;796625600;MILLALEMU Y CIA.LTDA. FORESTAL MILLALEMU;;P0350URCPLLF;CC;PIRA;;N011;3,5;3,5;94,77846;0;159;4-Reparacion/Falla equipo de Trozado-3;180;P;Fresca;14-05-2026 01:05:21;13-05-2026;0;;SKIDDER;;PULPABLE;PTA NVA ALDEA;IN2026;SI;FASA Zona Chillán;FASA Zona Chillán;FASA Zona Chillán;FSC 100%-SA-FM/COC-004173;100% CERTIFICADO CERTFOR-CL21/819943415
827396;13-05-2026;40539;LAS MERCEDES C13;S246;COSECHA;COSECHA;11:00;23:00;8:00;1:00;98;900;796625600;FORESTAL MILLALEMU Y CIA.LTDA.;2077921;1;796625600;MILLALEMU Y CIA.LTDA. FORESTAL MILLALEMU;;P0410RRCCAL1;CC;PIRA;270;N051;4;4,1;51,3;0;76;4-Reparacion/Falla equipo de Trozado-3;180;P;Fresca;14-05-2026 01:05:21;13-05-2026;0;;SKIDDER;;ASERRABLE;CN LOG NVA ALDEA;IN2026;SI;FASA Zona Chillán;FASA Zona Chillán;FASA Zona Chillán;FSC 100%-SA-FM/COC-004173;100% CERTIFICADO CERTFOR-CL21/819943415
827407;13-05-2026;11734;COIHUECO Y OTROS (BB);TEA08;COSECHA;COSECHA;11:00;23:00;10:00;1:00;52;244;796625600;FORESTAL MILLALEMU Y CIA.LTDA.;2076233;1;796625600;MILLALEMU Y CIA.LTDA. FORESTAL MILLALEMU;;P0244NRCPLLF;CC;PIRA;;N048;2,44;2,44;19,152;0;15;20-Falta/abstecimiento de combustible equipo de volte-0.5|4-Reparacion/Falla equipo de Trozado-0.5;60;P;Quemada;14-05-2026 01:22:52;13-05-2026;0;;FORWINCH;;PULPABLE;CN RANQUIL;VE2026;SI;FASA Zona Chillán;FASA Zona Chillán;FASA Zona Chillán;FSC 100%-SA-FM/COC-004173;100% CERTIFICADO CERTFOR-CL21/819943415
827407;13-05-2026;11734;COIHUECO Y OTROS (BB);TEA08;COSECHA;COSECHA;11:00;23:00;10:00;1:00;52;244;796625600;FORESTAL MILLALEMU Y CIA.LTDA.;2076233;1;796625600;MILLALEMU Y CIA.LTDA. FORESTAL MILLALEMU;;P0265LRCCAL1;CC;PIRA;120;N051;2,6;2,65;40,92;0;41;20-Falta/abstecimiento de combustible equipo de volte-0.5|4-Reparacion/Falla equipo de Trozado-0.5;60;P;Quemada;14-05-2026 01:22:52;13-05-2026;0;;FORWINCH;;PODADO;CN LOG NVA ALDEA;VE2026;SI;FASA Zona Chillán;FASA Zona Chillán;FASA Zona Chillán;FSC 100%-SA-FM/COC-004173;100% CERTIFICADO CERTFOR-CL21/819943415
827407;13-05-2026;11734;COIHUECO Y OTROS (BB);TEA08;COSECHA;COSECHA;11:00;23:00;10:00;1:00;52;244;796625600;FORESTAL MILLALEMU Y CIA.LTDA.;2076233;1;796625600;MILLALEMU Y CIA.LTDA. FORESTAL MILLALEMU;;P0265MRCCAL1;CC;PIRA;280;N051;2,6;2,65;87,92;0;62;20-Falta/abstecimiento de combustible equipo de volte-0.5|4-Reparacion/Falla equipo de Trozado-0.5;60;P;Quemada;14-05-2026 01:22:52;13-05-2026;0;;FORWINCH;;ASERRABLE;CN LOG NVA ALDEA;VE2026;SI;FASA Zona Chillán;FASA Zona Chillán;FASA Zona Chillán;FSC 100%-SA-FM/COC-004173;100% CERTIFICADO CERTFOR-CL21/819943415
827407;13-05-2026;11734;COIHUECO Y OTROS (BB);TEA08;COSECHA;COSECHA;11:00;23:00;10:00;1:00;52;244;796625600;FORESTAL MILLALEMU Y CIA.LTDA.;2076233;1;796625600;MILLALEMU Y CIA.LTDA. FORESTAL MILLALEMU;;P0375MRCCAL1;CC;PIRA;320;N051;3,65;3,75;77,12;0;77;20-Falta/abstecimiento de combustible equipo de volte-0.5|4-Reparacion/Falla equipo de Trozado-0.5;60;P;Quemada;14-05-2026 01:22:52;13-05-2026;0;;FORWINCH;;ASERRABLE;CN LOG NVA ALDEA;VE2026;SI;FASA Zona Chillán;FASA Zona Chillán;FASA Zona Chillán;FSC 100%-SA-FM/COC-004173;100% CERTIFICADO CERTFOR-CL21/819943415
827433;13-05-2026;11076;LOMA DE LA VACA;TEA02;COSECHA;COSECHA;11:00;23:00;11:00;1:00;0;350;796625600;FORESTAL MILLALEMU Y CIA.LTDA.;2077829;1;796625600;MILLALEMU Y CIA.LTDA. FORESTAL MILLALEMU;;P0244URCPLLF;CC;PIRA;;T010;2,44;2,44;86,966;0;100;;0;P;Fresca;14-05-2026 02:20:30;13-05-2026;0;;FORWINCH;;PULPABLE;CP CONSTITUCION;IN2026;SI;FASA Zona Constituci;FASA Zona Constituci;FASA Zona Constituci;FSC 100%-SA-FM/COC-004173;100% CERTIFICADO CERTFOR-CL21/819943415
827433;13-05-2026;11076;LOMA DE LA VACA;TEA02;COSECHA;COSECHA;11:00;23:00;11:00;1:00;0;350;796625600;FORESTAL MILLALEMU Y CIA.LTDA.;2077829;1;796625600;MILLALEMU Y CIA.LTDA. FORESTAL MILLALEMU;;P0244URCPLSD;CC;PIRA;;T010;2,44;2,44;16,455;0;20;;0;P;Fresca;14-05-2026 02:20:30;13-05-2026;0;;FORWINCH;;PULPABLE;CP CONSTITUCION;IN2026;SI;FASA Zona Constituci;FASA Zona Constituci;FASA Zona Constituci;FSC 100%-SA-FM/COC-004173;100% CERTIFICADO CERTFOR-CL21/819943415
827433;13-05-2026;11076;LOMA DE LA VACA;TEA02;COSECHA;COSECHA;11:00;23:00;11:00;1:00;0;350;796625600;FORESTAL MILLALEMU Y CIA.LTDA.;2077829;1;796625600;MILLALEMU Y CIA.LTDA. FORESTAL MILLALEMU;;P0330RRCCAL1;CC;PIRA;513;T014;3,2;3,3;76,437;0;100;;0;P;Fresca;14-05-2026 02:20:30;13-05-2026;0;;FORWINCH;;ASERRABLE;CN VINALES;IN2026;SI;FASA Zona Constituci;FASA Zona Constituci;FASA Zona Constituci;FSC 100%-SA-FM/COC-004173;100% CERTIFICADO CERTFOR-CL21/819943415
827468;11-05-2026;12191;CE-27 ESPINALILLO YBAR;MG5;COSECHA;COSECHA;11:00;23:00;11:00;1:00;65;860;796625600;FORESTAL MILLALEMU Y CIA.LTDA.;2078008;1;222222222;Victor.Inostroza@arauco.com;;P0244URC18-38;CC;PIRA;0;T010;2,44;2,44;5,49024;0;0;;0;P;Fresca;11-05-2026 16:38:32;;0;;GRAPPLE;;PULPABLE;CP CONSTITUCION;VE2026;SI;FASA Zona Constituci;FASA Zona Constituci;FASA Zona Constituci;FSC 100%-SA-FM/COC-004173;100% CERTIFICADO CERTFOR-CL21/819943415
827468;11-05-2026;12191;CE-27 ESPINALILLO YBAR;MG5;COSECHA;COSECHA;11:00;23:00;11:00;1:00;65;860;796625600;FORESTAL MILLALEMU Y CIA.LTDA.;2078008;1;222222222;Victor.Inostroza@arauco.com;;P0244URC8-16;CC;PIRA;0;T010;2,44;2,44;124,71144;0;0;;0;P;Fresca;11-05-2026 16:38:32;;0;;GRAPPLE;;PULPABLE;CP CONSTITUCION;VE2026;SI;FASA Zona Constituci;FASA Zona Constituci;FASA Zona Constituci;FSC 100%-SA-FM/COC-004173;100% CERTIFICADO CERTFOR-CL21/819943415
827468;11-05-2026;12191;CE-27 ESPINALILLO YBAR;MG5;COSECHA;COSECHA;11:00;23:00;11:00;1:00;65;860;796625600;FORESTAL MILLALEMU Y CIA.LTDA.;2078008;1;222222222;Victor.Inostroza@arauco.com;;P0410RRCCAL1;CC;PIRA;470;T014;4;4,1;90,24;0;0;;0;P;Fresca;11-05-2026 16:38:32;;0;;GRAPPLE;;ASERRABLE;CN VINALES;VE2026;SI;FASA Zona Constituci;FASA Zona Constituci;FASA Zona Constituci;FSC 100%-SA-FM/COC-004173;100% CERTIFICADO CERTFOR-CL21/819943415
827469;12-05-2026;12191;CE-27 ESPINALILLO YBAR;MG5;COSECHA;COSECHA;11:00;23:00;11:00;1:00;45;580;796625600;FORESTAL MILLALEMU Y CIA.LTDA.;2078008;1;222222222;Victor.Inostroza@arauco.com;;P0244URC18-38;CC;PIRA;0;T010;2,44;2,44;6,04884;0;0;;0;P;Fresca;12-05-2026 16:41:57;;0;;GRAPPLE;;PULPABLE;CP CONSTITUCION;VE2026;SI;FASA Zona Constituci;FASA Zona Constituci;FASA Zona Constituci;FSC 100%-SA-FM/COC-004173;100% CERTIFICADO CERTFOR-CL21/819943415
827469;12-05-2026;12191;CE-27 ESPINALILLO YBAR;MG5;COSECHA;COSECHA;11:00;23:00;11:00;1:00;45;580;796625600;FORESTAL MILLALEMU Y CIA.LTDA.;2078008;1;222222222;Victor.Inostroza@arauco.com;;P0244URC8-16;CC;PIRA;0;T010;2,44;2,44;91,57848;0;0;;0;P;Fresca;12-05-2026 16:41:57;;0;;GRAPPLE;;PULPABLE;CP CONSTITUCION;VE2026;SI;FASA Zona Constituci;FASA Zona Constituci;FASA Zona Constituci;FSC 100%-SA-FM/COC-004173;100% CERTIFICADO CERTFOR-CL21/819943415
827469;12-05-2026;12191;CE-27 ESPINALILLO YBAR;MG5;COSECHA;COSECHA;11:00;23:00;11:00;1:00;45;580;796625600;FORESTAL MILLALEMU Y CIA.LTDA.;2078008;1;222222222;Victor.Inostroza@arauco.com;;P0330RRCCAL1;CC;PIRA;362;T014;3,2;3,3;53,938;0;0;;0;P;Fresca;12-05-2026 16:41:57;;0;;GRAPPLE;;ASERRABLE;CN VINALES;VE2026;SI;FASA Zona Constituci;FASA Zona Constituci;FASA Zona Constituci;FSC 100%-SA-FM/COC-004173;100% CERTIFICADO CERTFOR-CL21/819943415
827469;12-05-2026;12191;CE-27 ESPINALILLO YBAR;MG5;COSECHA;COSECHA;11:00;23:00;11:00;1:00;45;580;796625600;FORESTAL MILLALEMU Y CIA.LTDA.;2078008;1;222222222;Victor.Inostroza@arauco.com;;P0410RRCCAL1;CC;PIRA;66;T014;4;4,1;12,672;0;0;;0;P;Fresca;12-05-2026 16:41:57;;0;;GRAPPLE;;ASERRABLE;CN VINALES;VE2026;SI;FASA Zona Constituci;FASA Zona Constituci;FASA Zona Constituci;FSC 100%-SA-FM/COC-004173;100% CERTIFICADO CERTFOR-CL21/819943415
827471;14-05-2026;10608;POLHUIN;T125;COSECHA;COSECHA;11:00;23:00;7:00;1:00;51;400;796625600;FORESTAL MILLALEMU Y CIA.LTDA.;2076033;1;796625600;MILLALEMU Y CIA.LTDA. FORESTAL MILLALEMU;;E0244UGCPLLF;CC;EUGL;0;N011;2,44;2,44;0;0;33;26-Desinstalacion de torre (vientos/ soportes)-4;240;P;Fresca;14-05-2026 22:14:55;14-05-2026;0;;TORRE500;;PULPABLE;PTA NVA ALDEA;VE2026;SI;FASA Zona Constituci;FASA Zona Constituci;FASA Zona Constituci;FSC 100%-SA-FM/COC-004173;100% CERTIFICADO CERTFOR-CL21/819943415
827471;14-05-2026;10608;POLHUIN;T125;COSECHA;COSECHA;11:00;23:00;7:00;1:00;51;400;796625600;FORESTAL MILLALEMU Y CIA.LTDA.;2076033;1;796625600;MILLALEMU Y CIA.LTDA. FORESTAL MILLALEMU;;E0550UGCPLLF;CC;EUGL;;N011;5,5;5,5;49,36406;0;4131;26-Desinstalacion de torre (vientos/ soportes)-4;240;P;Fresca;14-05-2026 22:14:55;14-05-2026;0;;TORRE500;;PULPABLE;PTA NVA ALDEA;VE2026;SI;FASA Zona Constituci;FASA Zona Constituci;FASA Zona Constituci;FSC 100%-SA-FM/COC-004173;100% CERTIFICADO CERTFOR-CL21/819943415
827472;14-05-2026;12191;CE-27 ESPINALILLO YBAR;MG5;COSECHA;COSECHA;11:00;23:00;8:00;1:00;54;600;796625600;FORESTAL MILLALEMU Y CIA.LTDA.;2078008;1;796625600;MILLALEMU Y CIA.LTDA. FORESTAL MILLALEMU;;P0244URC8-16;CC;PIRA;;T010;2,44;2,44;89,184;0;60;4-Reparacion/Falla equipo de Trozado-3;180;P;Fresca;14-05-2026 23:38:11;14-05-2026;0;;GRAPPLE;;PULPABLE;CP CONSTITUCION;VE2026;SI;FASA Zona Constituci;FASA Zona Constituci;FASA Zona Constituci;FSC 100%-SA-FM/COC-004173;100% CERTIFICADO CERTFOR-CL21/819943415
827472;14-05-2026;12191;CE-27 ESPINALILLO YBAR;MG5;COSECHA;COSECHA;11:00;23:00;8:00;1:00;54;600;796625600;FORESTAL MILLALEMU Y CIA.LTDA.;2078008;1;796625600;MILLALEMU Y CIA.LTDA. FORESTAL MILLALEMU;;P0330RRCCAL1;CC;PIRA;1060;T014;3,2;3,3;157,94;0;65;4-Reparacion/Falla equipo de Trozado-3;180;P;Fresca;14-05-2026 23:38:11;14-05-2026;0;;GRAPPLE;;ASERRABLE;CN VINALES;VE2026;SI;FASA Zona Constituci;FASA Zona Constituci;FASA Zona Constituci;FSC 100%-SA-FM/COC-004173;100% CERTIFICADO CERTFOR-CL21/819943415
827476;14-05-2026;10073;QUIRIQUINO;S123;COSECHA;COSECHA;11:00;23:00;10:00;1:00;75;280;796625600;FORESTAL MILLALEMU Y CIA.LTDA.;2078005;1;796625600;MILLALEMU Y CIA.LTDA. FORESTAL MILLALEMU;;P0265PRCCAL1;CC;PIRA;152;N051;2,6;2,65;47,88;0;51;2-Reparacion/Falla de equipo de madereo-1;60;P;Fresca;14-05-2026 23:42:18;14-05-2026;0;;SKIDDER;;PODADO;CN LOG NVA ALDEA;IN2026;SI;FASA Zona Chillán;FASA Zona Chillán;FASA Zona Chillán;FSC 100%-SA-FM/COC-004173;100% CERTIFICADO CERTFOR-CL21/819943415
827476;14-05-2026;10073;QUIRIQUINO;S123;COSECHA;COSECHA;11:00;23:00;10:00;1:00;75;280;796625600;FORESTAL MILLALEMU Y CIA.LTDA.;2078005;1;796625600;MILLALEMU Y CIA.LTDA. FORESTAL MILLALEMU;;P0265RRCCAL1;CC;PIRA;138;N051;2,6;2,65;43,47;0;45;2-Reparacion/Falla de equipo de madereo-1;60;P;Fresca;14-05-2026 23:42:18;14-05-2026;0;;SKIDDER;;ASERRABLE;CN LOG NVA ALDEA;IN2026;SI;FASA Zona Chillán;FASA Zona Chillán;FASA Zona Chillán;FSC 100%-SA-FM/COC-004173;100% CERTIFICADO CERTFOR-CL21/819943415
827476;14-05-2026;10073;QUIRIQUINO;S123;COSECHA;COSECHA;11:00;23:00;10:00;1:00;75;280;796625600;FORESTAL MILLALEMU Y CIA.LTDA.;2078005;1;796625600;MILLALEMU Y CIA.LTDA. FORESTAL MILLALEMU;;P0330URCPLVA;CC;PIRA;;N011;3,3;3,3;11,652599;0;12;2-Reparacion/Falla de equipo de madereo-1;60;P;Manchada;14-05-2026 23:42:18;14-05-2026;0;;SKIDDER;;PULPABLE;PTA NVA ALDEA;IN2026;SI;FASA Zona Chillán;FASA Zona Chillán;FASA Zona Chillán;FSC 100%-SA-FM/COC-004173;100% CERTIFICADO CERTFOR-CL21/819943415
827476;14-05-2026;10073;QUIRIQUINO;S123;COSECHA;COSECHA;11:00;23:00;10:00;1:00;75;280;796625600;FORESTAL MILLALEMU Y CIA.LTDA.;2078005;1;796625600;MILLALEMU Y CIA.LTDA. FORESTAL MILLALEMU;;P0350URCPLLF;CC;PIRA;;N011;3,5;3,5;62,269536;0;68;2-Reparacion/Falla de equipo de madereo-1;60;P;Fresca;14-05-2026 23:42:18;14-05-2026;0;;SKIDDER;;PULPABLE;PTA NVA ALDEA;IN2026;SI;FASA Zona Chillán;FASA Zona Chillán;FASA Zona Chillán;FSC 100%-SA-FM/COC-004173;100% CERTIFICADO CERTFOR-CL21/819943415
827476;14-05-2026;10073;QUIRIQUINO;S123;COSECHA;COSECHA;11:00;23:00;10:00;1:00;75;280;796625600;FORESTAL MILLALEMU Y CIA.LTDA.;2078005;1;796625600;MILLALEMU Y CIA.LTDA. FORESTAL MILLALEMU;;P0410RRCCAL1;CC;PIRA;1286;N051;4;4,1;244,34;0;264;2-Reparacion/Falla de equipo de madereo-1;60;P;Fresca;14-05-2026 23:42:18;14-05-2026;0;;SKIDDER;;ASERRABLE;CN LOG NVA ALDEA;IN2026;SI;FASA Zona Chillán;FASA Zona Chillán;FASA Zona Chillán;FSC 100%-SA-FM/COC-004173;100% CERTIFICADO CERTFOR-CL21/819943415
827492;14-05-2026;40539;LAS MERCEDES C13;S246;COSECHA;COSECHA;11:00;23:00;9:00;1:00;94;1000;796625600;FORESTAL MILLALEMU Y CIA.LTDA.;2077921;1;796625600;MILLALEMU Y CIA.LTDA. FORESTAL MILLALEMU;;P0350URCPLLF;CC;PIRA;;N011;3,5;3,5;93,862356;0;253;22-Falta/abstecimiento de combustible equipo de proce-2;120;P;Fresca;15-05-2026 00:23:35;14-05-2026;0;;SKIDDER;;PULPABLE;PTA NVA ALDEA;IN2026;SI;FASA Zona Chillán;FASA Zona Chillán;FASA Zona Chillán;FSC 100%-SA-FM/COC-004173;100% CERTIFICADO CERTFOR-CL21/819943415
827492;14-05-2026;40539;LAS MERCEDES C13;S246;COSECHA;COSECHA;11:00;23:00;9:00;1:00;94;1000;796625600;FORESTAL MILLALEMU Y CIA.LTDA.;2077921;1;796625600;MILLALEMU Y CIA.LTDA. FORESTAL MILLALEMU;;P0410RRCCAL1;CC;PIRA;280;N051;4;4,1;53,2;0;333;22-Falta/abstecimiento de combustible equipo de proce-2;120;P;Fresca;15-05-2026 00:23:35;14-05-2026;0;;SKIDDER;;ASERRABLE;CN LOG NVA ALDEA;IN2026;SI;FASA Zona Chillán;FASA Zona Chillán;FASA Zona Chillán;FSC 100%-SA-FM/COC-004173;100% CERTIFICADO CERTFOR-CL21/819943415
827503;14-05-2026;11076;LOMA DE LA VACA;TEA02;COSECHA;COSECHA;11:00;23:00;10:30;1:00;33;300;796625600;FORESTAL MILLALEMU Y CIA.LTDA.;2077829;1;796625600;MILLALEMU Y CIA.LTDA. FORESTAL MILLALEMU;;P0244URCPLLF;CC;PIRA;;T010;2,44;2,44;95,76;0;90;42-Descanso/Pausa programada-0.5;30;P;Fresca;15-05-2026 00:57:01;14-05-2026;0;;FORWINCH;;PULPABLE;CP CONSTITUCION;IN2026;SI;FASA Zona Constituci;FASA Zona Constituci;FASA Zona Constituci;FSC 100%-SA-FM/COC-004173;100% CERTIFICADO CERTFOR-CL21/819943415
827503;14-05-2026;11076;LOMA DE LA VACA;TEA02;COSECHA;COSECHA;11:00;23:00;10:30;1:00;33;300;796625600;FORESTAL MILLALEMU Y CIA.LTDA.;2077829;1;796625600;MILLALEMU Y CIA.LTDA. FORESTAL MILLALEMU;;P0330RRCCAL1;CC;PIRA;242;T014;3,2;3,3;36,058;0;60;42-Descanso/Pausa programada-0.5;30;P;Fresca;15-05-2026 00:57:01;14-05-2026;0;;FORWINCH;;ASERRABLE;CN VINALES;IN2026;SI;FASA Zona Constituci;FASA Zona Constituci;FASA Zona Constituci;FSC 100%-SA-FM/COC-004173;100% CERTIFICADO CERTFOR-CL21/819943415
827509;14-05-2026;11748;LAS ULLOAS (BB);S223;COSECHA;COSECHA;11:00;23:00;6:00;1:00;22;155;796625600;FORESTAL MILLALEMU Y CIA.LTDA.;2076574;1;796625600;MILLALEMU Y CIA.LTDA. FORESTAL MILLALEMU;;P0265LRCCAL1;CC;PIRA;23;N051;2,6;2,65;7,475;0;160;1-Reparacion/Falla equipo de volteo-5;300;P;Quemada;15-05-2026 01:01:10;14-05-2026;0;;SKIDDER;;PODADO;CN LOG NVA ALDEA;VE2026;SI;FASA Zona Chillán;FASA Zona Chillán;FASA Zona Chillán;FSC 100%-SA-FM/COC-004173;100% CERTIFICADO CERTFOR-CL21/819943415
827509;14-05-2026;11748;LAS ULLOAS (BB);S223;COSECHA;COSECHA;11:00;23:00;6:00;1:00;22;155;796625600;FORESTAL MILLALEMU Y CIA.LTDA.;2076574;1;796625600;MILLALEMU Y CIA.LTDA. FORESTAL MILLALEMU;;P0265MRCCAL1;CC;PIRA;46;N051;2,6;2,65;14,766;0;230;1-Reparacion/Falla equipo de volteo-5;300;P;Quemada;15-05-2026 01:01:10;14-05-2026;0;;SKIDDER;;ASERRABLE;CN LOG NVA ALDEA;VE2026;SI;FASA Zona Chillán;FASA Zona Chillán;FASA Zona Chillán;FSC 100%-SA-FM/COC-004173;100% CERTIFICADO CERTFOR-CL21/819943415
827509;14-05-2026;11748;LAS ULLOAS (BB);S223;COSECHA;COSECHA;11:00;23:00;6:00;1:00;22;155;796625600;FORESTAL MILLALEMU Y CIA.LTDA.;2076574;1;796625600;MILLALEMU Y CIA.LTDA. FORESTAL MILLALEMU;;P0300NRCPLVA;CC;PIRA;;N048;3;3;38,945;0;370;1-Reparacion/Falla equipo de volteo-5;300;P;Quemada 2;15-05-2026 01:01:10;14-05-2026;0;;SKIDDER;;PULPABLE;CN RANQUIL;VE2026;SI;FASA Zona Chillán;FASA Zona Chillán;FASA Zona Chillán;FSC 100%-SA-FM/COC-004173;100% CERTIFICADO CERTFOR-CL21/819943415
827509;14-05-2026;11748;LAS ULLOAS (BB);S223;COSECHA;COSECHA;11:00;23:00;6:00;1:00;22;155;796625600;FORESTAL MILLALEMU Y CIA.LTDA.;2076574;1;796625600;MILLALEMU Y CIA.LTDA. FORESTAL MILLALEMU;;P0375MRCCAL1;CC;PIRA;277;N051;3,65;3,75;63,987;0;150;1-Reparacion/Falla equipo de volteo-5;300;P;Quemada;15-05-2026 01:01:10;14-05-2026;0;;SKIDDER;;ASERRABLE;CN LOG NVA ALDEA;VE2026;SI;FASA Zona Chillán;FASA Zona Chillán;FASA Zona Chillán;FSC 100%-SA-FM/COC-004173;100% CERTIFICADO CERTFOR-CL21/819943415
827512;14-05-2026;11734;COIHUECO Y OTROS (BB);S58;COSECHA;COSECHA;13:00;23:00;6:00;1:00;46;380;796625600;FORESTAL MILLALEMU Y CIA.LTDA.;2077008;1;796625600;MILLALEMU Y CIA.LTDA. FORESTAL MILLALEMU;;P0244NRCPLLF;CC;PIRA;;N048;2,44;2,44;17,2368;0;125;15-Falta o atraso de personal-3;180;P;Quemada;15-05-2026 01:16:38;14-05-2026;0;;SKIDDER;;PULPABLE;CN RANQUIL;VE2026;SI;FASA Zona Chillán;FASA Zona Chillán;FASA Zona Chillán;FSC 100%-SA-FM/COC-004173;100% CERTIFICADO CERTFOR-CL21/819943415
827512;14-05-2026;11734;COIHUECO Y OTROS (BB);S58;COSECHA;COSECHA;13:00;23:00;6:00;1:00;46;380;796625600;FORESTAL MILLALEMU Y CIA.LTDA.;2077008;1;796625600;MILLALEMU Y CIA.LTDA. FORESTAL MILLALEMU;;P0265LRCCAL1;CC;PIRA;14;N051;2,6;2,65;5,446;0;117;15-Falta o atraso de personal-3;180;P;Quemada;15-05-2026 01:16:38;14-05-2026;0;;SKIDDER;;PODADO;CN LOG NVA ALDEA;VE2026;SI;FASA Zona Chillán;FASA Zona Chillán;FASA Zona Chillán;FSC 100%-SA-FM/COC-004173;100% CERTIFICADO CERTFOR-CL21/819943415
827512;14-05-2026;11734;COIHUECO Y OTROS (BB);S58;COSECHA;COSECHA;13:00;23:00;6:00;1:00;46;380;796625600;FORESTAL MILLALEMU Y CIA.LTDA.;2077008;1;796625600;MILLALEMU Y CIA.LTDA. FORESTAL MILLALEMU;;P0265MRCCAL1;CC;PIRA;100;N051;2,6;2,65;32,5;0;359;15-Falta o atraso de personal-3;180;P;Quemada;15-05-2026 01:16:38;14-05-2026;0;;SKIDDER;;ASERRABLE;CN LOG NVA ALDEA;VE2026;SI;FASA Zona Chillán;FASA Zona Chillán;FASA Zona Chillán;FSC 100%-SA-FM/COC-004173;100% CERTIFICADO CERTFOR-CL21/819943415
827512;14-05-2026;11734;COIHUECO Y OTROS (BB);S58;COSECHA;COSECHA;13:00;23:00;6:00;1:00;46;380;796625600;FORESTAL MILLALEMU Y CIA.LTDA.;2077008;1;796625600;MILLALEMU Y CIA.LTDA. FORESTAL MILLALEMU;;P0375MRCCAL1;CC;PIRA;173;N051;3,65;3,75;43,077;0;392;15-Falta o atraso de personal-3;180;P;Quemada;15-05-2026 01:16:38;14-05-2026;0;;SKIDDER;;ASERRABLE;CN LOG NVA ALDEA;VE2026;SI;FASA Zona Chillán;FASA Zona Chillán;FASA Zona Chillán;FSC 100%-SA-FM/COC-004173;100% CERTIFICADO CERTFOR-CL21/819943415
827512;14-05-2026;11734;COIHUECO Y OTROS (BB);S58;COSECHA;COSECHA;13:00;23:00;6:00;1:00;46;380;796625600;FORESTAL MILLALEMU Y CIA.LTDA.;2077008;1;796625600;MILLALEMU Y CIA.LTDA. FORESTAL MILLALEMU;;P0375RRCCAL1;CC;PIRA;21;N051;3,65;3,75;5,166;0;98;15-Falta o atraso de personal-3;180;P;Fresca;15-05-2026 01:16:38;14-05-2026;0;;SKIDDER;;ASERRABLE;CN LOG NVA ALDEA;VE2026;SI;FASA Zona Chillán;FASA Zona Chillán;FASA Zona Chillán;FSC 100%-SA-FM/COC-004173;100% CERTIFICADO CERTFOR-CL21/819943415
827512;14-05-2026;11734;COIHUECO Y OTROS (BB);S58;COSECHA;COSECHA;13:00;23:00;6:00;1:00;46;380;796625600;FORESTAL MILLALEMU Y CIA.LTDA.;2077008;1;796625600;MILLALEMU Y CIA.LTDA. FORESTAL MILLALEMU;;P0400NRCPLLF;CC;PIRA;;N048;4;4;26,710873;0;589;15-Falta o atraso de personal-3;180;P;Quemada;15-05-2026 01:16:38;14-05-2026;0;;SKIDDER;;PULPABLE;CN RANQUIL;VE2026;SI;FASA Zona Chillán;FASA Zona Chillán;FASA Zona Chillán;FSC 100%-SA-FM/COC-004173;100% CERTIFICADO CERTFOR-CL21/819943415
827513;14-05-2026;11734;COIHUECO Y OTROS (BB);TEA08;COSECHA;COSECHA;11:00;23:00;10:00;1:00;54;350;796625600;FORESTAL MILLALEMU Y CIA.LTDA.;2076233;1;796625600;MILLALEMU Y CIA.LTDA. FORESTAL MILLALEMU;;P0244NRCPLLF;CC;PIRA;;N048;2,44;2,44;52,668;0;70;13-Traslados dentro del predio (cancha, sector)-1;60;P;Quemada;15-05-2026 01:16:52;14-05-2026;0;;FORWINCH;;PULPABLE;CN RANQUIL;VE2026;SI;FASA Zona Chillán;FASA Zona Chillán;FASA Zona Chillán;FSC 100%-SA-FM/COC-004173;100% CERTIFICADO CERTFOR-CL21/819943415
827513;14-05-2026;11734;COIHUECO Y OTROS (BB);TEA08;COSECHA;COSECHA;11:00;23:00;10:00;1:00;54;350;796625600;FORESTAL MILLALEMU Y CIA.LTDA.;2076233;1;796625600;MILLALEMU Y CIA.LTDA. FORESTAL MILLALEMU;;P0265LRCCAL1;CC;PIRA;6;N051;2,6;2,65;2,31;0;47;13-Traslados dentro del predio (cancha, sector)-1;60;P;Quemada;15-05-2026 01:16:52;14-05-2026;0;;FORWINCH;;PODADO;CN LOG NVA ALDEA;VE2026;SI;FASA Zona Chillán;FASA Zona Chillán;FASA Zona Chillán;FSC 100%-SA-FM/COC-004173;100% CERTIFICADO CERTFOR-CL21/819943415
827513;14-05-2026;11734;COIHUECO Y OTROS (BB);TEA08;COSECHA;COSECHA;11:00;23:00;10:00;1:00;54;350;796625600;FORESTAL MILLALEMU Y CIA.LTDA.;2076233;1;796625600;MILLALEMU Y CIA.LTDA. FORESTAL MILLALEMU;;P0265MRCCAL1;CC;PIRA;58;N051;2,6;2,65;18,212;0;106;13-Traslados dentro del predio (cancha, sector)-1;60;P;Quemada;15-05-2026 01:16:52;14-05-2026;0;;FORWINCH;;ASERRABLE;CN LOG NVA ALDEA;VE2026;SI;FASA Zona Chillán;FASA Zona Chillán;FASA Zona Chillán;FSC 100%-SA-FM/COC-004173;100% CERTIFICADO CERTFOR-CL21/819943415
827513;14-05-2026;11734;COIHUECO Y OTROS (BB);TEA08;COSECHA;COSECHA;11:00;23:00;10:00;1:00;54;350;796625600;FORESTAL MILLALEMU Y CIA.LTDA.;2076233;1;796625600;MILLALEMU Y CIA.LTDA. FORESTAL MILLALEMU;;P0375MRCCAL1;CC;PIRA;618;N051;3,65;3,75;148,938;0;225;13-Traslados dentro del predio (cancha, sector)-1;60;P;Quemada;15-05-2026 01:16:52;14-05-2026;0;;FORWINCH;;ASERRABLE;CN LOG NVA ALDEA;VE2026;SI;FASA Zona Chillán;FASA Zona Chillán;FASA Zona Chillán;FSC 100%-SA-FM/COC-004173;100% CERTIFICADO CERTFOR-CL21/819943415
827513;14-05-2026;11734;COIHUECO Y OTROS (BB);TEA08;COSECHA;COSECHA;11:00;23:00;10:00;1:00;54;350;796625600;FORESTAL MILLALEMU Y CIA.LTDA.;2076233;1;796625600;MILLALEMU Y CIA.LTDA. FORESTAL MILLALEMU;;P0400NRCPLLF;CC;PIRA;;N048;4;4;5,059497;0;5;13-Traslados dentro del predio (cancha, sector)-1;60;P;Quemada;15-05-2026 01:16:52;14-05-2026;0;;FORWINCH;;PULPABLE;CN RANQUIL;VE2026;SI;FASA Zona Chillán;FASA Zona Chillán;FASA Zona Chillán;FSC 100%-SA-FM/COC-004173;100% CERTIFICADO CERTFOR-CL21/819943415
827524;14-05-2026;11734;COIHUECO Y OTROS (BB);S58;COSECHA;COSECHA;11:00;13:00;2:00;0:00;23;156;796625600;FORESTAL MILLALEMU Y CIA.LTDA.;2077008;1;796625600;MILLALEMU Y CIA.LTDA. FORESTAL MILLALEMU;;P0375MRCCAL1;CC;PIRA;283;N051;3,65;3,75;70,467;0;250;;0;P;Manchada;15-05-2026 01:22:45;14-05-2026;0;;SKIDDER;;ASERRABLE;CN LOG NVA ALDEA;VE2026;SI;FASA Zona Chillán;FASA Zona Chillán;FASA Zona Chillán;FSC 100%-SA-FM/COC-004173;100% CERTIFICADO CERTFOR-CL21/819943415
827524;14-05-2026;11734;COIHUECO Y OTROS (BB);S58;COSECHA;COSECHA;11:00;13:00;2:00;0:00;23;156;796625600;FORESTAL MILLALEMU Y CIA.LTDA.;2077008;1;796625600;MILLALEMU Y CIA.LTDA. FORESTAL MILLALEMU;;P0400NRCPLLF;CC;PIRA;;N048;4;4;13,356208;0;595;;0;P;Quemada 2;15-05-2026 01:22:45;14-05-2026;0;;SKIDDER;;PULPABLE;CN RANQUIL;VE2026;SI;FASA Zona Chillán;FASA Zona Chillán;FASA Zona Chillán;FSC 100%-SA-FM/COC-004173;100% CERTIFICADO CERTFOR-CL21/819943415
827604;15-05-2026;11734;COIHUECO Y OTROS (BB);S58;COSECHA;COSECHA;11:00;19:00;7:00;1:00;49;321;796625600;FORESTAL MILLALEMU Y CIA.LTDA.;2077008;1;796625600;MILLALEMU Y CIA.LTDA. FORESTAL MILLALEMU;;E0400NGCPLLF;CC;EUGL;0;N048;4;4;34,9272;0;0;;0;P;Quemada;15-05-2026 22:05:16;;0;;SKIDDER;;PULPABLE;CN RANQUIL;VE2026;SI;FASA Zona Chillán;FASA Zona Chillán;FASA Zona Chillán;FSC 100%-SA-FM/COC-004173;100% CERTIFICADO CERTFOR-CL21/819943415
827604;15-05-2026;11734;COIHUECO Y OTROS (BB);S58;COSECHA;COSECHA;11:00;19:00;7:00;1:00;49;321;796625600;FORESTAL MILLALEMU Y CIA.LTDA.;2077008;1;796625600;MILLALEMU Y CIA.LTDA. FORESTAL MILLALEMU;;P0265LRCCAL1;CC;PIRA;61;N051;2,6;2,65;21,228;0;139;;0;P;Quemada;15-05-2026 22:05:16;15-05-2026;0;;SKIDDER;;PODADO;CN LOG NVA ALDEA;VE2026;SI;FASA Zona Chillán;FASA Zona Chillán;FASA Zona Chillán;FSC 100%-SA-FM/COC-004173;100% CERTIFICADO CERTFOR-CL21/819943415
827604;15-05-2026;11734;COIHUECO Y OTROS (BB);S58;COSECHA;COSECHA;11:00;19:00;7:00;1:00;49;321;796625600;FORESTAL MILLALEMU Y CIA.LTDA.;2077008;1;796625600;MILLALEMU Y CIA.LTDA. FORESTAL MILLALEMU;;P0265MRCCAL1;CC;PIRA;53;N051;2,6;2,65;17,225;0;389;;0;P;Quemada;15-05-2026 22:05:16;15-05-2026;0;;SKIDDER;;ASERRABLE;CN LOG NVA ALDEA;VE2026;SI;FASA Zona Chillán;FASA Zona Chillán;FASA Zona Chillán;FSC 100%-SA-FM/COC-004173;100% CERTIFICADO CERTFOR-CL21/819943415
827604;15-05-2026;11734;COIHUECO Y OTROS (BB);S58;COSECHA;COSECHA;11:00;19:00;7:00;1:00;49;321;796625600;FORESTAL MILLALEMU Y CIA.LTDA.;2077008;1;796625600;MILLALEMU Y CIA.LTDA. FORESTAL MILLALEMU;;P0375MRCCAL1;CC;PIRA;103;N051;3,65;3,75;26,779999;0;426;;0;P;Quemada;15-05-2026 22:05:16;15-05-2026;0;;SKIDDER;;ASERRABLE;CN LOG NVA ALDEA;VE2026;SI;FASA Zona Chillán;FASA Zona Chillán;FASA Zona Chillán;FSC 100%-SA-FM/COC-004173;100% CERTIFICADO CERTFOR-CL21/819943415
827604;15-05-2026;11734;COIHUECO Y OTROS (BB);S58;COSECHA;COSECHA;11:00;19:00;7:00;1:00;49;321;796625600;FORESTAL MILLALEMU Y CIA.LTDA.;2077008;1;796625600;MILLALEMU Y CIA.LTDA. FORESTAL MILLALEMU;;P0400NRCPLLF;CC;PIRA;;N014;4;4;13,911688;0;597;;0;P;Quemada;15-05-2026 22:05:16;15-05-2026;0;;SKIDDER;;PULPABLE;CP TRUPAN;VE2026;SI;FASA Zona Chillán;FASA Zona Chillán;FASA Zona Chillán;FSC 100%-SA-FM/COC-004173;100% CERTIFICADO CERTFOR-CL21/819943415
827605;15-05-2026;11734;COIHUECO Y OTROS (BB);S58;COSECHA;COSECHA;19:00;23:00;2:00;0:00;14;120;796625600;FORESTAL MILLALEMU Y CIA.LTDA.;2077008;1;796625600;MILLALEMU Y CIA.LTDA. FORESTAL MILLALEMU;;P0375RRCCAL1;CC;PIRA;106;N051;3,65;3,75;31,481999;0;265;3- Reparacion/Falla de carro de madereo-2;120;P;Manchada;15-05-2026 22:16:51;15-05-2026;0;;SKIDDER;;ASERRABLE;CN LOG NVA ALDEA;VE2026;SI;FASA Zona Chillán;FASA Zona Chillán;FASA Zona Chillán;FSC 100%-SA-FM/COC-004173;100% CERTIFICADO CERTFOR-CL21/819943415
827605;15-05-2026;11734;COIHUECO Y OTROS (BB);S58;COSECHA;COSECHA;19:00;23:00;2:00;0:00;14;120;796625600;FORESTAL MILLALEMU Y CIA.LTDA.;2077008;1;796625600;MILLALEMU Y CIA.LTDA. FORESTAL MILLALEMU;;P0400NRCPLLF;CC;PIRA;;N014;4;4;21,24711;0;632;3- Reparacion/Falla de carro de madereo-2;120;P;Quemada 2;15-05-2026 22:16:51;15-05-2026;0;;SKIDDER;;PULPABLE;CP TRUPAN;VE2026;SI;FASA Zona Chillán;FASA Zona Chillán;FASA Zona Chillán;FSC 100%-SA-FM/COC-004173;100% CERTIFICADO CERTFOR-CL21/819943415
827611;15-05-2026;10073;QUIRIQUINO;S123;COSECHA;COSECHA;11:00;23:00;9:00;1:00;68;150;796625600;FORESTAL MILLALEMU Y CIA.LTDA.;2078005;1;796625600;MILLALEMU Y CIA.LTDA. FORESTAL MILLALEMU;;P0265PRCCAL1;CC;PIRA;206;N051;2,6;2,65;64,89;0;116;1-Reparacion/Falla equipo de volteo-1|43-Colacion-1;120;P;Fresca;15-05-2026 23:45:49;15-05-2026;0;;SKIDDER;;PODADO;CN LOG NVA ALDEA;IN2026;SI;FASA Zona Chillán;FASA Zona Chillán;FASA Zona Chillán;FSC 100%-SA-FM/COC-004173;100% CERTIFICADO CERTFOR-CL21/819943415
827611;15-05-2026;10073;QUIRIQUINO;S123;COSECHA;COSECHA;11:00;23:00;9:00;1:00;68;150;796625600;FORESTAL MILLALEMU Y CIA.LTDA.;2078005;1;796625600;MILLALEMU Y CIA.LTDA. FORESTAL MILLALEMU;;P0265RRCCAL1;CC;PIRA;143;N051;2,6;2,65;45,045;0;90;1-Reparacion/Falla equipo de volteo-1|43-Colacion-1;120;P;Fresca;15-05-2026 23:45:49;15-05-2026;0;;SKIDDER;;ASERRABLE;CN LOG NVA ALDEA;IN2026;SI;FASA Zona Chillán;FASA Zona Chillán;FASA Zona Chillán;FSC 100%-SA-FM/COC-004173;100% CERTIFICADO CERTFOR-CL21/819943415
827611;15-05-2026;10073;QUIRIQUINO;S123;COSECHA;COSECHA;11:00;23:00;9:00;1:00;68;150;796625600;FORESTAL MILLALEMU Y CIA.LTDA.;2078005;1;796625600;MILLALEMU Y CIA.LTDA. FORESTAL MILLALEMU;;P0330URCPLVA;CC;PIRA;;N011;3,3;3,3;7,710962;0;18;1-Reparacion/Falla equipo de volteo-1|43-Colacion-1;120;P;Manchada;15-05-2026 23:45:49;15-05-2026;0;;SKIDDER;;PULPABLE;PTA NVA ALDEA;IN2026;SI;FASA Zona Chillán;FASA Zona Chillán;FASA Zona Chillán;FSC 100%-SA-FM/COC-004173;100% CERTIFICADO CERTFOR-CL21/819943415
827611;15-05-2026;10073;QUIRIQUINO;S123;COSECHA;COSECHA;11:00;23:00;9:00;1:00;68;150;796625600;FORESTAL MILLALEMU Y CIA.LTDA.;2078005;1;796625600;MILLALEMU Y CIA.LTDA. FORESTAL MILLALEMU;;P0350URCPLLF;CC;PIRA;;N011;3,5;3,5;57,141588;0;125;1-Reparacion/Falla equipo de volteo-1|43-Colacion-1;120;P;Fresca;15-05-2026 23:45:49;15-05-2026;0;;SKIDDER;;PULPABLE;PTA NVA ALDEA;IN2026;SI;FASA Zona Chillán;FASA Zona Chillán;FASA Zona Chillán;FSC 100%-SA-FM/COC-004173;100% CERTIFICADO CERTFOR-CL21/819943415
827611;15-05-2026;10073;QUIRIQUINO;S123;COSECHA;COSECHA;11:00;23:00;9:00;1:00;68;150;796625600;FORESTAL MILLALEMU Y CIA.LTDA.;2078005;1;796625600;MILLALEMU Y CIA.LTDA. FORESTAL MILLALEMU;;P0410RRCCAL1;CC;PIRA;1135;N051;4;4,1;215,65;0;580;1-Reparacion/Falla equipo de volteo-1|43-Colacion-1;120;P;Fresca;15-05-2026 23:45:49;15-05-2026;0;;SKIDDER;;ASERRABLE;CN LOG NVA ALDEA;IN2026;SI;FASA Zona Chillán;FASA Zona Chillán;FASA Zona Chillán;FSC 100%-SA-FM/COC-004173;100% CERTIFICADO CERTFOR-CL21/819943415
827618;15-05-2026;12191;CE-27 ESPINALILLO YBAR;MG5;COSECHA;COSECHA;11:00;23:00;11:00;1:00;150;1670;796625600;FORESTAL MILLALEMU Y CIA.LTDA.;2078008;1;796625600;MILLALEMU Y CIA.LTDA. FORESTAL MILLALEMU;;P0244URC18-38;CC;PIRA;;T010;2,44;2,44;4,341;0;35;;0;P;Fresca;16-05-2026 00:04:44;15-05-2026;0;;GRAPPLE;;PULPABLE;CP CONSTITUCION;VE2026;SI;FASA Zona Constituci;FASA Zona Constituci;FASA Zona Constituci;FSC 100%-SA-FM/COC-004173;100% CERTIFICADO CERTFOR-CL21/819943415
827618;15-05-2026;12191;CE-27 ESPINALILLO YBAR;MG5;COSECHA;COSECHA;11:00;23:00;11:00;1:00;150;1670;796625600;FORESTAL MILLALEMU Y CIA.LTDA.;2078008;1;796625600;MILLALEMU Y CIA.LTDA. FORESTAL MILLALEMU;;P0244URC8-16;CC;PIRA;;T010;2,44;2,44;174,483;0;250;;0;P;Fresca;16-05-2026 00:04:44;15-05-2026;0;;GRAPPLE;;PULPABLE;CP CONSTITUCION;VE2026;SI;FASA Zona Constituci;FASA Zona Constituci;FASA Zona Constituci;FSC 100%-SA-FM/COC-004173;100% CERTIFICADO CERTFOR-CL21/819943415
827618;15-05-2026;12191;CE-27 ESPINALILLO YBAR;MG5;COSECHA;COSECHA;11:00;23:00;11:00;1:00;150;1670;796625600;FORESTAL MILLALEMU Y CIA.LTDA.;2078008;1;796625600;MILLALEMU Y CIA.LTDA. FORESTAL MILLALEMU;;P0330RRCCAL1;CC;PIRA;474;T014;3,2;3,3;70,626;0;300;;0;P;Fresca;16-05-2026 00:04:44;15-05-2026;0;;GRAPPLE;;ASERRABLE;CN VINALES;VE2026;SI;FASA Zona Constituci;FASA Zona Constituci;FASA Zona Constituci;FSC 100%-SA-FM/COC-004173;100% CERTIFICADO CERTFOR-CL21/819943415
827630;15-05-2026;11076;LOMA DE LA VACA;TEA02;COSECHA;COSECHA;11:00;23:00;10:30;1:00;33;900;796625600;FORESTAL MILLALEMU Y CIA.LTDA.;2077829;1;796625600;MILLALEMU Y CIA.LTDA. FORESTAL MILLALEMU;;P0244URCPLLF;CC;PIRA;;T010;2,44;2,44;148,428;0;200;42-Descanso/Pausa programada-0.5;30;P;Fresca;16-05-2026 00:34:29;15-05-2026;0;;FORWINCH;;PULPABLE;CP CONSTITUCION;IN2026;SI;FASA Zona Constituci;FASA Zona Constituci;FASA Zona Constituci;FSC 100%-SA-FM/COC-004173;100% CERTIFICADO CERTFOR-CL21/819943415
827630;15-05-2026;11076;LOMA DE LA VACA;TEA02;COSECHA;COSECHA;11:00;23:00;10:30;1:00;33;900;796625600;FORESTAL MILLALEMU Y CIA.LTDA.;2077829;1;796625600;MILLALEMU Y CIA.LTDA. FORESTAL MILLALEMU;;P0330RRCCAL1;CC;PIRA;605;T014;3,2;3,3;90,145;0;120;42-Descanso/Pausa programada-0.5;30;P;Fresca;16-05-2026 00:34:29;15-05-2026;0;;FORWINCH;;ASERRABLE;CN VINALES;IN2026;SI;FASA Zona Constituci;FASA Zona Constituci;FASA Zona Constituci;FSC 100%-SA-FM/COC-004173;100% CERTIFICADO CERTFOR-CL21/819943415
827647;15-05-2026;40539;LAS MERCEDES C13;S246;COSECHA;COSECHA;11:00;23:00;8:00;1:00;70;1500;796625600;FORESTAL MILLALEMU Y CIA.LTDA.;2077921;1;796625600;MILLALEMU Y CIA.LTDA. FORESTAL MILLALEMU;;P0350URCPLLF;CC;PIRA;;N011;3,5;3,5;91,573692;0;315;42-Descanso/Pausa programada-0.5|4-Reparacion/Falla equipo de Trozado-0.5|4-Reparacion/Falla equipo de Trozado-2;180;P;Fresca;16-05-2026 01:02:18;15-05-2026;0;;SKIDDER;;PULPABLE;PTA NVA ALDEA;IN2026;SI;FASA Zona Chillán;FASA Zona Chillán;FASA Zona Chillán;FSC 100%-SA-FM/COC-004173;100% CERTIFICADO CERTFOR-CL21/819943415
827647;15-05-2026;40539;LAS MERCEDES C13;S246;COSECHA;COSECHA;11:00;23:00;8:00;1:00;70;1500;796625600;FORESTAL MILLALEMU Y CIA.LTDA.;2077921;1;796625600;MILLALEMU Y CIA.LTDA. FORESTAL MILLALEMU;;P0410RRCCAL1;CC;PIRA;210;N051;4;4,1;39,9;0;350;42-Descanso/Pausa programada-0.5|4-Reparacion/Falla equipo de Trozado-0.5|4-Reparacion/Falla equipo de Trozado-2;180;P;Fresca;16-05-2026 01:02:18;15-05-2026;0;;SKIDDER;;ASERRABLE;CN LOG NVA ALDEA;IN2026;SI;FASA Zona Chillán;FASA Zona Chillán;FASA Zona Chillán;FSC 100%-SA-FM/COC-004173;100% CERTIFICADO CERTFOR-CL21/819943415
827650;15-05-2026;11748;LAS ULLOAS (BB);S223;COSECHA;COSECHA;11:00;23:00;6:00;1:00;22;112;796625600;FORESTAL MILLALEMU Y CIA.LTDA.;2076574;1;796625600;MILLALEMU Y CIA.LTDA. FORESTAL MILLALEMU;;P0265LRCCAL1;CC;PIRA;14;N051;2,6;2,65;4,55;0;165;1-Reparacion/Falla equipo de volteo-5;300;P;Quemada;16-05-2026 01:04:53;15-05-2026;0;;SKIDDER;;PODADO;CN LOG NVA ALDEA;VE2026;SI;FASA Zona Chillán;FASA Zona Chillán;FASA Zona Chillán;FSC 100%-SA-FM/COC-004173;100% CERTIFICADO CERTFOR-CL21/819943415
827650;15-05-2026;11748;LAS ULLOAS (BB);S223;COSECHA;COSECHA;11:00;23:00;6:00;1:00;22;112;796625600;FORESTAL MILLALEMU Y CIA.LTDA.;2076574;1;796625600;MILLALEMU Y CIA.LTDA. FORESTAL MILLALEMU;;P0265MRCCAL1;CC;PIRA;58;N051;2,6;2,65;18,676;0;250;1-Reparacion/Falla equipo de volteo-5;300;P;Quemada;16-05-2026 01:04:53;15-05-2026;0;;SKIDDER;;ASERRABLE;CN LOG NVA ALDEA;VE2026;SI;FASA Zona Chillán;FASA Zona Chillán;FASA Zona Chillán;FSC 100%-SA-FM/COC-004173;100% CERTIFICADO CERTFOR-CL21/819943415
827650;15-05-2026;11748;LAS ULLOAS (BB);S223;COSECHA;COSECHA;11:00;23:00;6:00;1:00;22;112;796625600;FORESTAL MILLALEMU Y CIA.LTDA.;2076574;1;796625600;MILLALEMU Y CIA.LTDA. FORESTAL MILLALEMU;;P0300NRCPLVA;CC;PIRA;;N048;3;3;38,945046;0;300;1-Reparacion/Falla equipo de volteo-5;300;P;Quemada;16-05-2026 01:04:53;15-05-2026;0;;SKIDDER;;PULPABLE;CN RANQUIL;VE2026;SI;FASA Zona Chillán;FASA Zona Chillán;FASA Zona Chillán;FSC 100%-SA-FM/COC-004173;100% CERTIFICADO CERTFOR-CL21/819943415
827650;15-05-2026;11748;LAS ULLOAS (BB);S223;COSECHA;COSECHA;11:00;23:00;6:00;1:00;22;112;796625600;FORESTAL MILLALEMU Y CIA.LTDA.;2076574;1;796625600;MILLALEMU Y CIA.LTDA. FORESTAL MILLALEMU;;P0410MRCCAL1;CC;PIRA;120;N051;4;4,1;27,72;0;30;1-Reparacion/Falla equipo de volteo-5;300;P;Manchada;16-05-2026 01:04:53;15-05-2026;0;;SKIDDER;;ASERRABLE;CN LOG NVA ALDEA;VE2026;SI;FASA Zona Chillán;FASA Zona Chillán;FASA Zona Chillán;FSC 100%-SA-FM/COC-004173;100% CERTIFICADO CERTFOR-CL21/819943415
827652;15-05-2026;11734;COIHUECO Y OTROS (BB);TEA08;COSECHA;COSECHA;11:00;23:00;6:00;1:00;38;217;796625600;FORESTAL MILLALEMU Y CIA.LTDA.;2076233;1;796625600;MILLALEMU Y CIA.LTDA. FORESTAL MILLALEMU;;P0244NRCPLLF;CC;PIRA;;N048;2,44;2,44;39,9;0;110;13-Traslados dentro del predio (cancha, sector)-1|20-Falta/abstecimiento de combustible equipo de volte-1|31-Detencion por transito de camiones-1|4-Reparacion/Falla equipo de Trozado-2;300;P;Quemada;16-05-2026 01:12:49;15-05-2026;0;;FORWINCH;;PULPABLE;CN RANQUIL;VE2026;SI;FASA Zona Chillán;FASA Zona Chillán;FASA Zona Chillán;FSC 100%-SA-FM/COC-004173;100% CERTIFICADO CERTFOR-CL21/819943415
827652;15-05-2026;11734;COIHUECO Y OTROS (BB);TEA08;COSECHA;COSECHA;11:00;23:00;6:00;1:00;38;217;796625600;FORESTAL MILLALEMU Y CIA.LTDA.;2076233;1;796625600;MILLALEMU Y CIA.LTDA. FORESTAL MILLALEMU;;P0265LRCCAL1;CC;PIRA;20;N051;2,6;2,65;7,7;0;55;13-Traslados dentro del predio (cancha, sector)-1|20-Falta/abstecimiento de combustible equipo de volte-1|31-Detencion por transito de camiones-1|4-Reparacion/Falla equipo de Trozado-2;300;P;Quemada;16-05-2026 01:12:49;15-05-2026;0;;FORWINCH;;PODADO;CN LOG NVA ALDEA;VE2026;SI;FASA Zona Chillán;FASA Zona Chillán;FASA Zona Chillán;FSC 100%-SA-FM/COC-004173;100% CERTIFICADO CERTFOR-CL21/819943415
827652;15-05-2026;11734;COIHUECO Y OTROS (BB);TEA08;COSECHA;COSECHA;11:00;23:00;6:00;1:00;38;217;796625600;FORESTAL MILLALEMU Y CIA.LTDA.;2076233;1;796625600;MILLALEMU Y CIA.LTDA. FORESTAL MILLALEMU;;P0265MRCCAL1;CC;PIRA;92;N051;2,6;2,65;28,888;0;135;13-Traslados dentro del predio (cancha, sector)-1|20-Falta/abstecimiento de combustible equipo de volte-1|31-Detencion por transito de camiones-1|4-Reparacion/Falla equipo de Trozado-2;300;P;Quemada;16-05-2026 01:12:49;15-05-2026;0;;FORWINCH;;ASERRABLE;CN LOG NVA ALDEA;VE2026;SI;FASA Zona Chillán;FASA Zona Chillán;FASA Zona Chillán;FSC 100%-SA-FM/COC-004173;100% CERTIFICADO CERTFOR-CL21/819943415
827652;15-05-2026;11734;COIHUECO Y OTROS (BB);TEA08;COSECHA;COSECHA;11:00;23:00;6:00;1:00;38;217;796625600;FORESTAL MILLALEMU Y CIA.LTDA.;2076233;1;796625600;MILLALEMU Y CIA.LTDA. FORESTAL MILLALEMU;;P0375MRCCAL1;CC;PIRA;238;N051;3,65;3,75;57,358;0;280;13-Traslados dentro del predio (cancha, sector)-1|20-Falta/abstecimiento de combustible equipo de volte-1|31-Detencion por transito de camiones-1|4-Reparacion/Falla equipo de Trozado-2;300;P;Manchada;16-05-2026 01:12:49;15-05-2026;0;;FORWINCH;;ASERRABLE;CN LOG NVA ALDEA;VE2026;SI;FASA Zona Chillán;FASA Zona Chillán;FASA Zona Chillán;FSC 100%-SA-FM/COC-004173;100% CERTIFICADO CERTFOR-CL21/819943415
827652;15-05-2026;11734;COIHUECO Y OTROS (BB);TEA08;COSECHA;COSECHA;11:00;23:00;6:00;1:00;38;217;796625600;FORESTAL MILLALEMU Y CIA.LTDA.;2076233;1;796625600;MILLALEMU Y CIA.LTDA. FORESTAL MILLALEMU;;P0375RRCCAL1;CC;PIRA;100;N051;3,65;3,75;23,3;0;25;13-Traslados dentro del predio (cancha, sector)-1|20-Falta/abstecimiento de combustible equipo de volte-1|31-Detencion por transito de camiones-1|4-Reparacion/Falla equipo de Trozado-2;300;P;Fresca;16-05-2026 01:12:49;15-05-2026;0;;FORWINCH;;ASERRABLE;CN LOG NVA ALDEA;VE2026;SI;FASA Zona Chillán;FASA Zona Chillán;FASA Zona Chillán;FSC 100%-SA-FM/COC-004173;100% CERTIFICADO CERTFOR-CL21/819943415
827672;15-05-2026;10608;POLHUIN;T125;COSECHA;COSECHA;11:00;23:00;8:00;1:00;65;460;796625600;FORESTAL MILLALEMU Y CIA.LTDA.;2076033;1;796625600;MILLALEMU Y CIA.LTDA. FORESTAL MILLALEMU;;E0550UGCPLLF;CC;EUGL;;N011;5,5;5,5;41,9604;0;4000;25-Instalacion de torre (vientos/ soportes)-3;180;P;Fresca;16-05-2026 01:52:52;15-05-2026;0;;TORRE500;;PULPABLE;PTA NVA ALDEA;VE2026;SI;FASA Zona Constituci;FASA Zona Constituci;FASA Zona Constituci;FSC 100%-SA-FM/COC-004173;100% CERTIFICADO CERTFOR-CL21/819943415
827733;16-05-2026;11734;COIHUECO Y OTROS (BB);S58;COSECHA;COSECHA;11:00;21:00;8:00;1:00;48;300;796625600;FORESTAL MILLALEMU Y CIA.LTDA.;2077008;1;796625600;MILLALEMU Y CIA.LTDA. FORESTAL MILLALEMU;;P0265LRCCAL1;CC;PIRA;58;N051;2,6;2,65;20,184;0;166;2-Reparacion/Falla de equipo de madereo-1;60;P;Quemada;16-05-2026 22:38:51;16-05-2026;0;;SKIDDER;;PODADO;CN LOG NVA ALDEA;VE2026;SI;FASA Zona Chillán;FASA Zona Chillán;FASA Zona Chillán;FSC 100%-SA-FM/COC-004173;100% CERTIFICADO CERTFOR-CL21/819943415
827733;16-05-2026;11734;COIHUECO Y OTROS (BB);S58;COSECHA;COSECHA;11:00;21:00;8:00;1:00;48;300;796625600;FORESTAL MILLALEMU Y CIA.LTDA.;2077008;1;796625600;MILLALEMU Y CIA.LTDA. FORESTAL MILLALEMU;;P0265MRCCAL1;CC;PIRA;96;N051;2,6;2,65;31,2;0;403;2-Reparacion/Falla de equipo de madereo-1;60;P;Quemada;16-05-2026 22:38:51;16-05-2026;0;;SKIDDER;;ASERRABLE;CN LOG NVA ALDEA;VE2026;SI;FASA Zona Chillán;FASA Zona Chillán;FASA Zona Chillán;FSC 100%-SA-FM/COC-004173;100% CERTIFICADO CERTFOR-CL21/819943415
827733;16-05-2026;11734;COIHUECO Y OTROS (BB);S58;COSECHA;COSECHA;11:00;21:00;8:00;1:00;48;300;796625600;FORESTAL MILLALEMU Y CIA.LTDA.;2077008;1;796625600;MILLALEMU Y CIA.LTDA. FORESTAL MILLALEMU;;P0265RRCCAL1;CC;PIRA;17;N051;2,6;2,65;5,525;0;16;2-Reparacion/Falla de equipo de madereo-1;60;P;Fresca;16-05-2026 22:38:51;16-05-2026;0;;SKIDDER;;ASERRABLE;CN LOG NVA ALDEA;VE2026;SI;FASA Zona Chillán;FASA Zona Chillán;FASA Zona Chillán;FSC 100%-SA-FM/COC-004173;100% CERTIFICADO CERTFOR-CL21/819943415
827733;16-05-2026;11734;COIHUECO Y OTROS (BB);S58;COSECHA;COSECHA;11:00;21:00;8:00;1:00;48;300;796625600;FORESTAL MILLALEMU Y CIA.LTDA.;2077008;1;796625600;MILLALEMU Y CIA.LTDA. FORESTAL MILLALEMU;;P0400NRCPLLF;CC;PIRA;;N014;4;4;41,433;0;639;2-Reparacion/Falla de equipo de madereo-1;60;P;Quemada;16-05-2026 22:38:51;16-05-2026;0;;SKIDDER;;PULPABLE;CP TRUPAN;VE2026;SI;FASA Zona Chillán;FASA Zona Chillán;FASA Zona Chillán;FSC 100%-SA-FM/COC-004173;100% CERTIFICADO CERTFOR-CL21/819943415
827733;16-05-2026;11734;COIHUECO Y OTROS (BB);S58;COSECHA;COSECHA;11:00;21:00;8:00;1:00;48;300;796625600;FORESTAL MILLALEMU Y CIA.LTDA.;2077008;1;796625600;MILLALEMU Y CIA.LTDA. FORESTAL MILLALEMU;;P0410MRCCAL1;CC;PIRA;119;N051;4;4,1;22,61;0;23;2-Reparacion/Falla de equipo de madereo-1;60;P;Quemada;16-05-2026 22:38:51;16-05-2026;0;;SKIDDER;;ASERRABLE;CN LOG NVA ALDEA;VE2026;SI;FASA Zona Chillán;FASA Zona Chillán;FASA Zona Chillán;FSC 100%-SA-FM/COC-004173;100% CERTIFICADO CERTFOR-CL21/819943415
827733;16-05-2026;11734;COIHUECO Y OTROS (BB);S58;COSECHA;COSECHA;11:00;21:00;8:00;1:00;48;300;796625600;FORESTAL MILLALEMU Y CIA.LTDA.;2077008;1;796625600;MILLALEMU Y CIA.LTDA. FORESTAL MILLALEMU;;P0410RRCCAL1;CC;PIRA;77;N051;4;4,1;14,63;0;15;2-Reparacion/Falla de equipo de madereo-1;60;P;Fresca;16-05-2026 22:38:51;16-05-2026;0;;SKIDDER;;ASERRABLE;CN LOG NVA ALDEA;VE2026;SI;FASA Zona Chillán;FASA Zona Chillán;FASA Zona Chillán;FSC 100%-SA-FM/COC-004173;100% CERTIFICADO CERTFOR-CL21/819943415
827734;16-05-2026;11734;COIHUECO Y OTROS (BB);S58;COSECHA;COSECHA;21:00;23:00;2:00;0:00;16;320;796625600;FORESTAL MILLALEMU Y CIA.LTDA.;2077008;1;796625600;MILLALEMU Y CIA.LTDA. FORESTAL MILLALEMU;;P0244NRCPLSD;CC;PIRA;0;N048;2,44;2,44;12,6084;0;86;;0;P;Quemada 2;16-05-2026 22:45:01;;0;;SKIDDER;;PULPABLE;CN RANQUIL;VE2026;SI;FASA Zona Chillán;FASA Zona Chillán;FASA Zona Chillán;FSC 100%-SA-FM/COC-004173;100% CERTIFICADO CERTFOR-CL21/819943415
827734;16-05-2026;11734;COIHUECO Y OTROS (BB);S58;COSECHA;COSECHA;21:00;23:00;2:00;0:00;16;320;796625600;FORESTAL MILLALEMU Y CIA.LTDA.;2077008;1;796625600;MILLALEMU Y CIA.LTDA. FORESTAL MILLALEMU;;P0400NRCPLLF;CC;PIRA;;N014;4;4;11,382711;0;605;;0;P;Quemada 2;16-05-2026 22:45:01;16-05-2026;0;;SKIDDER;;PULPABLE;CP TRUPAN;VE2026;SI;FASA Zona Chillán;FASA Zona Chillán;FASA Zona Chillán;FSC 100%-SA-FM/COC-004173;100% CERTIFICADO CERTFOR-CL21/819943415
827734;16-05-2026;11734;COIHUECO Y OTROS (BB);S58;COSECHA;COSECHA;21:00;23:00;2:00;0:00;16;320;796625600;FORESTAL MILLALEMU Y CIA.LTDA.;2077008;1;796625600;MILLALEMU Y CIA.LTDA. FORESTAL MILLALEMU;;P0410MRCCAL1;CC;PIRA;355;N051;4;4,1;67,45;0;68;;0;P;Manchada;16-05-2026 22:45:01;16-05-2026;0;;SKIDDER;;ASERRABLE;CN LOG NVA ALDEA;VE2026;SI;FASA Zona Chillán;FASA Zona Chillán;FASA Zona Chillán;FSC 100%-SA-FM/COC-004173;100% CERTIFICADO CERTFOR-CL21/819943415
827735;16-05-2026;12191;CE-27 ESPINALILLO YBAR;MG5;COSECHA;COSECHA;11:00;23:00;11:00;1:00;69;780;796625600;FORESTAL MILLALEMU Y CIA.LTDA.;2078008;1;796625600;MILLALEMU Y CIA.LTDA. FORESTAL MILLALEMU;;P0244URC18-38;CC;PIRA;;T010;2,44;2,44;47,5209;0;45;;0;P;Fresca;16-05-2026 23:24:15;16-05-2026;0;;GRAPPLE;;PULPABLE;CP CONSTITUCION;VE2026;SI;FASA Zona Constituci;FASA Zona Constituci;FASA Zona Constituci;FSC 100%-SA-FM/COC-004173;100% CERTIFICADO CERTFOR-CL21/819943415
827735;16-05-2026;12191;CE-27 ESPINALILLO YBAR;MG5;COSECHA;COSECHA;11:00;23:00;11:00;1:00;69;780;796625600;FORESTAL MILLALEMU Y CIA.LTDA.;2078008;1;796625600;MILLALEMU Y CIA.LTDA. FORESTAL MILLALEMU;;P0244URC8-16;CC;PIRA;;T010;2,44;2,44;132,7074;0;300;;0;P;Fresca;16-05-2026 23:24:15;16-05-2026;0;;GRAPPLE;;PULPABLE;CP CONSTITUCION;VE2026;SI;FASA Zona Constituci;FASA Zona Constituci;FASA Zona Constituci;FSC 100%-SA-FM/COC-004173;100% CERTIFICADO CERTFOR-CL21/819943415
827735;16-05-2026;12191;CE-27 ESPINALILLO YBAR;MG5;COSECHA;COSECHA;11:00;23:00;11:00;1:00;69;780;796625600;FORESTAL MILLALEMU Y CIA.LTDA.;2078008;1;796625600;MILLALEMU Y CIA.LTDA. FORESTAL MILLALEMU;;P0330RRCCAL1;CC;PIRA;382;T014;3,2;3,3;56,918;0;50;;0;P;Fresca;16-05-2026 23:24:15;16-05-2026;0;;GRAPPLE;;ASERRABLE;CN VINALES;VE2026;SI;FASA Zona Constituci;FASA Zona Constituci;FASA Zona Constituci;FSC 100%-SA-FM/COC-004173;100% CERTIFICADO CERTFOR-CL21/819943415
827737;16-05-2026;10073;QUIRIQUINO;S123;COSECHA;COSECHA;11:00;23:00;7:00;1:00;65;393;796625600;FORESTAL MILLALEMU Y CIA.LTDA.;2078005;1;796625600;MILLALEMU Y CIA.LTDA. FORESTAL MILLALEMU;;P0265PRCCAL1;CC;PIRA;105;N051;2,6;2,65;33,075;0;149;2-Reparacion/Falla de equipo de madereo-3|43-Colacion-1;240;P;Fresca;16-05-2026 23:28:07;16-05-2026;0;;SKIDDER;;PODADO;CN LOG NVA ALDEA;IN2026;SI;FASA Zona Chillán;FASA Zona Chillán;FASA Zona Chillán;FSC 100%-SA-FM/COC-004173;100% CERTIFICADO CERTFOR-CL21/819943415
827737;16-05-2026;10073;QUIRIQUINO;S123;COSECHA;COSECHA;11:00;23:00;7:00;1:00;65;393;796625600;FORESTAL MILLALEMU Y CIA.LTDA.;2078005;1;796625600;MILLALEMU Y CIA.LTDA. FORESTAL MILLALEMU;;P0265RRCCAL1;CC;PIRA;101;N051;2,6;2,65;31,815;0;122;2-Reparacion/Falla de equipo de madereo-3|43-Colacion-1;240;P;Fresca;16-05-2026 23:28:07;16-05-2026;0;;SKIDDER;;ASERRABLE;CN LOG NVA ALDEA;IN2026;SI;FASA Zona Chillán;FASA Zona Chillán;FASA Zona Chillán;FSC 100%-SA-FM/COC-004173;100% CERTIFICADO CERTFOR-CL21/819943415
827737;16-05-2026;10073;QUIRIQUINO;S123;COSECHA;COSECHA;11:00;23:00;7:00;1:00;65;393;796625600;FORESTAL MILLALEMU Y CIA.LTDA.;2078005;1;796625600;MILLALEMU Y CIA.LTDA. FORESTAL MILLALEMU;;P0330URCPLVA;CC;PIRA;;N011;3,3;3,3;6,169023;0;26;2-Reparacion/Falla de equipo de madereo-3|43-Colacion-1;240;P;Manchada;16-05-2026 23:28:07;16-05-2026;0;;SKIDDER;;PULPABLE;PTA NVA ALDEA;IN2026;SI;FASA Zona Chillán;FASA Zona Chillán;FASA Zona Chillán;FSC 100%-SA-FM/COC-004173;100% CERTIFICADO CERTFOR-CL21/819943415
827737;16-05-2026;10073;QUIRIQUINO;S123;COSECHA;COSECHA;11:00;23:00;7:00;1:00;65;393;796625600;FORESTAL MILLALEMU Y CIA.LTDA.;2078005;1;796625600;MILLALEMU Y CIA.LTDA. FORESTAL MILLALEMU;;P0350URCPLLF;CC;PIRA;;N011;3,5;3,5;54,943896;0;180;2-Reparacion/Falla de equipo de madereo-3|43-Colacion-1;240;P;Fresca;16-05-2026 23:28:07;16-05-2026;0;;SKIDDER;;PULPABLE;PTA NVA ALDEA;IN2026;SI;FASA Zona Chillán;FASA Zona Chillán;FASA Zona Chillán;FSC 100%-SA-FM/COC-004173;100% CERTIFICADO CERTFOR-CL21/819943415
827737;16-05-2026;10073;QUIRIQUINO;S123;COSECHA;COSECHA;11:00;23:00;7:00;1:00;65;393;796625600;FORESTAL MILLALEMU Y CIA.LTDA.;2078005;1;796625600;MILLALEMU Y CIA.LTDA. FORESTAL MILLALEMU;;P0410RRCCAL1;CC;PIRA;1140;N051;4;4,1;216,6;0;695;2-Reparacion/Falla de equipo de madereo-3|43-Colacion-1;240;P;Fresca;16-05-2026 23:28:07;16-05-2026;0;;SKIDDER;;ASERRABLE;CN LOG NVA ALDEA;IN2026;SI;FASA Zona Chillán;FASA Zona Chillán;FASA Zona Chillán;FSC 100%-SA-FM/COC-004173;100% CERTIFICADO CERTFOR-CL21/819943415
827773;16-05-2026;11076;LOMA DE LA VACA;TEA02;COSECHA;COSECHA;11:00;23:00;10:30;1:00;33;1000;796625600;FORESTAL MILLALEMU Y CIA.LTDA.;2077829;1;796625600;MILLALEMU Y CIA.LTDA. FORESTAL MILLALEMU;;P0244URCPLLF;CC;PIRA;;T010;2,44;2,44;81,396;0;200;42-Descanso/Pausa programada-0.5;30;P;Fresca;17-05-2026 00:48:03;16-05-2026;0;;FORWINCH;;PULPABLE;CP CONSTITUCION;IN2026;SI;FASA Zona Constituci;FASA Zona Constituci;FASA Zona Constituci;FSC 100%-SA-FM/COC-004173;100% CERTIFICADO CERTFOR-CL21/819943415
827773;16-05-2026;11076;LOMA DE LA VACA;TEA02;COSECHA;COSECHA;11:00;23:00;10:30;1:00;33;1000;796625600;FORESTAL MILLALEMU Y CIA.LTDA.;2077829;1;796625600;MILLALEMU Y CIA.LTDA. FORESTAL MILLALEMU;;P0330RRCCAL1;CC;PIRA;219;T014;3,2;3,3;32,631;0;200;42-Descanso/Pausa programada-0.5;30;P;Fresca;17-05-2026 00:48:03;16-05-2026;0;;FORWINCH;;ASERRABLE;CN VINALES;IN2026;SI;FASA Zona Constituci;FASA Zona Constituci;FASA Zona Constituci;FSC 100%-SA-FM/COC-004173;100% CERTIFICADO CERTFOR-CL21/819943415
827787;16-05-2026;11748;LAS ULLOAS (BB);S223;COSECHA;COSECHA;11:00;23:00;7:00;1:00;23;116;796625600;FORESTAL MILLALEMU Y CIA.LTDA.;2076547;1;796625600;MILLALEMU Y CIA.LTDA. FORESTAL MILLALEMU;;P0265LRCCAL1;CC;PIRA;10;N051;2,6;2,65;3,25;0;170;1-Reparacion/Falla equipo de volteo-4;240;P;Quemada;17-05-2026 01:04:37;16-05-2026;0;;SKIDDER;;PODADO;CN LOG NVA ALDEA;VE2026;SI;FASA Zona Chillán;FASA Zona Chillán;FASA Zona Chillán;FSC 100%-SA-FM/COC-004173;100% CERTIFICADO CERTFOR-CL21/819943415
827787;16-05-2026;11748;LAS ULLOAS (BB);S223;COSECHA;COSECHA;11:00;23:00;7:00;1:00;23;116;796625600;FORESTAL MILLALEMU Y CIA.LTDA.;2076547;1;796625600;MILLALEMU Y CIA.LTDA. FORESTAL MILLALEMU;;P0265MRCCAL1;CC;PIRA;110;N051;2,6;2,65;35,31;0;280;1-Reparacion/Falla equipo de volteo-4;240;P;Quemada;17-05-2026 01:04:37;16-05-2026;0;;SKIDDER;;ASERRABLE;CN LOG NVA ALDEA;VE2026;SI;FASA Zona Chillán;FASA Zona Chillán;FASA Zona Chillán;FSC 100%-SA-FM/COC-004173;100% CERTIFICADO CERTFOR-CL21/819943415
827787;16-05-2026;11748;LAS ULLOAS (BB);S223;COSECHA;COSECHA;11:00;23:00;7:00;1:00;23;116;796625600;FORESTAL MILLALEMU Y CIA.LTDA.;2076547;1;796625600;MILLALEMU Y CIA.LTDA. FORESTAL MILLALEMU;;P0300NRCPLVA;CC;PIRA;;N048;3;3;46,733295;0;350;1-Reparacion/Falla equipo de volteo-4;240;P;Quemada 2;17-05-2026 01:04:37;16-05-2026;0;;SKIDDER;;PULPABLE;CN RANQUIL;VE2026;SI;FASA Zona Chillán;FASA Zona Chillán;FASA Zona Chillán;FSC 100%-SA-FM/COC-004173;100% CERTIFICADO CERTFOR-CL21/819943415
827787;16-05-2026;11748;LAS ULLOAS (BB);S223;COSECHA;COSECHA;11:00;23:00;7:00;1:00;23;116;796625600;FORESTAL MILLALEMU Y CIA.LTDA.;2076547;1;796625600;MILLALEMU Y CIA.LTDA. FORESTAL MILLALEMU;;P0410MRCCAL1;CC;PIRA;300;N051;4;4,1;69,3;0;100;1-Reparacion/Falla equipo de volteo-4;240;P;Quemada;17-05-2026 01:04:37;16-05-2026;0;;SKIDDER;;ASERRABLE;CN LOG NVA ALDEA;VE2026;SI;FASA Zona Chillán;FASA Zona Chillán;FASA Zona Chillán;FSC 100%-SA-FM/COC-004173;100% CERTIFICADO CERTFOR-CL21/819943415
827787;16-05-2026;11748;LAS ULLOAS (BB);S223;COSECHA;COSECHA;11:00;23:00;7:00;1:00;23;116;796625600;FORESTAL MILLALEMU Y CIA.LTDA.;2076547;1;796625600;MILLALEMU Y CIA.LTDA. FORESTAL MILLALEMU;;P0410RRCCAL1;CC;PIRA;70;N051;4;4,1;16,17;0;16;1-Reparacion/Falla equipo de volteo-4;240;P;Fresca;17-05-2026 01:04:37;16-05-2026;0;;SKIDDER;;ASERRABLE;CN LOG NVA ALDEA;VE2026;SI;FASA Zona Chillán;FASA Zona Chillán;FASA Zona Chillán;FSC 100%-SA-FM/COC-004173;100% CERTIFICADO CERTFOR-CL21/819943415
827791;16-05-2026;10608;POLHUIN;T125;COSECHA;COSECHA;11:00;22:00;6:00;1:00;65;500;796625600;FORESTAL MILLALEMU Y CIA.LTDA.;2076033;1;796625600;MILLALEMU Y CIA.LTDA. FORESTAL MILLALEMU;;E0550UGCPLLF;CC;EUGL;;N011;5,5;5,5;43,44084;0;4043;68-Sobre Shoveleo-4;240;P;Fresca;17-05-2026 01:13:26;16-05-2026;0;;TORRE500;;PULPABLE;PTA NVA ALDEA;VE2026;SI;FASA Zona Constituci;FASA Zona Constituci;FASA Zona Constituci;FSC 100%-SA-FM/COC-004173;100% CERTIFICADO CERTFOR-CL21/819943415
827792;16-05-2026;40539;LAS MERCEDES C13;S246;COSECHA;COSECHA;11:00;23:00;9:00;1:00;55;1500;796625600;FORESTAL MILLALEMU Y CIA.LTDA.;2077921;1;796625600;MILLALEMU Y CIA.LTDA. FORESTAL MILLALEMU;;P0350URCPLLF;CC;PIRA;;N011;3,5;3,5;97,296948;0;420;4-Reparacion/Falla equipo de Trozado-0.5|4-Reparacion/Falla equipo de Trozado-1.5;120;P;Fresca;17-05-2026 01:13:32;16-05-2026;0;;SKIDDER;;PULPABLE;PTA NVA ALDEA;IN2026;SI;FASA Zona Chillán;FASA Zona Chillán;FASA Zona Chillán;FSC 100%-SA-FM/COC-004173;100% CERTIFICADO CERTFOR-CL21/819943415
827792;16-05-2026;40539;LAS MERCEDES C13;S246;COSECHA;COSECHA;11:00;23:00;9:00;1:00;55;1500;796625600;FORESTAL MILLALEMU Y CIA.LTDA.;2077921;1;796625600;MILLALEMU Y CIA.LTDA. FORESTAL MILLALEMU;;P0410RRCCAL1;CC;PIRA;180;N051;4;4,1;34,2;0;110;4-Reparacion/Falla equipo de Trozado-0.5|4-Reparacion/Falla equipo de Trozado-1.5;120;P;Fresca;17-05-2026 01:13:32;16-05-2026;0;;SKIDDER;;ASERRABLE;CN LOG NVA ALDEA;IN2026;SI;FASA Zona Chillán;FASA Zona Chillán;FASA Zona Chillán;FSC 100%-SA-FM/COC-004173;100% CERTIFICADO CERTFOR-CL21/819943415
827806;16-05-2026;11734;COIHUECO Y OTROS (BB);TEA08;COSECHA;COSECHA;11:00;23:00;10:00;1:00;58;348;796625600;FORESTAL MILLALEMU Y CIA.LTDA.;2076233;1;796625600;MILLALEMU Y CIA.LTDA. FORESTAL MILLALEMU;;P0265LRCCAL1;CC;PIRA;74;N051;2,6;2,65;29,008;0;85;22-Falta/abstecimiento de combustible equipo de proce-1;60;P;Quemada;17-05-2026 01:36:13;16-05-2026;0;;FORWINCH;;PODADO;CN LOG NVA ALDEA;VE2026;SI;FASA Zona Chillán;FASA Zona Chillán;FASA Zona Chillán;FSC 100%-SA-FM/COC-004173;100% CERTIFICADO CERTFOR-CL21/819943415
827806;16-05-2026;11734;COIHUECO Y OTROS (BB);TEA08;COSECHA;COSECHA;11:00;23:00;10:00;1:00;58;348;796625600;FORESTAL MILLALEMU Y CIA.LTDA.;2076233;1;796625600;MILLALEMU Y CIA.LTDA. FORESTAL MILLALEMU;;P0265MRCCAL1;CC;PIRA;141;N051;2,6;2,65;44,274;0;180;22-Falta/abstecimiento de combustible equipo de proce-1;60;P;Quemada;17-05-2026 01:36:13;16-05-2026;0;;FORWINCH;;ASERRABLE;CN LOG NVA ALDEA;VE2026;SI;FASA Zona Chillán;FASA Zona Chillán;FASA Zona Chillán;FSC 100%-SA-FM/COC-004173;100% CERTIFICADO CERTFOR-CL21/819943415
827806;16-05-2026;11734;COIHUECO Y OTROS (BB);TEA08;COSECHA;COSECHA;11:00;23:00;10:00;1:00;58;348;796625600;FORESTAL MILLALEMU Y CIA.LTDA.;2076233;1;796625600;MILLALEMU Y CIA.LTDA. FORESTAL MILLALEMU;;P0400NRCPLLF;CC;PIRA;;N014;4;4;75,88474;0;75;22-Falta/abstecimiento de combustible equipo de proce-1;60;P;Quemada;17-05-2026 01:36:13;16-05-2026;0;;FORWINCH;;PULPABLE;CP TRUPAN;VE2026;SI;FASA Zona Chillán;FASA Zona Chillán;FASA Zona Chillán;FSC 100%-SA-FM/COC-004173;100% CERTIFICADO CERTFOR-CL21/819943415
827806;16-05-2026;11734;COIHUECO Y OTROS (BB);TEA08;COSECHA;COSECHA;11:00;23:00;10:00;1:00;58;348;796625600;FORESTAL MILLALEMU Y CIA.LTDA.;2076233;1;796625600;MILLALEMU Y CIA.LTDA. FORESTAL MILLALEMU;;P0410MRCCAL1;CC;PIRA;656;N051;4;4,1;124,64;0;125;22-Falta/abstecimiento de combustible equipo de proce-1;60;P;Manchada;17-05-2026 01:36:13;16-05-2026;0;;FORWINCH;;ASERRABLE;CN LOG NVA ALDEA;VE2026;SI;FASA Zona Chillán;FASA Zona Chillán;FASA Zona Chillán;FSC 100%-SA-FM/COC-004173;100% CERTIFICADO CERTFOR-CL21/819943415
827893;17-05-2026;12191;CE-27 ESPINALILLO YBAR;MG5;COSECHA;COSECHA;11:00;23:00;9:00;1:00;134;980;796625600;FORESTAL MILLALEMU Y CIA.LTDA.;2078008;1;796625600;MILLALEMU Y CIA.LTDA. FORESTAL MILLALEMU;;P0244URC18-38;CC;PIRA;;T010;2,44;2,44;6,384;0;45;4-Reparacion/Falla equipo de Trozado-2;120;P;Fresca;18-05-2026 00:46:37;17-05-2026;0;;GRAPPLE;;PULPABLE;CP CONSTITUCION;VE2026;SI;FASA Zona Constituci;FASA Zona Constituci;FASA Zona Constituci;FSC 100%-SA-FM/COC-004173;100% CERTIFICADO CERTFOR-CL21/819943415
827893;17-05-2026;12191;CE-27 ESPINALILLO YBAR;MG5;COSECHA;COSECHA;11:00;23:00;9:00;1:00;134;980;796625600;FORESTAL MILLALEMU Y CIA.LTDA.;2078008;1;796625600;MILLALEMU Y CIA.LTDA. FORESTAL MILLALEMU;;P0244URC8-16;CC;PIRA;;T010;2,44;2,44;91,2912;0;300;4-Reparacion/Falla equipo de Trozado-2;120;P;Fresca;18-05-2026 00:46:37;17-05-2026;0;;GRAPPLE;;PULPABLE;CP CONSTITUCION;VE2026;SI;FASA Zona Constituci;FASA Zona Constituci;FASA Zona Constituci;FSC 100%-SA-FM/COC-004173;100% CERTIFICADO CERTFOR-CL21/819943415
827893;17-05-2026;12191;CE-27 ESPINALILLO YBAR;MG5;COSECHA;COSECHA;11:00;23:00;9:00;1:00;134;980;796625600;FORESTAL MILLALEMU Y CIA.LTDA.;2078008;1;796625600;MILLALEMU Y CIA.LTDA. FORESTAL MILLALEMU;;P0330RRCCAL1;CC;PIRA;275;T014;3,2;3,3;40,975;0;150;4-Reparacion/Falla equipo de Trozado-2;120;P;Fresca;18-05-2026 00:46:37;17-05-2026;0;;GRAPPLE;;ASERRABLE;CN VINALES;VE2026;SI;FASA Zona Constituci;FASA Zona Constituci;FASA Zona Constituci;FSC 100%-SA-FM/COC-004173;100% CERTIFICADO CERTFOR-CL21/819943415
827896;17-05-2026;11734;COIHUECO Y OTROS (BB);S58;COSECHA;COSECHA;11:00;23:00;9:00;1:00;63;300;796625600;FORESTAL MILLALEMU Y CIA.LTDA.;2077008;1;796625600;MILLALEMU Y CIA.LTDA. FORESTAL MILLALEMU;;P0244NRCPLSD;CC;PIRA;0;N048;2,44;2,44;3,3516;0;156;13-Traslados dentro del predio (cancha, sector)-2;120;P;Quemada;18-05-2026 00:51:29;;0;;SKIDDER;;PULPABLE;CN RANQUIL;VE2026;SI;FASA Zona Chillán;FASA Zona Chillán;FASA Zona Chillán;FSC 100%-SA-FM/COC-004173;100% CERTIFICADO CERTFOR-CL21/819943415
827896;17-05-2026;11734;COIHUECO Y OTROS (BB);S58;COSECHA;COSECHA;11:00;23:00;9:00;1:00;63;300;796625600;FORESTAL MILLALEMU Y CIA.LTDA.;2077008;1;796625600;MILLALEMU Y CIA.LTDA. FORESTAL MILLALEMU;;P0265LRCCAL1;CC;PIRA;65;N051;2,6;2,65;22,62;0;188;13-Traslados dentro del predio (cancha, sector)-2;120;P;Quemada;18-05-2026 00:51:29;17-05-2026;0;;SKIDDER;;PODADO;CN LOG NVA ALDEA;VE2026;SI;FASA Zona Chillán;FASA Zona Chillán;FASA Zona Chillán;FSC 100%-SA-FM/COC-004173;100% CERTIFICADO CERTFOR-CL21/819943415
827896;17-05-2026;11734;COIHUECO Y OTROS (BB);S58;COSECHA;COSECHA;11:00;23:00;9:00;1:00;63;300;796625600;FORESTAL MILLALEMU Y CIA.LTDA.;2077008;1;796625600;MILLALEMU Y CIA.LTDA. FORESTAL MILLALEMU;;P0265MRCCAL1;CC;PIRA;59;N051;2,6;2,65;19,175;0;421;13-Traslados dentro del predio (cancha, sector)-2;120;P;Quemada;18-05-2026 00:51:29;17-05-2026;0;;SKIDDER;;ASERRABLE;CN LOG NVA ALDEA;VE2026;SI;FASA Zona Chillán;FASA Zona Chillán;FASA Zona Chillán;FSC 100%-SA-FM/COC-004173;100% CERTIFICADO CERTFOR-CL21/819943415
827896;17-05-2026;11734;COIHUECO Y OTROS (BB);S58;COSECHA;COSECHA;11:00;23:00;9:00;1:00;63;300;796625600;FORESTAL MILLALEMU Y CIA.LTDA.;2077008;1;796625600;MILLALEMU Y CIA.LTDA. FORESTAL MILLALEMU;;P0265RRCCAL1;CC;PIRA;4;N051;2,6;2,65;1,3;0;18;13-Traslados dentro del predio (cancha, sector)-2;120;P;Fresca;18-05-2026 00:51:29;17-05-2026;0;;SKIDDER;;ASERRABLE;CN LOG NVA ALDEA;VE2026;SI;FASA Zona Chillán;FASA Zona Chillán;FASA Zona Chillán;FSC 100%-SA-FM/COC-004173;100% CERTIFICADO CERTFOR-CL21/819943415
827896;17-05-2026;11734;COIHUECO Y OTROS (BB);S58;COSECHA;COSECHA;11:00;23:00;9:00;1:00;63;300;796625600;FORESTAL MILLALEMU Y CIA.LTDA.;2077008;1;796625600;MILLALEMU Y CIA.LTDA. FORESTAL MILLALEMU;;P0350URCPLLF;CC;PIRA;;N011;3,5;3,5;6,867588;0;33;13-Traslados dentro del predio (cancha, sector)-2;120;P;Fresca;18-05-2026 00:51:29;17-05-2026;0;;SKIDDER;;PULPABLE;PTA NVA ALDEA;VE2026;SI;FASA Zona Chillán;FASA Zona Chillán;FASA Zona Chillán;FSC 100%-SA-FM/COC-004173;100% CERTIFICADO CERTFOR-CL21/819943415
827896;17-05-2026;11734;COIHUECO Y OTROS (BB);S58;COSECHA;COSECHA;11:00;23:00;9:00;1:00;63;300;796625600;FORESTAL MILLALEMU Y CIA.LTDA.;2077008;1;796625600;MILLALEMU Y CIA.LTDA. FORESTAL MILLALEMU;;P0400NRCPLLF;CC;PIRA;;N014;4;4;33,086549;0;672;13-Traslados dentro del predio (cancha, sector)-2;120;P;Quemada 2;18-05-2026 00:51:29;17-05-2026;0;;SKIDDER;;PULPABLE;CP TRUPAN;VE2026;SI;FASA Zona Chillán;FASA Zona Chillán;FASA Zona Chillán;FSC 100%-SA-FM/COC-004173;100% CERTIFICADO CERTFOR-CL21/819943415
827896;17-05-2026;11734;COIHUECO Y OTROS (BB);S58;COSECHA;COSECHA;11:00;23:00;9:00;1:00;63;300;796625600;FORESTAL MILLALEMU Y CIA.LTDA.;2077008;1;796625600;MILLALEMU Y CIA.LTDA. FORESTAL MILLALEMU;;P0410MRCCAL1;CC;PIRA;119;N051;4;4,1;22,61;0;188;13-Traslados dentro del predio (cancha, sector)-2;120;P;Quemada;18-05-2026 00:51:29;17-05-2026;0;;SKIDDER;;ASERRABLE;CN LOG NVA ALDEA;VE2026;SI;FASA Zona Chillán;FASA Zona Chillán;FASA Zona Chillán;FSC 100%-SA-FM/COC-004173;100% CERTIFICADO CERTFOR-CL21/819943415
827896;17-05-2026;11734;COIHUECO Y OTROS (BB);S58;COSECHA;COSECHA;11:00;23:00;9:00;1:00;63;300;796625600;FORESTAL MILLALEMU Y CIA.LTDA.;2077008;1;796625600;MILLALEMU Y CIA.LTDA. FORESTAL MILLALEMU;;P0410RRCCAL1;CC;PIRA;138;N051;4;4,1;26,22;0;41;13-Traslados dentro del predio (cancha, sector)-2;120;P;Fresca;18-05-2026 00:51:29;17-05-2026;0;;SKIDDER;;ASERRABLE;CN LOG NVA ALDEA;VE2026;SI;FASA Zona Chillán;FASA Zona Chillán;FASA Zona Chillán;FSC 100%-SA-FM/COC-004173;100% CERTIFICADO CERTFOR-CL21/819943415
827899;17-05-2026;40539;LAS MERCEDES C13;S246;COSECHA;COSECHA;11:00;23:00;8:00;1:00;45;1300;796625600;FORESTAL MILLALEMU Y CIA.LTDA.;2077921;1;796625600;MILLALEMU Y CIA.LTDA. FORESTAL MILLALEMU;;P0350URCPLLF;CC;PIRA;;N011;3,5;3,5;94,778;0;510;4-Reparacion/Falla equipo de Trozado-0.5|4-Reparacion/Falla equipo de Trozado-2;180;P;Fresca;18-05-2026 00:55:20;17-05-2026;0;;SKIDDER;;PULPABLE;PTA NVA ALDEA;IN2026;SI;FASA Zona Chillán;FASA Zona Chillán;FASA Zona Chillán;FSC 100%-SA-FM/COC-004173;100% CERTIFICADO CERTFOR-CL21/819943415
827899;17-05-2026;40539;LAS MERCEDES C13;S246;COSECHA;COSECHA;11:00;23:00;8:00;1:00;45;1300;796625600;FORESTAL MILLALEMU Y CIA.LTDA.;2077921;1;796625600;MILLALEMU Y CIA.LTDA. FORESTAL MILLALEMU;;P0410RRCCAL1;CC;PIRA;220;N051;4;4,1;41,8;0;140;4-Reparacion/Falla equipo de Trozado-0.5|4-Reparacion/Falla equipo de Trozado-2;180;P;Fresca;18-05-2026 00:55:20;17-05-2026;0;;SKIDDER;;ASERRABLE;CN LOG NVA ALDEA;IN2026;SI;FASA Zona Chillán;FASA Zona Chillán;FASA Zona Chillán;FSC 100%-SA-FM/COC-004173;100% CERTIFICADO CERTFOR-CL21/819943415
827917;17-05-2026;10608;POLHUIN;T125;COSECHA;COSECHA;11:00;23:00;2:00;1:00;22;125;796625600;FORESTAL MILLALEMU Y CIA.LTDA.;2076033;1;796625600;MILLALEMU Y CIA.LTDA. FORESTAL MILLALEMU;;E0550UGCPLLF;CC;EUGL;;N011;5,5;5,5;21,39192;0;4065;66-Recuperacion-5|68-Sobre Shoveleo-2|69-Reparacion/Falla de camaras de madereo-2;540;P;Fresca;18-05-2026 01:06:29;17-05-2026;0;;TORRE500;;PULPABLE;PTA NVA ALDEA;VE2026;SI;FASA Zona Constituci;FASA Zona Constituci;FASA Zona Constituci;FSC 100%-SA-FM/COC-004173;100% CERTIFICADO CERTFOR-CL21/819943415
827921;17-05-2026;11734;COIHUECO Y OTROS (BB);TEA08;COSECHA;COSECHA;11:00;23:00;9:00;1:00;60;401;796625600;FORESTAL MILLALEMU Y CIA.LTDA.;2076233;1;796625600;MILLALEMU Y CIA.LTDA. FORESTAL MILLALEMU;;P0265LRCCAL1;CC;PIRA;56;N051;2,6;2,65;21,952;0;107;10-Mantencion equipo de trozado-1|22-Falta/abstecimiento de combustible equipo de proce-1;120;P;Quemada;18-05-2026 01:15:27;17-05-2026;0;;FORWINCH;;PODADO;CN LOG NVA ALDEA;VE2026;SI;FASA Zona Chillán;FASA Zona Chillán;FASA Zona Chillán;FSC 100%-SA-FM/COC-004173;100% CERTIFICADO CERTFOR-CL21/819943415
827921;17-05-2026;11734;COIHUECO Y OTROS (BB);TEA08;COSECHA;COSECHA;11:00;23:00;9:00;1:00;60;401;796625600;FORESTAL MILLALEMU Y CIA.LTDA.;2076233;1;796625600;MILLALEMU Y CIA.LTDA. FORESTAL MILLALEMU;;P0265MRCCAL1;CC;PIRA;124;N051;2,6;2,65;38,936;0;220;10-Mantencion equipo de trozado-1|22-Falta/abstecimiento de combustible equipo de proce-1;120;P;Quemada;18-05-2026 01:15:27;17-05-2026;0;;FORWINCH;;ASERRABLE;CN LOG NVA ALDEA;VE2026;SI;FASA Zona Chillán;FASA Zona Chillán;FASA Zona Chillán;FSC 100%-SA-FM/COC-004173;100% CERTIFICADO CERTFOR-CL21/819943415
827921;17-05-2026;11734;COIHUECO Y OTROS (BB);TEA08;COSECHA;COSECHA;11:00;23:00;9:00;1:00;60;401;796625600;FORESTAL MILLALEMU Y CIA.LTDA.;2076233;1;796625600;MILLALEMU Y CIA.LTDA. FORESTAL MILLALEMU;;P0400NRCPLLF;CC;PIRA;;N014;4;4;111,930763;0;81;10-Mantencion equipo de trozado-1|22-Falta/abstecimiento de combustible equipo de proce-1;120;P;Quemada;18-05-2026 01:15:27;17-05-2026;0;;FORWINCH;;PULPABLE;CP TRUPAN;VE2026;SI;FASA Zona Chillán;FASA Zona Chillán;FASA Zona Chillán;FSC 100%-SA-FM/COC-004173;100% CERTIFICADO CERTFOR-CL21/819943415
827921;17-05-2026;11734;COIHUECO Y OTROS (BB);TEA08;COSECHA;COSECHA;11:00;23:00;9:00;1:00;60;401;796625600;FORESTAL MILLALEMU Y CIA.LTDA.;2076233;1;796625600;MILLALEMU Y CIA.LTDA. FORESTAL MILLALEMU;;P0410MRCCAL1;CC;PIRA;704;N051;4;4,1;133,76;0;260;10-Mantencion equipo de trozado-1|22-Falta/abstecimiento de combustible equipo de proce-1;120;P;Manchada;18-05-2026 01:15:27;17-05-2026;0;;FORWINCH;;ASERRABLE;CN LOG NVA ALDEA;VE2026;SI;FASA Zona Chillán;FASA Zona Chillán;FASA Zona Chillán;FSC 100%-SA-FM/COC-004173;100% CERTIFICADO CERTFOR-CL21/819943415
827939;17-05-2026;11748;LAS ULLOAS (BB);S223;COSECHA;COSECHA;11:00;23:00;8:00;1:00;22;108;796625600;FORESTAL MILLALEMU Y CIA.LTDA.;2076547;1;796625600;MILLALEMU Y CIA.LTDA. FORESTAL MILLALEMU;;P0265LRCCAL1;CC;PIRA;4;N051;2,6;2,65;1,3;0;5;14-Traslados otro predio-3;180;P;Quemada;18-05-2026 01:53:33;17-05-2026;0;;SKIDDER;;PODADO;CN LOG NVA ALDEA;VE2026;SI;FASA Zona Chillán;FASA Zona Chillán;FASA Zona Chillán;FSC 100%-SA-FM/COC-004173;100% CERTIFICADO CERTFOR-CL21/819943415
827939;17-05-2026;11748;LAS ULLOAS (BB);S223;COSECHA;COSECHA;11:00;23:00;8:00;1:00;22;108;796625600;FORESTAL MILLALEMU Y CIA.LTDA.;2076547;1;796625600;MILLALEMU Y CIA.LTDA. FORESTAL MILLALEMU;;P0265MRCCAL1;CC;PIRA;157;N051;2,6;2,65;50,397;0;330;14-Traslados otro predio-3;180;P;Quemada;18-05-2026 01:53:33;17-05-2026;0;;SKIDDER;;ASERRABLE;CN LOG NVA ALDEA;VE2026;SI;FASA Zona Chillán;FASA Zona Chillán;FASA Zona Chillán;FSC 100%-SA-FM/COC-004173;100% CERTIFICADO CERTFOR-CL21/819943415
827939;17-05-2026;11748;LAS ULLOAS (BB);S223;COSECHA;COSECHA;11:00;23:00;8:00;1:00;22;108;796625600;FORESTAL MILLALEMU Y CIA.LTDA.;2076547;1;796625600;MILLALEMU Y CIA.LTDA. FORESTAL MILLALEMU;;P0300NRCPLVA;CC;PIRA;;N048;3;3;12,462212;0;360;14-Traslados otro predio-3;180;P;Quemada;18-05-2026 01:53:33;17-05-2026;0;;SKIDDER;;PULPABLE;CN RANQUIL;VE2026;SI;FASA Zona Chillán;FASA Zona Chillán;FASA Zona Chillán;FSC 100%-SA-FM/COC-004173;100% CERTIFICADO CERTFOR-CL21/819943415
827939;17-05-2026;11748;LAS ULLOAS (BB);S223;COSECHA;COSECHA;11:00;23:00;8:00;1:00;22;108;796625600;FORESTAL MILLALEMU Y CIA.LTDA.;2076547;1;796625600;MILLALEMU Y CIA.LTDA. FORESTAL MILLALEMU;;P0410MRCCAL1;CC;PIRA;290;N051;4;4,1;66,99;0;330;14-Traslados otro predio-3;180;P;Quemada;18-05-2026 01:53:33;17-05-2026;0;;SKIDDER;;ASERRABLE;CN LOG NVA ALDEA;VE2026;SI;FASA Zona Chillán;FASA Zona Chillán;FASA Zona Chillán;FSC 100%-SA-FM/COC-004173;100% CERTIFICADO CERTFOR-CL21/819943415
827945;17-05-2026;11076;LOMA DE LA VACA;TEA02;COSECHA;COSECHA;11:00;23:00;10:30;1:00;33;1000;796625600;FORESTAL MILLALEMU Y CIA.LTDA.;2077829;1;796625600;MILLALEMU Y CIA.LTDA. FORESTAL MILLALEMU;;P0244URCPLLF;CC;PIRA;;T010;2,44;2,44;124,488;0;350;42-Descanso/Pausa programada-0.5;30;P;Fresca;18-05-2026 02:03:46;17-05-2026;0;;FORWINCH;;PULPABLE;CP CONSTITUCION;IN2026;SI;FASA Zona Constituci;FASA Zona Constituci;FASA Zona Constituci;FSC 100%-SA-FM/COC-004173;100% CERTIFICADO CERTFOR-CL21/819943415
827945;17-05-2026;11076;LOMA DE LA VACA;TEA02;COSECHA;COSECHA;11:00;23:00;10:30;1:00;33;1000;796625600;FORESTAL MILLALEMU Y CIA.LTDA.;2077829;1;796625600;MILLALEMU Y CIA.LTDA. FORESTAL MILLALEMU;;P0330RRCCAL1;CC;PIRA;626;T014;3,2;3,3;93,274;0;350;42-Descanso/Pausa programada-0.5;30;P;Fresca;18-05-2026 02:03:46;17-05-2026;0;;FORWINCH;;ASERRABLE;CN VINALES;IN2026;SI;FASA Zona Constituci;FASA Zona Constituci;FASA Zona Constituci;FSC 100%-SA-FM/COC-004173;100% CERTIFICADO CERTFOR-CL21/819943415
827980;17-05-2026;10073;QUIRIQUINO;S123;COSECHA;COSECHA;11:00;23:00;7:00;1:00;57;480;796625600;FORESTAL MILLALEMU Y CIA.LTDA.;2078005;1;796625600;MILLALEMU Y CIA.LTDA. FORESTAL MILLALEMU;;P0265PRCCAL1;CC;PIRA;168;N051;2,6;2,65;52,92;0;202;1-Reparacion/Falla equipo de volteo-2|43-Colacion-1|8-Mantencion equipo de madereo-1;240;P;Fresca;17-05-2026 12:23:58;17-05-2026;0;;SKIDDER;;PODADO;CN LOG NVA ALDEA;IN2026;SI;FASA Zona Chillán;FASA Zona Chillán;FASA Zona Chillán;FSC 100%-SA-FM/COC-004173;100% CERTIFICADO CERTFOR-CL21/819943415
827980;17-05-2026;10073;QUIRIQUINO;S123;COSECHA;COSECHA;11:00;23:00;7:00;1:00;57;480;796625600;FORESTAL MILLALEMU Y CIA.LTDA.;2078005;1;796625600;MILLALEMU Y CIA.LTDA. FORESTAL MILLALEMU;;P0265RRCCAL1;CC;PIRA;113;N051;2,6;2,65;35,595;0;158;1-Reparacion/Falla equipo de volteo-2|43-Colacion-1|8-Mantencion equipo de madereo-1;240;P;Fresca;17-05-2026 12:23:58;17-05-2026;0;;SKIDDER;;ASERRABLE;CN LOG NVA ALDEA;IN2026;SI;FASA Zona Chillán;FASA Zona Chillán;FASA Zona Chillán;FSC 100%-SA-FM/COC-004173;100% CERTIFICADO CERTFOR-CL21/819943415
827980;17-05-2026;10073;QUIRIQUINO;S123;COSECHA;COSECHA;11:00;23:00;7:00;1:00;57;480;796625600;FORESTAL MILLALEMU Y CIA.LTDA.;2078005;1;796625600;MILLALEMU Y CIA.LTDA. FORESTAL MILLALEMU;;P0330URCPLVA;CC;PIRA;;N011;3,3;3,3;10,281705;0;36;1-Reparacion/Falla equipo de volteo-2|43-Colacion-1|8-Mantencion equipo de madereo-1;240;P;Manchada;17-05-2026 12:23:58;17-05-2026;0;;SKIDDER;;PULPABLE;PTA NVA ALDEA;IN2026;SI;FASA Zona Chillán;FASA Zona Chillán;FASA Zona Chillán;FSC 100%-SA-FM/COC-004173;100% CERTIFICADO CERTFOR-CL21/819943415
827980;17-05-2026;10073;QUIRIQUINO;S123;COSECHA;COSECHA;11:00;23:00;7:00;1:00;57;480;796625600;FORESTAL MILLALEMU Y CIA.LTDA.;2078005;1;796625600;MILLALEMU Y CIA.LTDA. FORESTAL MILLALEMU;;P0350URCPLLF;CC;PIRA;;N011;3,5;3,5;58,606716;0;239;1-Reparacion/Falla equipo de volteo-2|43-Colacion-1|8-Mantencion equipo de madereo-1;240;P;Fresca;17-05-2026 12:23:58;17-05-2026;0;;SKIDDER;;PULPABLE;PTA NVA ALDEA;IN2026;SI;FASA Zona Chillán;FASA Zona Chillán;FASA Zona Chillán;FSC 100%-SA-FM/COC-004173;100% CERTIFICADO CERTFOR-CL21/819943415
827980;17-05-2026;10073;QUIRIQUINO;S123;COSECHA;COSECHA;11:00;23:00;7:00;1:00;57;480;796625600;FORESTAL MILLALEMU Y CIA.LTDA.;2078005;1;796625600;MILLALEMU Y CIA.LTDA. FORESTAL MILLALEMU;;P0410RRCCAL1;CC;PIRA;860;N051;4;4,1;163,4;0;858;1-Reparacion/Falla equipo de volteo-2|43-Colacion-1|8-Mantencion equipo de madereo-1;240;P;Fresca;17-05-2026 12:23:58;17-05-2026;0;;SKIDDER;;ASERRABLE;CN LOG NVA ALDEA;IN2026;SI;FASA Zona Chillán;FASA Zona Chillán;FASA Zona Chillán;FSC 100%-SA-FM/COC-004173;100% CERTIFICADO CERTFOR-CL21/819943415
828020;18-05-2026;10073;QUIRIQUINO;S123;COSECHA;COSECHA;11:00;23:00;5:00;1:00;30;320;796625600;FORESTAL MILLALEMU Y CIA.LTDA.;2078005;1;796625600;MILLALEMU Y CIA.LTDA. FORESTAL MILLALEMU;;P0244URCPLSD;CC;PIRA;;N011;2,44;2,44;6,384;0;6;2-Reparacion/Falla de equipo de madereo-5|43-Colacion-1;360;P;Fresca;18-05-2026 22:54:09;18-05-2026;0;;SKIDDER;;PULPABLE;PTA NVA ALDEA;IN2026;SI;FASA Zona Chillán;FASA Zona Chillán;FASA Zona Chillán;FSC 100%-SA-FM/COC-004173;100% CERTIFICADO CERTFOR-CL21/819943415
828020;18-05-2026;10073;QUIRIQUINO;S123;COSECHA;COSECHA;11:00;23:00;5:00;1:00;30;320;796625600;FORESTAL MILLALEMU Y CIA.LTDA.;2078005;1;796625600;MILLALEMU Y CIA.LTDA. FORESTAL MILLALEMU;;P0265PRCCAL1;CC;PIRA;63;N051;2,6;2,65;19,845;0;222;2-Reparacion/Falla de equipo de madereo-5|43-Colacion-1;360;P;Fresca;18-05-2026 22:54:09;18-05-2026;0;;SKIDDER;;PODADO;CN LOG NVA ALDEA;IN2026;SI;FASA Zona Chillán;FASA Zona Chillán;FASA Zona Chillán;FSC 100%-SA-FM/COC-004173;100% CERTIFICADO CERTFOR-CL21/819943415
828020;18-05-2026;10073;QUIRIQUINO;S123;COSECHA;COSECHA;11:00;23:00;5:00;1:00;30;320;796625600;FORESTAL MILLALEMU Y CIA.LTDA.;2078005;1;796625600;MILLALEMU Y CIA.LTDA. FORESTAL MILLALEMU;;P0265RRCCAL1;CC;PIRA;27;N051;2,6;2,65;8,505;0;166;2-Reparacion/Falla de equipo de madereo-5|43-Colacion-1;360;P;Fresca;18-05-2026 22:54:09;18-05-2026;0;;SKIDDER;;ASERRABLE;CN LOG NVA ALDEA;IN2026;SI;FASA Zona Chillán;FASA Zona Chillán;FASA Zona Chillán;FSC 100%-SA-FM/COC-004173;100% CERTIFICADO CERTFOR-CL21/819943415
828020;18-05-2026;10073;QUIRIQUINO;S123;COSECHA;COSECHA;11:00;23:00;5:00;1:00;30;320;796625600;FORESTAL MILLALEMU Y CIA.LTDA.;2078005;1;796625600;MILLALEMU Y CIA.LTDA. FORESTAL MILLALEMU;;P0330URCPLVA;CC;PIRA;;N011;3,3;3,3;8,567454;0;44;2-Reparacion/Falla de equipo de madereo-5|43-Colacion-1;360;P;Manchada;18-05-2026 22:54:09;18-05-2026;0;;SKIDDER;;PULPABLE;PTA NVA ALDEA;IN2026;SI;FASA Zona Chillán;FASA Zona Chillán;FASA Zona Chillán;FSC 100%-SA-FM/COC-004173;100% CERTIFICADO CERTFOR-CL21/819943415
828020;18-05-2026;10073;QUIRIQUINO;S123;COSECHA;COSECHA;11:00;23:00;5:00;1:00;30;320;796625600;FORESTAL MILLALEMU Y CIA.LTDA.;2078005;1;796625600;MILLALEMU Y CIA.LTDA. FORESTAL MILLALEMU;;P0350URCPLLF;CC;PIRA;;N011;3,5;3,5;30,90654;0;270;2-Reparacion/Falla de equipo de madereo-5|43-Colacion-1;360;P;Fresca;18-05-2026 22:54:09;18-05-2026;0;;SKIDDER;;PULPABLE;PTA NVA ALDEA;IN2026;SI;FASA Zona Chillán;FASA Zona Chillán;FASA Zona Chillán;FSC 100%-SA-FM/COC-004173;100% CERTIFICADO CERTFOR-CL21/819943415
828020;18-05-2026;10073;QUIRIQUINO;S123;COSECHA;COSECHA;11:00;23:00;5:00;1:00;30;320;796625600;FORESTAL MILLALEMU Y CIA.LTDA.;2078005;1;796625600;MILLALEMU Y CIA.LTDA. FORESTAL MILLALEMU;;P0410RRCCAL1;CC;PIRA;517;N051;4;4,1;98,23;0;956;2-Reparacion/Falla de equipo de madereo-5|43-Colacion-1;360;P;Fresca;18-05-2026 22:54:09;18-05-2026;0;;SKIDDER;;ASERRABLE;CN LOG NVA ALDEA;IN2026;SI;FASA Zona Chillán;FASA Zona Chillán;FASA Zona Chillán;FSC 100%-SA-FM/COC-004173;100% CERTIFICADO CERTFOR-CL21/819943415
828024;18-05-2026;12191;CE-27 ESPINALILLO YBAR;MG5;COSECHA;COSECHA;11:00;23:00;11:00;1:00;98;1578;796625600;FORESTAL MILLALEMU Y CIA.LTDA.;2078008;1;796625600;MILLALEMU Y CIA.LTDA. FORESTAL MILLALEMU;;P0244URC18-38;CC;PIRA;;T010;2,44;2,44;2,5536;0;45;;0;P;Fresca;18-05-2026 23:24:26;18-05-2026;0;;GRAPPLE;;PULPABLE;CP CONSTITUCION;VE2026;SI;FASA Zona Constituci;FASA Zona Constituci;FASA Zona Constituci;FSC 100%-SA-FM/COC-004173;100% CERTIFICADO CERTFOR-CL21/819943415
828024;18-05-2026;12191;CE-27 ESPINALILLO YBAR;MG5;COSECHA;COSECHA;11:00;23:00;11:00;1:00;98;1578;796625600;FORESTAL MILLALEMU Y CIA.LTDA.;2078008;1;796625600;MILLALEMU Y CIA.LTDA. FORESTAL MILLALEMU;;P0244URC8-16;CC;PIRA;;T010;2,44;2,44;126,7224;0;350;;0;P;Fresca;18-05-2026 23:24:26;18-05-2026;0;;GRAPPLE;;PULPABLE;CP CONSTITUCION;VE2026;SI;FASA Zona Constituci;FASA Zona Constituci;FASA Zona Constituci;FSC 100%-SA-FM/COC-004173;100% CERTIFICADO CERTFOR-CL21/819943415
828024;18-05-2026;12191;CE-27 ESPINALILLO YBAR;MG5;COSECHA;COSECHA;11:00;23:00;11:00;1:00;98;1578;796625600;FORESTAL MILLALEMU Y CIA.LTDA.;2078008;1;796625600;MILLALEMU Y CIA.LTDA. FORESTAL MILLALEMU;;P0330RRCCAL1;CC;PIRA;1229;T014;3,2;3,3;183,121;0;100;;0;P;Fresca;18-05-2026 23:24:26;18-05-2026;0;;GRAPPLE;;ASERRABLE;CN VINALES;VE2026;SI;FASA Zona Constituci;FASA Zona Constituci;FASA Zona Constituci;FSC 100%-SA-FM/COC-004173;100% CERTIFICADO CERTFOR-CL21/819943415
828032;18-05-2026;10608;POLHUIN;T125;COSECHA;COSECHA;11:00;23:00;2:00;1:00;15;620;796625600;FORESTAL MILLALEMU Y CIA.LTDA.;2076033;1;796625600;MILLALEMU Y CIA.LTDA. FORESTAL MILLALEMU;;E0244UGCPLLF;CC;EUGL;;N011;2,44;2,44;16,7888;0;126;3- Reparacion/Falla de carro de madereo-9;540;P;Fresca;19-05-2026 00:04:38;18-05-2026;0;;TORRE500;;PULPABLE;PTA NVA ALDEA;VE2026;SI;FASA Zona Constituci;FASA Zona Constituci;FASA Zona Constituci;FSC 100%-SA-FM/COC-004173;100% CERTIFICADO CERTFOR-CL21/819943415
828032;18-05-2026;10608;POLHUIN;T125;COSECHA;COSECHA;11:00;23:00;2:00;1:00;15;620;796625600;FORESTAL MILLALEMU Y CIA.LTDA.;2076033;1;796625600;MILLALEMU Y CIA.LTDA. FORESTAL MILLALEMU;;E0550UGCPLLF;CC;EUGL;;N011;5,5;5,5;18,10108;0;6120;3- Reparacion/Falla de carro de madereo-9;540;P;Fresca;19-05-2026 00:04:38;18-05-2026;0;;TORRE500;;PULPABLE;PTA NVA ALDEA;VE2026;SI;FASA Zona Constituci;FASA Zona Constituci;FASA Zona Constituci;FSC 100%-SA-FM/COC-004173;100% CERTIFICADO CERTFOR-CL21/819943415
828053;18-05-2026;40539;LAS MERCEDES C13;S246;COSECHA;COSECHA;11:00;23:00;10:00;1:00;48;800;796625600;FORESTAL MILLALEMU Y CIA.LTDA.;2077921;1;796625600;MILLALEMU Y CIA.LTDA. FORESTAL MILLALEMU;;P0350URCPLLF;CC;PIRA;;N011;3,5;3,5;111,605;0;610;4-Reparacion/Falla equipo de Trozado-0.5;60;P;Fresca;19-05-2026 00:50:32;18-05-2026;0;;SKIDDER;;PULPABLE;PTA NVA ALDEA;IN2026;SI;FASA Zona Chillán;FASA Zona Chillán;FASA Zona Chillán;FSC 100%-SA-FM/COC-004173;100% CERTIFICADO CERTFOR-CL21/819943415
828053;18-05-2026;40539;LAS MERCEDES C13;S246;COSECHA;COSECHA;11:00;23:00;10:00;1:00;48;800;796625600;FORESTAL MILLALEMU Y CIA.LTDA.;2077921;1;796625600;MILLALEMU Y CIA.LTDA. FORESTAL MILLALEMU;;P0410RRCCAL1;CC;PIRA;195;N051;4;4,1;37,05;0;170;4-Reparacion/Falla equipo de Trozado-0.5;60;P;Fresca;19-05-2026 00:50:32;18-05-2026;0;;SKIDDER;;ASERRABLE;CN LOG NVA ALDEA;IN2026;SI;FASA Zona Chillán;FASA Zona Chillán;FASA Zona Chillán;FSC 100%-SA-FM/COC-004173;100% CERTIFICADO CERTFOR-CL21/819943415
828065;18-05-2026;11076;LOMA DE LA VACA;TEA02;COSECHA;COSECHA;11:00;23:00;10:30;1:00;23;900;796625600;FORESTAL MILLALEMU Y CIA.LTDA.;2077829;1;796625600;MILLALEMU Y CIA.LTDA. FORESTAL MILLALEMU;;P0244URCPLLF;CC;PIRA;;T010;2,44;2,44;161,196;0;400;42-Descanso/Pausa programada-0.5;30;P;Fresca;19-05-2026 01:12:01;18-05-2026;0;;FORWINCH;;PULPABLE;CP CONSTITUCION;IN2026;SI;FASA Zona Constituci;FASA Zona Constituci;FASA Zona Constituci;FSC 100%-SA-FM/COC-004173;100% CERTIFICADO CERTFOR-CL21/819943415
828065;18-05-2026;11076;LOMA DE LA VACA;TEA02;COSECHA;COSECHA;11:00;23:00;10:30;1:00;23;900;796625600;FORESTAL MILLALEMU Y CIA.LTDA.;2077829;1;796625600;MILLALEMU Y CIA.LTDA. FORESTAL MILLALEMU;;P0330RRCCAL1;CC;PIRA;540;T014;3,2;3,3;80,46;0;400;42-Descanso/Pausa programada-0.5;30;P;Fresca;19-05-2026 01:12:01;18-05-2026;0;;FORWINCH;;ASERRABLE;CN VINALES;IN2026;SI;FASA Zona Constituci;FASA Zona Constituci;FASA Zona Constituci;FSC 100%-SA-FM/COC-004173;100% CERTIFICADO CERTFOR-CL21/819943415
828081;18-05-2026;11734;COIHUECO Y OTROS (BB);TEA08;COSECHA;COSECHA;11:00;23:00;8:00;1:00;58;308;796625600;FORESTAL MILLALEMU Y CIA.LTDA.;2076233;1;796625600;MILLALEMU Y CIA.LTDA. FORESTAL MILLALEMU;;P0265LRCCAL1;CC;PIRA;50;N051;2,6;2,65;16,6;0;125;22-Falta/abstecimiento de combustible equipo de proce-1|4-Reparacion/Falla equipo de Trozado-2;180;P;Quemada;19-05-2026 01:32:36;18-05-2026;0;;FORWINCH;;PODADO;CN LOG NVA ALDEA;VE2026;SI;FASA Zona Chillán;FASA Zona Chillán;FASA Zona Chillán;FSC 100%-SA-FM/COC-004173;100% CERTIFICADO CERTFOR-CL21/819943415
828081;18-05-2026;11734;COIHUECO Y OTROS (BB);TEA08;COSECHA;COSECHA;11:00;23:00;8:00;1:00;58;308;796625600;FORESTAL MILLALEMU Y CIA.LTDA.;2076233;1;796625600;MILLALEMU Y CIA.LTDA. FORESTAL MILLALEMU;;P0265MRCCAL1;CC;PIRA;226;N051;2,6;2,65;83,168;0;303;22-Falta/abstecimiento de combustible equipo de proce-1|4-Reparacion/Falla equipo de Trozado-2;180;P;Quemada;19-05-2026 01:32:36;18-05-2026;0;;FORWINCH;;ASERRABLE;CN LOG NVA ALDEA;VE2026;SI;FASA Zona Chillán;FASA Zona Chillán;FASA Zona Chillán;FSC 100%-SA-FM/COC-004173;100% CERTIFICADO CERTFOR-CL21/819943415
828081;18-05-2026;11734;COIHUECO Y OTROS (BB);TEA08;COSECHA;COSECHA;11:00;23:00;8:00;1:00;58;308;796625600;FORESTAL MILLALEMU Y CIA.LTDA.;2076233;1;796625600;MILLALEMU Y CIA.LTDA. FORESTAL MILLALEMU;;P0400NRCPLLF;CC;PIRA;;N014;4;4;78,41526;0;148;22-Falta/abstecimiento de combustible equipo de proce-1|4-Reparacion/Falla equipo de Trozado-2;180;P;Quemada;19-05-2026 01:32:36;18-05-2026;0;;FORWINCH;;PULPABLE;CP TRUPAN;VE2026;SI;FASA Zona Chillán;FASA Zona Chillán;FASA Zona Chillán;FSC 100%-SA-FM/COC-004173;100% CERTIFICADO CERTFOR-CL21/819943415
828081;18-05-2026;11734;COIHUECO Y OTROS (BB);TEA08;COSECHA;COSECHA;11:00;23:00;8:00;1:00;58;308;796625600;FORESTAL MILLALEMU Y CIA.LTDA.;2076233;1;796625600;MILLALEMU Y CIA.LTDA. FORESTAL MILLALEMU;;P0410MRCCAL1;CC;PIRA;539;N051;4;4,1;102,41;0;360;22-Falta/abstecimiento de combustible equipo de proce-1|4-Reparacion/Falla equipo de Trozado-2;180;P;Quemada;19-05-2026 01:32:36;18-05-2026;0;;FORWINCH;;ASERRABLE;CN LOG NVA ALDEA;VE2026;SI;FASA Zona Chillán;FASA Zona Chillán;FASA Zona Chillán;FSC 100%-SA-FM/COC-004173;100% CERTIFICADO CERTFOR-CL21/819943415
828097;18-05-2026;11734;COIHUECO Y OTROS (BB);S58;COSECHA;COSECHA;11:00;21:00;7:00;1:00;25;260;796625600;FORESTAL MILLALEMU Y CIA.LTDA.;2077008;1;796625600;MILLALEMU Y CIA.LTDA. FORESTAL MILLALEMU;;P0265LRCCAL1;CC;PIRA;8;N051;2,6;2,65;2,784;0;190;41-Detencion por visitas-2;120;P;Quemada;19-05-2026 01:53:01;18-05-2026;0;;SKIDDER;;PODADO;CN LOG NVA ALDEA;VE2026;SI;FASA Zona Chillán;FASA Zona Chillán;FASA Zona Chillán;FSC 100%-SA-FM/COC-004173;100% CERTIFICADO CERTFOR-CL21/819943415
828097;18-05-2026;11734;COIHUECO Y OTROS (BB);S58;COSECHA;COSECHA;11:00;21:00;7:00;1:00;25;260;796625600;FORESTAL MILLALEMU Y CIA.LTDA.;2077008;1;796625600;MILLALEMU Y CIA.LTDA. FORESTAL MILLALEMU;;P0265MRCCAL1;CC;PIRA;18;N051;2,6;2,65;5,85;0;428;41-Detencion por visitas-2;120;P;Quemada;19-05-2026 01:53:01;18-05-2026;0;;SKIDDER;;ASERRABLE;CN LOG NVA ALDEA;VE2026;SI;FASA Zona Chillán;FASA Zona Chillán;FASA Zona Chillán;FSC 100%-SA-FM/COC-004173;100% CERTIFICADO CERTFOR-CL21/819943415
828097;18-05-2026;11734;COIHUECO Y OTROS (BB);S58;COSECHA;COSECHA;11:00;21:00;7:00;1:00;25;260;796625600;FORESTAL MILLALEMU Y CIA.LTDA.;2077008;1;796625600;MILLALEMU Y CIA.LTDA. FORESTAL MILLALEMU;;P0265RRCCAL1;CC;PIRA;15;N051;2,6;2,65;4,875;0;22;41-Detencion por visitas-2;120;P;Fresca;19-05-2026 01:53:01;18-05-2026;0;;SKIDDER;;ASERRABLE;CN LOG NVA ALDEA;VE2026;SI;FASA Zona Chillán;FASA Zona Chillán;FASA Zona Chillán;FSC 100%-SA-FM/COC-004173;100% CERTIFICADO CERTFOR-CL21/819943415
828097;18-05-2026;11734;COIHUECO Y OTROS (BB);S58;COSECHA;COSECHA;11:00;21:00;7:00;1:00;25;260;796625600;FORESTAL MILLALEMU Y CIA.LTDA.;2077008;1;796625600;MILLALEMU Y CIA.LTDA. FORESTAL MILLALEMU;;P0350URCPLLF;CC;PIRA;;N011;3,5;3,5;27,472;0;62;41-Detencion por visitas-2;120;P;Fresca;19-05-2026 01:53:01;18-05-2026;0;;SKIDDER;;PULPABLE;PTA NVA ALDEA;VE2026;SI;FASA Zona Chillán;FASA Zona Chillán;FASA Zona Chillán;FSC 100%-SA-FM/COC-004173;100% CERTIFICADO CERTFOR-CL21/819943415
828097;18-05-2026;11734;COIHUECO Y OTROS (BB);S58;COSECHA;COSECHA;11:00;21:00;7:00;1:00;25;260;796625600;FORESTAL MILLALEMU Y CIA.LTDA.;2077008;1;796625600;MILLALEMU Y CIA.LTDA. FORESTAL MILLALEMU;;P0400NRCPLLF;CC;PIRA;;N014;4;4;9,815;0;636;41-Detencion por visitas-2;120;P;Manchada;19-05-2026 01:53:01;18-05-2026;0;;SKIDDER;;PULPABLE;CP TRUPAN;VE2026;SI;FASA Zona Chillán;FASA Zona Chillán;FASA Zona Chillán;FSC 100%-SA-FM/COC-004173;100% CERTIFICADO CERTFOR-CL21/819943415
828097;18-05-2026;11734;COIHUECO Y OTROS (BB);S58;COSECHA;COSECHA;11:00;21:00;7:00;1:00;25;260;796625600;FORESTAL MILLALEMU Y CIA.LTDA.;2077008;1;796625600;MILLALEMU Y CIA.LTDA. FORESTAL MILLALEMU;;P0410MRCCAL1;CC;PIRA;70;N051;4;4,1;13,3;0;201;41-Detencion por visitas-2;120;P;Quemada;19-05-2026 01:53:01;18-05-2026;0;;SKIDDER;;ASERRABLE;CN LOG NVA ALDEA;VE2026;SI;FASA Zona Chillán;FASA Zona Chillán;FASA Zona Chillán;FSC 100%-SA-FM/COC-004173;100% CERTIFICADO CERTFOR-CL21/819943415
828097;18-05-2026;11734;COIHUECO Y OTROS (BB);S58;COSECHA;COSECHA;11:00;21:00;7:00;1:00;25;260;796625600;FORESTAL MILLALEMU Y CIA.LTDA.;2077008;1;796625600;MILLALEMU Y CIA.LTDA. FORESTAL MILLALEMU;;P0410RRCCAL1;CC;PIRA;236;N051;4;4,1;44,84;0;85;41-Detencion por visitas-2;120;P;Fresca;19-05-2026 01:53:01;18-05-2026;0;;SKIDDER;;ASERRABLE;CN LOG NVA ALDEA;VE2026;SI;FASA Zona Chillán;FASA Zona Chillán;FASA Zona Chillán;FSC 100%-SA-FM/COC-004173;100% CERTIFICADO CERTFOR-CL21/819943415
828100;18-05-2026;11734;COIHUECO Y OTROS (BB);S58;COSECHA;COSECHA;21:00;23:00;2:00;0:00;11;100;796625600;FORESTAL MILLALEMU Y CIA.LTDA.;2077008;1;796625600;MILLALEMU Y CIA.LTDA. FORESTAL MILLALEMU;;P0400NRCPLLF;CC;PIRA;;N014;4;4;29,139555;0;703;;0;P;Quemada 2;19-05-2026 01:59:43;18-05-2026;0;;SKIDDER;;PULPABLE;CP TRUPAN;VE2026;SI;FASA Zona Chillán;FASA Zona Chillán;FASA Zona Chillán;FSC 100%-SA-FM/COC-004173;100% CERTIFICADO CERTFOR-CL21/819943415
828114;18-05-2026;11748;LAS ULLOAS (BB);S223;COSECHA;COSECHA;11:00;23:00;9:00;1:00;36;253;796625600;FORESTAL MILLALEMU Y CIA.LTDA.;2076547;1;796625600;MILLALEMU Y CIA.LTDA. FORESTAL MILLALEMU;;P0265LRCCAL1;CC;PIRA;45;N051;2,6;2,65;14,985;0;95;1-Reparacion/Falla equipo de volteo-2;120;P;Quemada;19-05-2026 02:23:48;18-05-2026;0;;SKIDDER;;PODADO;CN LOG NVA ALDEA;VE2026;SI;FASA Zona Chillán;FASA Zona Chillán;FASA Zona Chillán;FSC 100%-SA-FM/COC-004173;100% CERTIFICADO CERTFOR-CL21/819943415
828114;18-05-2026;11748;LAS ULLOAS (BB);S223;COSECHA;COSECHA;11:00;23:00;9:00;1:00;36;253;796625600;FORESTAL MILLALEMU Y CIA.LTDA.;2076547;1;796625600;MILLALEMU Y CIA.LTDA. FORESTAL MILLALEMU;;P0265MRCCAL1;CC;PIRA;164;N051;2,6;2,65;53,136;0;375;1-Reparacion/Falla equipo de volteo-2;120;P;Quemada;19-05-2026 02:23:48;18-05-2026;0;;SKIDDER;;ASERRABLE;CN LOG NVA ALDEA;VE2026;SI;FASA Zona Chillán;FASA Zona Chillán;FASA Zona Chillán;FSC 100%-SA-FM/COC-004173;100% CERTIFICADO CERTFOR-CL21/819943415
828114;18-05-2026;11748;LAS ULLOAS (BB);S223;COSECHA;COSECHA;11:00;23:00;9:00;1:00;36;253;796625600;FORESTAL MILLALEMU Y CIA.LTDA.;2076547;1;796625600;MILLALEMU Y CIA.LTDA. FORESTAL MILLALEMU;;P0300NRCPLVA;CC;PIRA;;N048;3;3;31,15553;0;810;1-Reparacion/Falla equipo de volteo-2;120;P;Quemada 2;19-05-2026 02:23:48;18-05-2026;0;;SKIDDER;;PULPABLE;CN RANQUIL;VE2026;SI;FASA Zona Chillán;FASA Zona Chillán;FASA Zona Chillán;FSC 100%-SA-FM/COC-004173;100% CERTIFICADO CERTFOR-CL21/819943415
828114;18-05-2026;11748;LAS ULLOAS (BB);S223;COSECHA;COSECHA;11:00;23:00;9:00;1:00;36;253;796625600;FORESTAL MILLALEMU Y CIA.LTDA.;2076547;1;796625600;MILLALEMU Y CIA.LTDA. FORESTAL MILLALEMU;;P0410MRCCAL1;CC;PIRA;450;N051;4;4,1;104,4;0;190;1-Reparacion/Falla equipo de volteo-2;120;P;Quemada;19-05-2026 02:23:48;18-05-2026;0;;SKIDDER;;ASERRABLE;CN LOG NVA ALDEA;VE2026;SI;FASA Zona Chillán;FASA Zona Chillán;FASA Zona Chillán;FSC 100%-SA-FM/COC-004173;100% CERTIFICADO CERTFOR-CL21/819943415
828152;19-05-2026;11734;COIHUECO Y OTROS (BB);S58;COSECHA;COSECHA;11:00;19:00;2:00;1:00;21;300;796625600;FORESTAL MILLALEMU Y CIA.LTDA.;2077008;1;796625600;MILLALEMU Y CIA.LTDA. FORESTAL MILLALEMU;;P0244NRCPLSD;CC;PIRA;0;N048;2,44;2,44;4,6284;0;79;13-Traslados dentro del predio (cancha, sector)-5;300;P;Quemada;19-05-2026 21:52:17;;0;;SKIDDER;;PULPABLE;CN RANQUIL;VE2026;SI;FASA Zona Chillán;FASA Zona Chillán;FASA Zona Chillán;FSC 100%-SA-FM/COC-004173;100% CERTIFICADO CERTFOR-CL21/819943415
828152;19-05-2026;11734;COIHUECO Y OTROS (BB);S58;COSECHA;COSECHA;11:00;19:00;2:00;1:00;21;300;796625600;FORESTAL MILLALEMU Y CIA.LTDA.;2077008;1;796625600;MILLALEMU Y CIA.LTDA. FORESTAL MILLALEMU;;P0265LRCCAL1;CC;PIRA;9;N051;2,6;2,65;3,132;0;195;13-Traslados dentro del predio (cancha, sector)-5;300;P;Quemada;19-05-2026 21:52:17;19-05-2026;0;;SKIDDER;;PODADO;CN LOG NVA ALDEA;VE2026;SI;FASA Zona Chillán;FASA Zona Chillán;FASA Zona Chillán;FSC 100%-SA-FM/COC-004173;100% CERTIFICADO CERTFOR-CL21/819943415
828152;19-05-2026;11734;COIHUECO Y OTROS (BB);S58;COSECHA;COSECHA;11:00;19:00;2:00;1:00;21;300;796625600;FORESTAL MILLALEMU Y CIA.LTDA.;2077008;1;796625600;MILLALEMU Y CIA.LTDA. FORESTAL MILLALEMU;;P0265MRCCAL1;CC;PIRA;13;N051;2,6;2,65;4,225;0;428;13-Traslados dentro del predio (cancha, sector)-5;300;P;Quemada;19-05-2026 21:52:17;19-05-2026;0;;SKIDDER;;ASERRABLE;CN LOG NVA ALDEA;VE2026;SI;FASA Zona Chillán;FASA Zona Chillán;FASA Zona Chillán;FSC 100%-SA-FM/COC-004173;100% CERTIFICADO CERTFOR-CL21/819943415
828152;19-05-2026;11734;COIHUECO Y OTROS (BB);S58;COSECHA;COSECHA;11:00;19:00;2:00;1:00;21;300;796625600;FORESTAL MILLALEMU Y CIA.LTDA.;2077008;1;796625600;MILLALEMU Y CIA.LTDA. FORESTAL MILLALEMU;;P0265RRCCAL1;CC;PIRA;2;N051;2,6;2,65;0,65;0;23;13-Traslados dentro del predio (cancha, sector)-5;300;P;Fresca;19-05-2026 21:52:17;19-05-2026;0;;SKIDDER;;ASERRABLE;CN LOG NVA ALDEA;VE2026;SI;FASA Zona Chillán;FASA Zona Chillán;FASA Zona Chillán;FSC 100%-SA-FM/COC-004173;100% CERTIFICADO CERTFOR-CL21/819943415
828152;19-05-2026;11734;COIHUECO Y OTROS (BB);S58;COSECHA;COSECHA;11:00;19:00;2:00;1:00;21;300;796625600;FORESTAL MILLALEMU Y CIA.LTDA.;2077008;1;796625600;MILLALEMU Y CIA.LTDA. FORESTAL MILLALEMU;;P0300NRCPLVA;CC;PIRA;;N048;3;3;6,666954;0;7;13-Traslados dentro del predio (cancha, sector)-5;300;P;Quemada;19-05-2026 21:52:17;19-05-2026;0;;SKIDDER;;PULPABLE;CN RANQUIL;VE2026;SI;FASA Zona Chillán;FASA Zona Chillán;FASA Zona Chillán;FSC 100%-SA-FM/COC-004173;100% CERTIFICADO CERTFOR-CL21/819943415
828152;19-05-2026;11734;COIHUECO Y OTROS (BB);S58;COSECHA;COSECHA;11:00;19:00;2:00;1:00;21;300;796625600;FORESTAL MILLALEMU Y CIA.LTDA.;2077008;1;796625600;MILLALEMU Y CIA.LTDA. FORESTAL MILLALEMU;;P0350URCPLLF;CC;PIRA;;N011;3,5;3,5;11,789652;0;42;13-Traslados dentro del predio (cancha, sector)-5;300;P;Fresca;19-05-2026 21:52:17;19-05-2026;0;;SKIDDER;;PULPABLE;PTA NVA ALDEA;VE2026;SI;FASA Zona Chillán;FASA Zona Chillán;FASA Zona Chillán;FSC 100%-SA-FM/COC-004173;100% CERTIFICADO CERTFOR-CL21/819943415
828152;19-05-2026;11734;COIHUECO Y OTROS (BB);S58;COSECHA;COSECHA;11:00;19:00;2:00;1:00;21;300;796625600;FORESTAL MILLALEMU Y CIA.LTDA.;2077008;1;796625600;MILLALEMU Y CIA.LTDA. FORESTAL MILLALEMU;;P0400NRCPLLF;CC;PIRA;;N014;4;4;15,43;0;718;13-Traslados dentro del predio (cancha, sector)-5;300;P;Quemada 2;19-05-2026 21:52:17;19-05-2026;0;;SKIDDER;;PULPABLE;CP TRUPAN;VE2026;SI;FASA Zona Chillán;FASA Zona Chillán;FASA Zona Chillán;FSC 100%-SA-FM/COC-004173;100% CERTIFICADO CERTFOR-CL21/819943415
828152;19-05-2026;11734;COIHUECO Y OTROS (BB);S58;COSECHA;COSECHA;11:00;19:00;2:00;1:00;21;300;796625600;FORESTAL MILLALEMU Y CIA.LTDA.;2077008;1;796625600;MILLALEMU Y CIA.LTDA. FORESTAL MILLALEMU;;P0410MRCCAL1;CC;PIRA;23;N051;4;4,1;4,37;0;206;13-Traslados dentro del predio (cancha, sector)-5;300;P;Quemada;19-05-2026 21:52:17;19-05-2026;0;;SKIDDER;;ASERRABLE;CN LOG NVA ALDEA;VE2026;SI;FASA Zona Chillán;FASA Zona Chillán;FASA Zona Chillán;FSC 100%-SA-FM/COC-004173;100% CERTIFICADO CERTFOR-CL21/819943415
828152;19-05-2026;11734;COIHUECO Y OTROS (BB);S58;COSECHA;COSECHA;11:00;19:00;2:00;1:00;21;300;796625600;FORESTAL MILLALEMU Y CIA.LTDA.;2077008;1;796625600;MILLALEMU Y CIA.LTDA. FORESTAL MILLALEMU;;P0410RRCCAL1;CC;PIRA;65;N051;4;4,1;12,35;0;98;13-Traslados dentro del predio (cancha, sector)-5;300;P;Fresca;19-05-2026 21:52:17;19-05-2026;0;;SKIDDER;;ASERRABLE;CN LOG NVA ALDEA;VE2026;SI;FASA Zona Chillán;FASA Zona Chillán;FASA Zona Chillán;FSC 100%-SA-FM/COC-004173;100% CERTIFICADO CERTFOR-CL21/819943415
828153;19-05-2026;11748;LAS ULLOAS (BB);S223;COSECHA;COSECHA;11:00;23:00;6:00;1:00;23;143;796625600;FORESTAL MILLALEMU Y CIA.LTDA.;2076547;1;796625600;MILLALEMU Y CIA.LTDA. FORESTAL MILLALEMU;;P0265LRCCAL1;CC;PIRA;18;N051;2,6;2,65;5,994;0;101;4-Reparacion/Falla equipo de Trozado-5;300;P;Quemada;19-05-2026 21:54:17;19-05-2026;0;;SKIDDER;;PODADO;CN LOG NVA ALDEA;VE2026;SI;FASA Zona Chillán;FASA Zona Chillán;FASA Zona Chillán;FSC 100%-SA-FM/COC-004173;100% CERTIFICADO CERTFOR-CL21/819943415
828153;19-05-2026;11748;LAS ULLOAS (BB);S223;COSECHA;COSECHA;11:00;23:00;6:00;1:00;23;143;796625600;FORESTAL MILLALEMU Y CIA.LTDA.;2076547;1;796625600;MILLALEMU Y CIA.LTDA. FORESTAL MILLALEMU;;P0265MRCCAL1;CC;PIRA;81;N051;2,6;2,65;26,001;0;401;4-Reparacion/Falla equipo de Trozado-5;300;P;Quemada;19-05-2026 21:54:17;19-05-2026;0;;SKIDDER;;ASERRABLE;CN LOG NVA ALDEA;VE2026;SI;FASA Zona Chillán;FASA Zona Chillán;FASA Zona Chillán;FSC 100%-SA-FM/COC-004173;100% CERTIFICADO CERTFOR-CL21/819943415
828153;19-05-2026;11748;LAS ULLOAS (BB);S223;COSECHA;COSECHA;11:00;23:00;6:00;1:00;23;143;796625600;FORESTAL MILLALEMU Y CIA.LTDA.;2076547;1;796625600;MILLALEMU Y CIA.LTDA. FORESTAL MILLALEMU;;P0300NRCPLVA;CC;PIRA;;N048;3;3;31,15553;0;840;4-Reparacion/Falla equipo de Trozado-5;300;P;Quemada;19-05-2026 21:54:17;19-05-2026;0;;SKIDDER;;PULPABLE;CN RANQUIL;VE2026;SI;FASA Zona Chillán;FASA Zona Chillán;FASA Zona Chillán;FSC 100%-SA-FM/COC-004173;100% CERTIFICADO CERTFOR-CL21/819943415
828153;19-05-2026;11748;LAS ULLOAS (BB);S223;COSECHA;COSECHA;11:00;23:00;6:00;1:00;23;143;796625600;FORESTAL MILLALEMU Y CIA.LTDA.;2076547;1;796625600;MILLALEMU Y CIA.LTDA. FORESTAL MILLALEMU;;P0410MRCCAL1;CC;PIRA;225;N051;4;4,1;51,75;0;240;4-Reparacion/Falla equipo de Trozado-5;300;P;Manchada;19-05-2026 21:54:17;19-05-2026;0;;SKIDDER;;ASERRABLE;CN LOG NVA ALDEA;VE2026;SI;FASA Zona Chillán;FASA Zona Chillán;FASA Zona Chillán;FSC 100%-SA-FM/COC-004173;100% CERTIFICADO CERTFOR-CL21/819943415
828161;19-05-2026;12191;CE-27 ESPINALILLO YBAR;MG5;COSECHA;COSECHA;11:00;23:00;11:00;1:00;162;2765;796625600;FORESTAL MILLALEMU Y CIA.LTDA.;2078008;1;796625600;MILLALEMU Y CIA.LTDA. FORESTAL MILLALEMU;;P0244URC18-38;CC;PIRA;;T010;2,44;2,44;15,042;0;45;;0;P;Fresca;19-05-2026 23:19:46;19-05-2026;0;;GRAPPLE;;PULPABLE;CP CONSTITUCION;VE2026;SI;FASA Zona Constituci;FASA Zona Constituci;FASA Zona Constituci;FSC 100%-SA-FM/COC-004173;100% CERTIFICADO CERTFOR-CL21/819943415
828161;19-05-2026;12191;CE-27 ESPINALILLO YBAR;MG5;COSECHA;COSECHA;11:00;23:00;11:00;1:00;162;2765;796625600;FORESTAL MILLALEMU Y CIA.LTDA.;2078008;1;796625600;MILLALEMU Y CIA.LTDA. FORESTAL MILLALEMU;;P0244URC8-16;CC;PIRA;;T010;2,44;2,44;213,281;0;300;;0;P;Fresca;19-05-2026 23:19:46;19-05-2026;0;;GRAPPLE;;PULPABLE;CP CONSTITUCION;VE2026;SI;FASA Zona Constituci;FASA Zona Constituci;FASA Zona Constituci;FSC 100%-SA-FM/COC-004173;100% CERTIFICADO CERTFOR-CL21/819943415
828161;19-05-2026;12191;CE-27 ESPINALILLO YBAR;MG5;COSECHA;COSECHA;11:00;23:00;11:00;1:00;162;2765;796625600;FORESTAL MILLALEMU Y CIA.LTDA.;2078008;1;796625600;MILLALEMU Y CIA.LTDA. FORESTAL MILLALEMU;;P0330RRCCAL1;CC;PIRA;864;T014;3,2;3,3;128,736;0;30;;0;P;Fresca;19-05-2026 23:19:46;19-05-2026;0;;GRAPPLE;;ASERRABLE;CN VINALES;VE2026;SI;FASA Zona Constituci;FASA Zona Constituci;FASA Zona Constituci;FSC 100%-SA-FM/COC-004173;100% CERTIFICADO CERTFOR-CL21/819943415
828165;19-05-2026;10073;QUIRIQUINO;S123;COSECHA;COSECHA;11:00;23:00;6:00;1:00;44;480;796625600;FORESTAL MILLALEMU Y CIA.LTDA.;2078005;1;796625600;MILLALEMU Y CIA.LTDA. FORESTAL MILLALEMU;;P0244URCPLSD;CC;PIRA;0;N011;2,44;2,44;0;0;6;17-Falta de trozado-4|43-Colacion-1;300;P;Fresca;19-05-2026 23:39:32;19-05-2026;0;;SKIDDER;;PULPABLE;PTA NVA ALDEA;IN2026;SI;FASA Zona Chillán;FASA Zona Chillán;FASA Zona Chillán;FSC 100%-SA-FM/COC-004173;100% CERTIFICADO CERTFOR-CL21/819943415
828165;19-05-2026;10073;QUIRIQUINO;S123;COSECHA;COSECHA;11:00;23:00;6:00;1:00;44;480;796625600;FORESTAL MILLALEMU Y CIA.LTDA.;2078005;1;796625600;MILLALEMU Y CIA.LTDA. FORESTAL MILLALEMU;;P0265PRCCAL1;CC;PIRA;77;N051;2,6;2,65;24,255;0;246;17-Falta de trozado-4|43-Colacion-1;300;P;Fresca;19-05-2026 23:39:32;19-05-2026;0;;SKIDDER;;PODADO;CN LOG NVA ALDEA;IN2026;SI;FASA Zona Chillán;FASA Zona Chillán;FASA Zona Chillán;FSC 100%-SA-FM/COC-004173;100% CERTIFICADO CERTFOR-CL21/819943415
828165;19-05-2026;10073;QUIRIQUINO;S123;COSECHA;COSECHA;11:00;23:00;6:00;1:00;44;480;796625600;FORESTAL MILLALEMU Y CIA.LTDA.;2078005;1;796625600;MILLALEMU Y CIA.LTDA. FORESTAL MILLALEMU;;P0265RRCCAL1;CC;PIRA;73;N051;2,6;2,65;22,995;0;189;17-Falta de trozado-4|43-Colacion-1;300;P;Fresca;19-05-2026 23:39:32;19-05-2026;0;;SKIDDER;;ASERRABLE;CN LOG NVA ALDEA;IN2026;SI;FASA Zona Chillán;FASA Zona Chillán;FASA Zona Chillán;FSC 100%-SA-FM/COC-004173;100% CERTIFICADO CERTFOR-CL21/819943415
828165;19-05-2026;10073;QUIRIQUINO;S123;COSECHA;COSECHA;11:00;23:00;6:00;1:00;44;480;796625600;FORESTAL MILLALEMU Y CIA.LTDA.;2078005;1;796625600;MILLALEMU Y CIA.LTDA. FORESTAL MILLALEMU;;P0330URCPLVA;CC;PIRA;;N011;3,3;3,3;10,281705;0;54;17-Falta de trozado-4|43-Colacion-1;300;P;Manchada;19-05-2026 23:39:32;19-05-2026;0;;SKIDDER;;PULPABLE;PTA NVA ALDEA;IN2026;SI;FASA Zona Chillán;FASA Zona Chillán;FASA Zona Chillán;FSC 100%-SA-FM/COC-004173;100% CERTIFICADO CERTFOR-CL21/819943415
828165;19-05-2026;10073;QUIRIQUINO;S123;COSECHA;COSECHA;11:00;23:00;6:00;1:00;44;480;796625600;FORESTAL MILLALEMU Y CIA.LTDA.;2078005;1;796625600;MILLALEMU Y CIA.LTDA. FORESTAL MILLALEMU;;P0350URCPLLF;CC;PIRA;;N011;3,5;3,5;48,076308;0;318;17-Falta de trozado-4|43-Colacion-1;300;P;Fresca;19-05-2026 23:39:32;19-05-2026;0;;SKIDDER;;PULPABLE;PTA NVA ALDEA;IN2026;SI;FASA Zona Chillán;FASA Zona Chillán;FASA Zona Chillán;FSC 100%-SA-FM/COC-004173;100% CERTIFICADO CERTFOR-CL21/819943415
828165;19-05-2026;10073;QUIRIQUINO;S123;COSECHA;COSECHA;11:00;23:00;6:00;1:00;44;480;796625600;FORESTAL MILLALEMU Y CIA.LTDA.;2078005;1;796625600;MILLALEMU Y CIA.LTDA. FORESTAL MILLALEMU;;P0410RRCCAL1;CC;PIRA;770;N051;4;4,1;146,3;0;1102;17-Falta de trozado-4|43-Colacion-1;300;P;Fresca;19-05-2026 23:39:32;19-05-2026;0;;SKIDDER;;ASERRABLE;CN LOG NVA ALDEA;IN2026;SI;FASA Zona Chillán;FASA Zona Chillán;FASA Zona Chillán;FSC 100%-SA-FM/COC-004173;100% CERTIFICADO CERTFOR-CL21/819943415
828183;19-05-2026;40539;LAS MERCEDES C13;S246;COSECHA;COSECHA;11:00;23:00;10:00;1:00;48;1000;796625600;FORESTAL MILLALEMU Y CIA.LTDA.;2077921;1;796625600;MILLALEMU Y CIA.LTDA. FORESTAL MILLALEMU;;P0350URCPLLF;CC;PIRA;;N011;3,5;3,5;114,467;0;715;4-Reparacion/Falla equipo de Trozado-0.5;60;P;Fresca;20-05-2026 00:48:32;19-05-2026;0;;SKIDDER;;PULPABLE;PTA NVA ALDEA;IN2026;SI;FASA Zona Chillán;FASA Zona Chillán;FASA Zona Chillán;FSC 100%-SA-FM/COC-004173;100% CERTIFICADO CERTFOR-CL21/819943415
828183;19-05-2026;40539;LAS MERCEDES C13;S246;COSECHA;COSECHA;11:00;23:00;10:00;1:00;48;1000;796625600;FORESTAL MILLALEMU Y CIA.LTDA.;2077921;1;796625600;MILLALEMU Y CIA.LTDA. FORESTAL MILLALEMU;;P0410RRCCAL1;CC;PIRA;195;N051;4;4,1;37,05;0;200;4-Reparacion/Falla equipo de Trozado-0.5;60;P;Fresca;20-05-2026 00:48:32;19-05-2026;0;;SKIDDER;;ASERRABLE;CN LOG NVA ALDEA;IN2026;SI;FASA Zona Chillán;FASA Zona Chillán;FASA Zona Chillán;FSC 100%-SA-FM/COC-004173;100% CERTIFICADO CERTFOR-CL21/819943415
828186;19-05-2026;11734;COIHUECO Y OTROS (BB);TEA08;COSECHA;COSECHA;11:00;23:00;10:00;1:00;66;498;796625600;FORESTAL MILLALEMU Y CIA.LTDA.;2076233;1;796625600;MILLALEMU Y CIA.LTDA. FORESTAL MILLALEMU;;P0244NRCPLSD;CC;PIRA;0;N048;2,44;2,44;9,576;0;8;22-Falta/abstecimiento de combustible equipo de proce-1;60;P;Quemada;20-05-2026 00:55:03;;0;;FORWINCH;;PULPABLE;CN RANQUIL;VE2026;SI;FASA Zona Chillán;FASA Zona Chillán;FASA Zona Chillán;FSC 100%-SA-FM/COC-004173;100% CERTIFICADO CERTFOR-CL21/819943415
828186;19-05-2026;11734;COIHUECO Y OTROS (BB);TEA08;COSECHA;COSECHA;11:00;23:00;10:00;1:00;66;498;796625600;FORESTAL MILLALEMU Y CIA.LTDA.;2076233;1;796625600;MILLALEMU Y CIA.LTDA. FORESTAL MILLALEMU;;P0265LRCCAL1;CC;PIRA;64;N051;2,6;2,65;21,248;0;146;22-Falta/abstecimiento de combustible equipo de proce-1;60;P;Quemada;20-05-2026 00:55:03;19-05-2026;0;;FORWINCH;;PODADO;CN LOG NVA ALDEA;VE2026;SI;FASA Zona Chillán;FASA Zona Chillán;FASA Zona Chillán;FSC 100%-SA-FM/COC-004173;100% CERTIFICADO CERTFOR-CL21/819943415
828186;19-05-2026;11734;COIHUECO Y OTROS (BB);TEA08;COSECHA;COSECHA;11:00;23:00;10:00;1:00;66;498;796625600;FORESTAL MILLALEMU Y CIA.LTDA.;2076233;1;796625600;MILLALEMU Y CIA.LTDA. FORESTAL MILLALEMU;;P0265MRCCAL1;CC;PIRA;226;N051;2,6;2,65;83,168;0;386;22-Falta/abstecimiento de combustible equipo de proce-1;60;P;Quemada;20-05-2026 00:55:03;19-05-2026;0;;FORWINCH;;ASERRABLE;CN LOG NVA ALDEA;VE2026;SI;FASA Zona Chillán;FASA Zona Chillán;FASA Zona Chillán;FSC 100%-SA-FM/COC-004173;100% CERTIFICADO CERTFOR-CL21/819943415
828186;19-05-2026;11734;COIHUECO Y OTROS (BB);TEA08;COSECHA;COSECHA;11:00;23:00;10:00;1:00;66;498;796625600;FORESTAL MILLALEMU Y CIA.LTDA.;2076233;1;796625600;MILLALEMU Y CIA.LTDA. FORESTAL MILLALEMU;;P0400NRCPLLF;CC;PIRA;;N014;4;4;114,080162;0;235;22-Falta/abstecimiento de combustible equipo de proce-1;60;P;Quemada;20-05-2026 00:55:03;19-05-2026;0;;FORWINCH;;PULPABLE;CP TRUPAN;VE2026;SI;FASA Zona Chillán;FASA Zona Chillán;FASA Zona Chillán;FSC 100%-SA-FM/COC-004173;100% CERTIFICADO CERTFOR-CL21/819943415
828186;19-05-2026;11734;COIHUECO Y OTROS (BB);TEA08;COSECHA;COSECHA;11:00;23:00;10:00;1:00;66;498;796625600;FORESTAL MILLALEMU Y CIA.LTDA.;2076233;1;796625600;MILLALEMU Y CIA.LTDA. FORESTAL MILLALEMU;;P0410MRCCAL1;CC;PIRA;780;N051;4;4,1;148,2;0;625;22-Falta/abstecimiento de combustible equipo de proce-1;60;P;Manchada;20-05-2026 00:55:03;19-05-2026;0;;FORWINCH;;ASERRABLE;CN LOG NVA ALDEA;VE2026;SI;FASA Zona Chillán;FASA Zona Chillán;FASA Zona Chillán;FSC 100%-SA-FM/COC-004173;100% CERTIFICADO CERTFOR-CL21/819943415
828186;19-05-2026;11734;COIHUECO Y OTROS (BB);TEA08;COSECHA;COSECHA;11:00;23:00;10:00;1:00;66;498;796625600;FORESTAL MILLALEMU Y CIA.LTDA.;2076233;1;796625600;MILLALEMU Y CIA.LTDA. FORESTAL MILLALEMU;;P0410RRCCAL1;CC;PIRA;25;N051;4;4,1;4,75;0;5;22-Falta/abstecimiento de combustible equipo de proce-1;60;P;Fresca;20-05-2026 00:55:03;19-05-2026;0;;FORWINCH;;ASERRABLE;CN LOG NVA ALDEA;VE2026;SI;FASA Zona Chillán;FASA Zona Chillán;FASA Zona Chillán;FSC 100%-SA-FM/COC-004173;100% CERTIFICADO CERTFOR-CL21/819943415
828197;19-05-2026;11076;LOMA DE LA VACA;TEA02;COSECHA;COSECHA;11:00;23:00;10:30;1:00;33;800;796625600;FORESTAL MILLALEMU Y CIA.LTDA.;2077829;1;796625600;MILLALEMU Y CIA.LTDA. FORESTAL MILLALEMU;;P0244URCPLLF;CC;PIRA;;T010;2,44;2,44;146,832;0;250;42-Descanso/Pausa programada-0.5;30;P;Fresca;20-05-2026 01:02:37;19-05-2026;0;;FORWINCH;;PULPABLE;CP CONSTITUCION;IN2026;SI;FASA Zona Constituci;FASA Zona Constituci;FASA Zona Constituci;FSC 100%-SA-FM/COC-004173;100% CERTIFICADO CERTFOR-CL21/819943415
828197;19-05-2026;11076;LOMA DE LA VACA;TEA02;COSECHA;COSECHA;11:00;23:00;10:30;1:00;33;800;796625600;FORESTAL MILLALEMU Y CIA.LTDA.;2077829;1;796625600;MILLALEMU Y CIA.LTDA. FORESTAL MILLALEMU;;P0330RRCCAL1;CC;PIRA;458;T014;3,2;3,3;68,242;0;200;42-Descanso/Pausa programada-0.5;30;P;Fresca;20-05-2026 01:02:37;19-05-2026;0;;FORWINCH;;ASERRABLE;CN VINALES;IN2026;SI;FASA Zona Constituci;FASA Zona Constituci;FASA Zona Constituci;FSC 100%-SA-FM/COC-004173;100% CERTIFICADO CERTFOR-CL21/819943415
828198;19-05-2026;10608;POLHUIN;T125;COSECHA;COSECHA;11:00;23:00;11:00;1:00;154;400;796625600;FORESTAL MILLALEMU Y CIA.LTDA.;2077509;1;796625600;MILLALEMU Y CIA.LTDA. FORESTAL MILLALEMU;;E0550UGCPLLF;CC;EUGL;;N011;5,5;5,5;316,26374;0;6440;;0;P;Fresca;20-05-2026 01:04:28;19-05-2026;0;;TORRE500;;PULPABLE;PTA NVA ALDEA;VE2026;SI;FASA Zona Constituci;FASA Zona Constituci;FASA Zona Constituci;FSC 100%-SA-FM/COC-004173;100% CERTIFICADO CERTFOR-CL21/819943415
828281;01-05-2026;11983;EL CABRITO CBB;S123;COSECHA;COSECHA;12:00;12:01;0:00;0:01;0;0;796625600;FORESTAL MILLALEMU Y CIA.LTDA.;2074817;1;222222222;Victor.Inostroza@arauco.com;;P0265LRCCAL1;CC;PIRA;0;N051;2,6;2,65;36;0;0;;0;P;Quemada;01-05-2026 17:27:28;;0;Aumento por cierre de predio de  272 m3ssc;SKIDDER;;PODADO;CN LOG NVA ALDEA;VE2026;SI;FASA Zona Chillán;FASA Zona Chillán;FASA Zona Chillán;FSC 100%-SA-FM/COC-004173;100% CERTIFICADO CERTFOR-CL21/819943415
828281;01-05-2026;11983;EL CABRITO CBB;S123;COSECHA;COSECHA;12:00;12:01;0:00;0:01;0;0;796625600;FORESTAL MILLALEMU Y CIA.LTDA.;2074817;1;222222222;Victor.Inostroza@arauco.com;;P0375MRCCAL1;CC;PIRA;0;N051;3,65;3,75;192;0;0;;0;P;Quemada;01-05-2026 17:27:28;;0;Aumento por cierre de predio de  272 m3ssc;SKIDDER;;ASERRABLE;CN LOG NVA ALDEA;VE2026;SI;FASA Zona Chillán;FASA Zona Chillán;FASA Zona Chillán;FSC 100%-SA-FM/COC-004173;100% CERTIFICADO CERTFOR-CL21/819943415
828281;01-05-2026;11983;EL CABRITO CBB;S123;COSECHA;COSECHA;12:00;12:01;0:00;0:01;0;0;796625600;FORESTAL MILLALEMU Y CIA.LTDA.;2074817;1;222222222;Victor.Inostroza@arauco.com;;P0375RRCCAL1;CC;PIRA;0;N051;3,65;3,75;44;0;0;;0;P;Fresca;01-05-2026 17:27:28;;0;Aumento por cierre de predio de  272 m3ssc;SKIDDER;;ASERRABLE;CN LOG NVA ALDEA;VE2026;SI;FASA Zona Chillán;FASA Zona Chillán;FASA Zona Chillán;FSC 100%-SA-FM/COC-004173;100% CERTIFICADO CERTFOR-CL21/819943415
828282;01-05-2026;11983;EL CABRITO CBB;TEA02;COSECHA;COSECHA;12:00;12:01;0:00;0:01;0;0;796625600;FORESTAL MILLALEMU Y CIA.LTDA.;2076808;1;222222222;Victor.Inostroza@arauco.com;;P0375MRCCAL1;CC;PIRA;0;N051;3,65;3,75;244;0;0;;0;P;Quemada;01-05-2026 17:41:37;;0;Aumento por cierre de predio de  244 m3ssc;FORWINCH;;ASERRABLE;CN LOG NVA ALDEA;VE2026;SI;FASA Zona Chillán;FASA Zona Chillán;FASA Zona Chillán;FSC 100%-SA-FM/COC-004173;100% CERTIFICADO CERTFOR-CL21/819943415
828291;20-05-2026;10073;QUIRIQUINO;S123;COSECHA;COSECHA;11:00;23:00;4:00;1:00;19;0;796625600;FORESTAL MILLALEMU Y CIA.LTDA.;2078005;1;796625600;MILLALEMU Y CIA.LTDA. FORESTAL MILLALEMU;;P0244URCPLSD;CC;PIRA;;N011;2,44;2,44;0;0;6;7- Mantencion equipo de volteo-7;420;P;Fresca;20-05-2026 23:23:31;20-05-2026;0;;SKIDDER;;PULPABLE;PTA NVA ALDEA;IN2026;SI;FASA Zona Chillán;FASA Zona Chillán;FASA Zona Chillán;FSC 100%-SA-FM/COC-004173;100% CERTIFICADO CERTFOR-CL21/819943415
828291;20-05-2026;10073;QUIRIQUINO;S123;COSECHA;COSECHA;11:00;23:00;4:00;1:00;19;0;796625600;FORESTAL MILLALEMU Y CIA.LTDA.;2078005;1;796625600;MILLALEMU Y CIA.LTDA. FORESTAL MILLALEMU;;P0265PRCCAL1;CC;PIRA;33;N051;2,6;2,65;10,395;0;256;7- Mantencion equipo de volteo-7;420;P;Fresca;20-05-2026 23:23:31;20-05-2026;0;;SKIDDER;;PODADO;CN LOG NVA ALDEA;IN2026;SI;FASA Zona Chillán;FASA Zona Chillán;FASA Zona Chillán;FSC 100%-SA-FM/COC-004173;100% CERTIFICADO CERTFOR-CL21/819943415
828291;20-05-2026;10073;QUIRIQUINO;S123;COSECHA;COSECHA;11:00;23:00;4:00;1:00;19;0;796625600;FORESTAL MILLALEMU Y CIA.LTDA.;2078005;1;796625600;MILLALEMU Y CIA.LTDA. FORESTAL MILLALEMU;;P0265RRCCAL1;CC;PIRA;32;N051;2,6;2,65;10,08;0;199;7- Mantencion equipo de volteo-7;420;P;Fresca;20-05-2026 23:23:31;20-05-2026;0;;SKIDDER;;ASERRABLE;CN LOG NVA ALDEA;IN2026;SI;FASA Zona Chillán;FASA Zona Chillán;FASA Zona Chillán;FSC 100%-SA-FM/COC-004173;100% CERTIFICADO CERTFOR-CL21/819943415
828291;20-05-2026;10073;QUIRIQUINO;S123;COSECHA;COSECHA;11:00;23:00;4:00;1:00;19;0;796625600;FORESTAL MILLALEMU Y CIA.LTDA.;2078005;1;796625600;MILLALEMU Y CIA.LTDA. FORESTAL MILLALEMU;;P0330URCPLVA;CC;PIRA;;N011;3,3;3,3;0;0;54;7- Mantencion equipo de volteo-7;420;P;Manchada;20-05-2026 23:23:31;20-05-2026;0;;SKIDDER;;PULPABLE;PTA NVA ALDEA;IN2026;SI;FASA Zona Chillán;FASA Zona Chillán;FASA Zona Chillán;FSC 100%-SA-FM/COC-004173;100% CERTIFICADO CERTFOR-CL21/819943415
828291;20-05-2026;10073;QUIRIQUINO;S123;COSECHA;COSECHA;11:00;23:00;4:00;1:00;19;0;796625600;FORESTAL MILLALEMU Y CIA.LTDA.;2078005;1;796625600;MILLALEMU Y CIA.LTDA. FORESTAL MILLALEMU;;P0350URCPLLF;CC;PIRA;;N011;3,5;3,5;26,786;0;277;7- Mantencion equipo de volteo-7;420;P;Fresca;20-05-2026 23:23:31;20-05-2026;0;;SKIDDER;;PULPABLE;PTA NVA ALDEA;IN2026;SI;FASA Zona Chillán;FASA Zona Chillán;FASA Zona Chillán;FSC 100%-SA-FM/COC-004173;100% CERTIFICADO CERTFOR-CL21/819943415
828291;20-05-2026;10073;QUIRIQUINO;S123;COSECHA;COSECHA;11:00;23:00;4:00;1:00;19;0;796625600;FORESTAL MILLALEMU Y CIA.LTDA.;2078005;1;796625600;MILLALEMU Y CIA.LTDA. FORESTAL MILLALEMU;;P0410RRCCAL1;CC;PIRA;281;N051;4;4,1;53,39;0;885;7- Mantencion equipo de volteo-7;420;P;Fresca;20-05-2026 23:23:31;20-05-2026;0;;SKIDDER;;ASERRABLE;CN LOG NVA ALDEA;IN2026;SI;FASA Zona Chillán;FASA Zona Chillán;FASA Zona Chillán;FSC 100%-SA-FM/COC-004173;100% CERTIFICADO CERTFOR-CL21/819943415
828323;20-05-2026;40539;LAS MERCEDES C13;S246;COSECHA;COSECHA;11:00;23:00;10:00;1:00;45;1000;796625600;FORESTAL MILLALEMU Y CIA.LTDA.;2077921;1;796625600;MILLALEMU Y CIA.LTDA. FORESTAL MILLALEMU;;P0350URCPLLF;CC;PIRA;0;N011;3,5;3,5;113,316;0;600;4-Reparacion/Falla equipo de Trozado-0.5;60;P;Fresca;21-05-2026 00:53:24;;0;;SKIDDER;;PULPABLE;PTA NVA ALDEA;IN2026;SI;FASA Zona Chillán;FASA Zona Chillán;FASA Zona Chillán;FSC 100%-SA-FM/COC-004173;100% CERTIFICADO CERTFOR-CL21/819943415
828323;20-05-2026;40539;LAS MERCEDES C13;S246;COSECHA;COSECHA;11:00;23:00;10:00;1:00;45;1000;796625600;FORESTAL MILLALEMU Y CIA.LTDA.;2077921;1;796625600;MILLALEMU Y CIA.LTDA. FORESTAL MILLALEMU;;P0410RRCCAL1;CC;PIRA;193;N051;4;4,1;36,67;0;20;4-Reparacion/Falla equipo de Trozado-0.5;60;P;Fresca;21-05-2026 00:53:24;;0;;SKIDDER;;ASERRABLE;CN LOG NVA ALDEA;IN2026;SI;FASA Zona Chillán;FASA Zona Chillán;FASA Zona Chillán;FSC 100%-SA-FM/COC-004173;100% CERTIFICADO CERTFOR-CL21/819943415
828343;20-05-2026;11734;COIHUECO Y OTROS (BB);S58;COSECHA;COSECHA;11:00;23:00;9:00;1:00;48;207;796625600;FORESTAL MILLALEMU Y CIA.LTDA.;2076896;1;796625600;MILLALEMU Y CIA.LTDA. FORESTAL MILLALEMU;;P0244URCPLSD;CC;PIRA;;N011;2,44;2,44;6,2244;0;6;18-Falta de volteo o desrame-2;120;P;Fresca;21-05-2026 01:33:15;20-05-2026;0;;SKIDDER;;PULPABLE;PTA NVA ALDEA;VE2026;SI;FASA Zona Chillán;FASA Zona Chillán;FASA Zona Chillán;FSC 100%-SA-FM/COC-004173;100% CERTIFICADO CERTFOR-CL21/819943415
828343;20-05-2026;11734;COIHUECO Y OTROS (BB);S58;COSECHA;COSECHA;11:00;23:00;9:00;1:00;48;207;796625600;FORESTAL MILLALEMU Y CIA.LTDA.;2076896;1;796625600;MILLALEMU Y CIA.LTDA. FORESTAL MILLALEMU;;P0265LRCCAL1;CC;PIRA;153;N051;2,6;2,65;52,326;0;52;18-Falta de volteo o desrame-2;120;P;Quemada;21-05-2026 01:33:15;20-05-2026;0;;SKIDDER;;PODADO;CN LOG NVA ALDEA;VE2026;SI;FASA Zona Chillán;FASA Zona Chillán;FASA Zona Chillán;FSC 100%-SA-FM/COC-004173;100% CERTIFICADO CERTFOR-CL21/819943415
828343;20-05-2026;11734;COIHUECO Y OTROS (BB);S58;COSECHA;COSECHA;11:00;23:00;9:00;1:00;48;207;796625600;FORESTAL MILLALEMU Y CIA.LTDA.;2076896;1;796625600;MILLALEMU Y CIA.LTDA. FORESTAL MILLALEMU;;P0265RRCCAL1;CC;PIRA;40;N051;2,6;2,65;13,4;0;13;18-Falta de volteo o desrame-2;120;P;Fresca;21-05-2026 01:33:15;20-05-2026;0;;SKIDDER;;ASERRABLE;CN LOG NVA ALDEA;VE2026;SI;FASA Zona Chillán;FASA Zona Chillán;FASA Zona Chillán;FSC 100%-SA-FM/COC-004173;100% CERTIFICADO CERTFOR-CL21/819943415
828343;20-05-2026;11734;COIHUECO Y OTROS (BB);S58;COSECHA;COSECHA;11:00;23:00;9:00;1:00;48;207;796625600;FORESTAL MILLALEMU Y CIA.LTDA.;2076896;1;796625600;MILLALEMU Y CIA.LTDA. FORESTAL MILLALEMU;;P0350URCPLLF;CC;PIRA;;N011;3,5;3,5;20,60436;0;20;18-Falta de volteo o desrame-2;120;P;Fresca;21-05-2026 01:33:15;20-05-2026;0;;SKIDDER;;PULPABLE;PTA NVA ALDEA;VE2026;SI;FASA Zona Chillán;FASA Zona Chillán;FASA Zona Chillán;FSC 100%-SA-FM/COC-004173;100% CERTIFICADO CERTFOR-CL21/819943415
828343;20-05-2026;11734;COIHUECO Y OTROS (BB);S58;COSECHA;COSECHA;11:00;23:00;9:00;1:00;48;207;796625600;FORESTAL MILLALEMU Y CIA.LTDA.;2076896;1;796625600;MILLALEMU Y CIA.LTDA. FORESTAL MILLALEMU;;P0400NRCPLLF;CC;PIRA;;N014;4;4;40,977451;0;40;18-Falta de volteo o desrame-2;120;P;Quemada;21-05-2026 01:33:15;20-05-2026;0;;SKIDDER;;PULPABLE;CP TRUPAN;VE2026;SI;FASA Zona Chillán;FASA Zona Chillán;FASA Zona Chillán;FSC 100%-SA-FM/COC-004173;100% CERTIFICADO CERTFOR-CL21/819943415
828343;20-05-2026;11734;COIHUECO Y OTROS (BB);S58;COSECHA;COSECHA;11:00;23:00;9:00;1:00;48;207;796625600;FORESTAL MILLALEMU Y CIA.LTDA.;2076896;1;796625600;MILLALEMU Y CIA.LTDA. FORESTAL MILLALEMU;;P0410MRCCAL1;CC;PIRA;93;N051;4;4,1;17,67;0;17;18-Falta de volteo o desrame-2;120;P;Quemada;21-05-2026 01:33:15;20-05-2026;0;;SKIDDER;;ASERRABLE;CN LOG NVA ALDEA;VE2026;SI;FASA Zona Chillán;FASA Zona Chillán;FASA Zona Chillán;FSC 100%-SA-FM/COC-004173;100% CERTIFICADO CERTFOR-CL21/819943415
828343;20-05-2026;11734;COIHUECO Y OTROS (BB);S58;COSECHA;COSECHA;11:00;23:00;9:00;1:00;48;207;796625600;FORESTAL MILLALEMU Y CIA.LTDA.;2076896;1;796625600;MILLALEMU Y CIA.LTDA. FORESTAL MILLALEMU;;P0410RRCCAL1;CC;PIRA;126;N051;4;4,1;23,94;0;23;18-Falta de volteo o desrame-2;120;P;Fresca;21-05-2026 01:33:15;20-05-2026;0;;SKIDDER;;ASERRABLE;CN LOG NVA ALDEA;VE2026;SI;FASA Zona Chillán;FASA Zona Chillán;FASA Zona Chillán;FSC 100%-SA-FM/COC-004173;100% CERTIFICADO CERTFOR-CL21/819943415
828350;20-05-2026;10608;POLHUIN;T125;COSECHA;COSECHA;11:00;18:00;4:00;1:00;80;650;796625600;FORESTAL MILLALEMU Y CIA.LTDA.;2076155;1;796625600;MILLALEMU Y CIA.LTDA. FORESTAL MILLALEMU;;P0244URCPLLF;CC;PIRA;;T010;2,44;2,44;23,142;0;270;61-Detenido por apoyo a otro equipo-2;120;P;Fresca;21-05-2026 01:52:26;20-05-2026;0;;TORRE500;;PULPABLE;CP CONSTITUCION;VE2026;SI;FASA Zona Constituci;FASA Zona Constituci;FASA Zona Constituci;FSC 100%-SA-FM/COC-004173;100% CERTIFICADO CERTFOR-CL21/819943415
828350;20-05-2026;10608;POLHUIN;T125;COSECHA;COSECHA;11:00;18:00;4:00;1:00;80;650;796625600;FORESTAL MILLALEMU Y CIA.LTDA.;2076155;1;796625600;MILLALEMU Y CIA.LTDA. FORESTAL MILLALEMU;;P0265RRCCAL1;CC;PIRA;121;N051;2,6;2,65;56,023;0;250;61-Detenido por apoyo a otro equipo-2;120;P;Fresca;21-05-2026 01:52:26;20-05-2026;0;;TORRE500;;ASERRABLE;CN LOG NVA ALDEA;VE2026;SI;FASA Zona Constituci;FASA Zona Constituci;FASA Zona Constituci;FSC 100%-SA-FM/COC-004173;100% CERTIFICADO CERTFOR-CL21/819943415
828350;20-05-2026;10608;POLHUIN;T125;COSECHA;COSECHA;11:00;18:00;4:00;1:00;80;650;796625600;FORESTAL MILLALEMU Y CIA.LTDA.;2076155;1;796625600;MILLALEMU Y CIA.LTDA. FORESTAL MILLALEMU;;P0410RRCCAL1;CC;PIRA;231;T014;4;4,1;47,355;0;55;61-Detenido por apoyo a otro equipo-2;120;P;Fresca;21-05-2026 01:52:26;20-05-2026;0;;TORRE500;;ASERRABLE;CN VINALES;VE2026;SI;FASA Zona Constituci;FASA Zona Constituci;FASA Zona Constituci;FSC 100%-SA-FM/COC-004173;100% CERTIFICADO CERTFOR-CL21/819943415
828351;20-05-2026;10608;POLHUIN;T125;COSECHA;COSECHA;18:00;22:00;4:00;0:00;142;250;796625600;FORESTAL MILLALEMU Y CIA.LTDA.;2076033;1;796625600;MILLALEMU Y CIA.LTDA. FORESTAL MILLALEMU;;E0244UGCPLLF;CC;EUGL;;N011;2,44;2,44;12,5916;0;115;;0;P;Fresca;21-05-2026 01:58:56;20-05-2026;0;;TORRE500;;PULPABLE;PTA NVA ALDEA;VE2026;SI;FASA Zona Constituci;FASA Zona Constituci;FASA Zona Constituci;FSC 100%-SA-FM/COC-004173;100% CERTIFICADO CERTFOR-CL21/819943415
828351;20-05-2026;10608;POLHUIN;T125;COSECHA;COSECHA;18:00;22:00;4:00;0:00;142;250;796625600;FORESTAL MILLALEMU Y CIA.LTDA.;2076033;1;796625600;MILLALEMU Y CIA.LTDA. FORESTAL MILLALEMU;;E0550UGCPLLF;CC;EUGL;;N011;5,5;5,5;241,88696;0;6680;;0;P;Fresca;21-05-2026 01:58:56;20-05-2026;0;;TORRE500;;PULPABLE;PTA NVA ALDEA;VE2026;SI;FASA Zona Constituci;FASA Zona Constituci;FASA Zona Constituci;FSC 100%-SA-FM/COC-004173;100% CERTIFICADO CERTFOR-CL21/819943415
828365;20-05-2026;11748;LAS ULLOAS (BB);S223;COSECHA;COSECHA;11:00;23:00;5:00;1:00;40;7;796625600;FORESTAL MILLALEMU Y CIA.LTDA.;2076547;1;796625600;MILLALEMU Y CIA.LTDA. FORESTAL MILLALEMU;;P0265LRCCAL1;CC;PIRA;16;N051;2,6;2,65;5,328;0;20;1-Reparacion/Falla equipo de volteo-6;360;P;Quemada;21-05-2026 02:29:03;20-05-2026;0;;SKIDDER;;PODADO;CN LOG NVA ALDEA;VE2026;SI;FASA Zona Chillán;FASA Zona Chillán;FASA Zona Chillán;FSC 100%-SA-FM/COC-004173;100% CERTIFICADO CERTFOR-CL21/819943415
828365;20-05-2026;11748;LAS ULLOAS (BB);S223;COSECHA;COSECHA;11:00;23:00;5:00;1:00;40;7;796625600;FORESTAL MILLALEMU Y CIA.LTDA.;2076547;1;796625600;MILLALEMU Y CIA.LTDA. FORESTAL MILLALEMU;;P0265MRCCAL1;CC;PIRA;54;N051;2,6;2,65;17,334;0;50;1-Reparacion/Falla equipo de volteo-6;360;P;Quemada;21-05-2026 02:29:03;20-05-2026;0;;SKIDDER;;ASERRABLE;CN LOG NVA ALDEA;VE2026;SI;FASA Zona Chillán;FASA Zona Chillán;FASA Zona Chillán;FSC 100%-SA-FM/COC-004173;100% CERTIFICADO CERTFOR-CL21/819943415
828365;20-05-2026;11748;LAS ULLOAS (BB);S223;COSECHA;COSECHA;11:00;23:00;5:00;1:00;40;7;796625600;FORESTAL MILLALEMU Y CIA.LTDA.;2076547;1;796625600;MILLALEMU Y CIA.LTDA. FORESTAL MILLALEMU;;P0300NRCPLVA;CC;PIRA;;N048;3;3;12,96141;0;70;1-Reparacion/Falla equipo de volteo-6;360;P;Quemada;21-05-2026 02:29:03;20-05-2026;0;;SKIDDER;;PULPABLE;CN RANQUIL;VE2026;SI;FASA Zona Chillán;FASA Zona Chillán;FASA Zona Chillán;FSC 100%-SA-FM/COC-004173;100% CERTIFICADO CERTFOR-CL21/819943415
828365;20-05-2026;11748;LAS ULLOAS (BB);S223;COSECHA;COSECHA;11:00;23:00;5:00;1:00;40;7;796625600;FORESTAL MILLALEMU Y CIA.LTDA.;2076547;1;796625600;MILLALEMU Y CIA.LTDA. FORESTAL MILLALEMU;;P0410MRCCAL1;CC;PIRA;256;N051;4;4,1;58,88;0;70;1-Reparacion/Falla equipo de volteo-6;360;P;Quemada;21-05-2026 02:29:03;20-05-2026;0;;SKIDDER;;ASERRABLE;CN LOG NVA ALDEA;VE2026;SI;FASA Zona Chillán;FASA Zona Chillán;FASA Zona Chillán;FSC 100%-SA-FM/COC-004173;100% CERTIFICADO CERTFOR-CL21/819943415
828383;20-05-2026;12191;CE-27 ESPINALILLO YBAR;MG5;COSECHA;COSECHA;11:00;17:00;5:00;1:00;27;389;796625600;FORESTAL MILLALEMU Y CIA.LTDA.;2077994;1;796625600;MILLALEMU Y CIA.LTDA. FORESTAL MILLALEMU;;P0244URC8-16;CC;PIRA;;T010;2,44;2,44;26,334;0;15;;0;P;Fresca;20-05-2026 14:27:56;20-05-2026;0;;GRAPPLE;;PULPABLE;CP CONSTITUCION;VE2026;SI;FASA Zona Constituci;FASA Zona Constituci;FASA Zona Constituci;FSC 100%-SA-FM/COC-004173;100% CERTIFICADO CERTFOR-CL21/819943415
828383;20-05-2026;12191;CE-27 ESPINALILLO YBAR;MG5;COSECHA;COSECHA;11:00;17:00;5:00;1:00;27;389;796625600;FORESTAL MILLALEMU Y CIA.LTDA.;2077994;1;796625600;MILLALEMU Y CIA.LTDA. FORESTAL MILLALEMU;;P0330RRCCAL1;CC;PIRA;42;T014;3,2;3,3;6,3;0;6;;0;P;Fresca;20-05-2026 14:27:56;20-05-2026;0;;GRAPPLE;;ASERRABLE;CN VINALES;VE2026;SI;FASA Zona Constituci;FASA Zona Constituci;FASA Zona Constituci;FSC 100%-SA-FM/COC-004173;100% CERTIFICADO CERTFOR-CL21/819943415
828384;20-05-2026;12191;CE-27 ESPINALILLO YBAR;MG5;COSECHA;COSECHA;17:00;23:00;6:00;0:00;49;1606;796625600;FORESTAL MILLALEMU Y CIA.LTDA.;2078008;1;796625600;MILLALEMU Y CIA.LTDA. FORESTAL MILLALEMU;;P0244URC18-38;CC;PIRA;;T010;2,44;2,44;15,561;0;65;;0;P;Fresca;20-05-2026 14:28:04;20-05-2026;0;;GRAPPLE;;PULPABLE;CP CONSTITUCION;VE2026;SI;FASA Zona Constituci;FASA Zona Constituci;FASA Zona Constituci;FSC 100%-SA-FM/COC-004173;100% CERTIFICADO CERTFOR-CL21/819943415
828384;20-05-2026;12191;CE-27 ESPINALILLO YBAR;MG5;COSECHA;COSECHA;17:00;23:00;6:00;0:00;49;1606;796625600;FORESTAL MILLALEMU Y CIA.LTDA.;2078008;1;796625600;MILLALEMU Y CIA.LTDA. FORESTAL MILLALEMU;;P0244URC8-16;CC;PIRA;;T010;2,44;2,44;134,064;0;300;;0;P;Fresca;20-05-2026 14:28:04;20-05-2026;0;;GRAPPLE;;PULPABLE;CP CONSTITUCION;VE2026;SI;FASA Zona Constituci;FASA Zona Constituci;FASA Zona Constituci;FSC 100%-SA-FM/COC-004173;100% CERTIFICADO CERTFOR-CL21/819943415
828384;20-05-2026;12191;CE-27 ESPINALILLO YBAR;MG5;COSECHA;COSECHA;17:00;23:00;6:00;0:00;49;1606;796625600;FORESTAL MILLALEMU Y CIA.LTDA.;2078008;1;796625600;MILLALEMU Y CIA.LTDA. FORESTAL MILLALEMU;;P0330RRCCAL1;CC;PIRA;789;T014;3,2;3,3;117,561;0;90;;0;P;Fresca;20-05-2026 14:28:04;20-05-2026;0;;GRAPPLE;;ASERRABLE;CN VINALES;VE2026;SI;FASA Zona Constituci;FASA Zona Constituci;FASA Zona Constituci;FSC 100%-SA-FM/COC-004173;100% CERTIFICADO CERTFOR-CL21/819943415
828401;21-05-2026;11734;COIHUECO Y OTROS (BB);S58;COSECHA;COSECHA;11:00;23:00;10:30;1:00;60;400;796625600;FORESTAL MILLALEMU Y CIA.LTDA.;2076896;1;796625600;MILLALEMU Y CIA.LTDA. FORESTAL MILLALEMU;;P0244URCPLSD;CC;PIRA;0;N011;2,44;2,44;0;0;6;42-Descanso/Pausa programada-0.5;30;P;Fresca;22-05-2026 00:35:16;21-05-2026;0;;SKIDDER;;PULPABLE;PTA NVA ALDEA;VE2026;SI;FASA Zona Chillán;FASA Zona Chillán;FASA Zona Chillán;FSC 100%-SA-FM/COC-004173;100% CERTIFICADO CERTFOR-CL21/819943415
828401;21-05-2026;11734;COIHUECO Y OTROS (BB);S58;COSECHA;COSECHA;11:00;23:00;10:30;1:00;60;400;796625600;FORESTAL MILLALEMU Y CIA.LTDA.;2076896;1;796625600;MILLALEMU Y CIA.LTDA. FORESTAL MILLALEMU;;P0265LRCCAL1;CC;PIRA;35;N051;2,6;2,65;11,97;0;63;42-Descanso/Pausa programada-0.5;30;P;Quemada;22-05-2026 00:35:16;21-05-2026;0;;SKIDDER;;PODADO;CN LOG NVA ALDEA;VE2026;SI;FASA Zona Chillán;FASA Zona Chillán;FASA Zona Chillán;FSC 100%-SA-FM/COC-004173;100% CERTIFICADO CERTFOR-CL21/819943415
828401;21-05-2026;11734;COIHUECO Y OTROS (BB);S58;COSECHA;COSECHA;11:00;23:00;10:30;1:00;60;400;796625600;FORESTAL MILLALEMU Y CIA.LTDA.;2076896;1;796625600;MILLALEMU Y CIA.LTDA. FORESTAL MILLALEMU;;P0265MRCCAL1;CC;PIRA;68;N051;2,6;2,65;22,78;0;22;42-Descanso/Pausa programada-0.5;30;P;Quemada;22-05-2026 00:35:16;21-05-2026;0;;SKIDDER;;ASERRABLE;CN LOG NVA ALDEA;VE2026;SI;FASA Zona Chillán;FASA Zona Chillán;FASA Zona Chillán;FSC 100%-SA-FM/COC-004173;100% CERTIFICADO CERTFOR-CL21/819943415
828401;21-05-2026;11734;COIHUECO Y OTROS (BB);S58;COSECHA;COSECHA;11:00;23:00;10:30;1:00;60;400;796625600;FORESTAL MILLALEMU Y CIA.LTDA.;2076896;1;796625600;MILLALEMU Y CIA.LTDA. FORESTAL MILLALEMU;;P0265RRCCAL1;CC;PIRA;27;N051;2,6;2,65;9,045;0;22;42-Descanso/Pausa programada-0.5;30;P;Fresca;22-05-2026 00:35:16;21-05-2026;0;;SKIDDER;;ASERRABLE;CN LOG NVA ALDEA;VE2026;SI;FASA Zona Chillán;FASA Zona Chillán;FASA Zona Chillán;FSC 100%-SA-FM/COC-004173;100% CERTIFICADO CERTFOR-CL21/819943415
828401;21-05-2026;11734;COIHUECO Y OTROS (BB);S58;COSECHA;COSECHA;11:00;23:00;10:30;1:00;60;400;796625600;FORESTAL MILLALEMU Y CIA.LTDA.;2076896;1;796625600;MILLALEMU Y CIA.LTDA. FORESTAL MILLALEMU;;P0350URCPLLF;CC;PIRA;;N011;3,5;3,5;29,968092;0;49;42-Descanso/Pausa programada-0.5;30;P;Fresca;22-05-2026 00:35:16;21-05-2026;0;;SKIDDER;;PULPABLE;PTA NVA ALDEA;VE2026;SI;FASA Zona Chillán;FASA Zona Chillán;FASA Zona Chillán;FSC 100%-SA-FM/COC-004173;100% CERTIFICADO CERTFOR-CL21/819943415
828401;21-05-2026;11734;COIHUECO Y OTROS (BB);S58;COSECHA;COSECHA;11:00;23:00;10:30;1:00;60;400;796625600;FORESTAL MILLALEMU Y CIA.LTDA.;2076896;1;796625600;MILLALEMU Y CIA.LTDA. FORESTAL MILLALEMU;;P0400NRCPLLF;CC;PIRA;;N014;4;4;64,654786;0;104;42-Descanso/Pausa programada-0.5;30;P;Quemada;22-05-2026 00:35:16;21-05-2026;0;;SKIDDER;;PULPABLE;CP TRUPAN;VE2026;SI;FASA Zona Chillán;FASA Zona Chillán;FASA Zona Chillán;FSC 100%-SA-FM/COC-004173;100% CERTIFICADO CERTFOR-CL21/819943415
828401;21-05-2026;11734;COIHUECO Y OTROS (BB);S58;COSECHA;COSECHA;11:00;23:00;10:30;1:00;60;400;796625600;FORESTAL MILLALEMU Y CIA.LTDA.;2076896;1;796625600;MILLALEMU Y CIA.LTDA. FORESTAL MILLALEMU;;P0410MRCCAL1;CC;PIRA;264;N051;4;4,1;50,16;0;73;42-Descanso/Pausa programada-0.5;30;P;Quemada;22-05-2026 00:35:16;21-05-2026;0;;SKIDDER;;ASERRABLE;CN LOG NVA ALDEA;VE2026;SI;FASA Zona Chillán;FASA Zona Chillán;FASA Zona Chillán;FSC 100%-SA-FM/COC-004173;100% CERTIFICADO CERTFOR-CL21/819943415
828401;21-05-2026;11734;COIHUECO Y OTROS (BB);S58;COSECHA;COSECHA;11:00;23:00;10:30;1:00;60;400;796625600;FORESTAL MILLALEMU Y CIA.LTDA.;2076896;1;796625600;MILLALEMU Y CIA.LTDA. FORESTAL MILLALEMU;;P0410RRCCAL1;CC;PIRA;303;N051;4;4,1;57,57;0;80;42-Descanso/Pausa programada-0.5;30;P;Fresca;22-05-2026 00:35:16;21-05-2026;0;;SKIDDER;;ASERRABLE;CN LOG NVA ALDEA;VE2026;SI;FASA Zona Chillán;FASA Zona Chillán;FASA Zona Chillán;FSC 100%-SA-FM/COC-004173;100% CERTIFICADO CERTFOR-CL21/819943415
828407;21-05-2026;10073;QUIRIQUINO;S123;COSECHA;COSECHA;11:00;23:00;8:00;1:00;81;500;796625600;FORESTAL MILLALEMU Y CIA.LTDA.;2078005;1;796625600;MILLALEMU Y CIA.LTDA. FORESTAL MILLALEMU;;P0244URCPLSD;CC;PIRA;;N011;2,44;2,44;0;0;6;1-Reparacion/Falla equipo de volteo-2.5|42-Descanso/Pausa programada-0.5;180;P;Fresca;22-05-2026 00:50:26;21-05-2026;0;;SKIDDER;;PULPABLE;PTA NVA ALDEA;IN2026;SI;FASA Zona Chillán;FASA Zona Chillán;FASA Zona Chillán;FSC 100%-SA-FM/COC-004173;100% CERTIFICADO CERTFOR-CL21/819943415
828407;21-05-2026;10073;QUIRIQUINO;S123;COSECHA;COSECHA;11:00;23:00;8:00;1:00;81;500;796625600;FORESTAL MILLALEMU Y CIA.LTDA.;2078005;1;796625600;MILLALEMU Y CIA.LTDA. FORESTAL MILLALEMU;;P0265PRCCAL1;CC;PIRA;60;N051;2,6;2,65;18,9;0;275;1-Reparacion/Falla equipo de volteo-2.5|42-Descanso/Pausa programada-0.5;180;P;Fresca;22-05-2026 00:50:26;21-05-2026;0;;SKIDDER;;PODADO;CN LOG NVA ALDEA;IN2026;SI;FASA Zona Chillán;FASA Zona Chillán;FASA Zona Chillán;FSC 100%-SA-FM/COC-004173;100% CERTIFICADO CERTFOR-CL21/819943415
828407;21-05-2026;10073;QUIRIQUINO;S123;COSECHA;COSECHA;11:00;23:00;8:00;1:00;81;500;796625600;FORESTAL MILLALEMU Y CIA.LTDA.;2078005;1;796625600;MILLALEMU Y CIA.LTDA. FORESTAL MILLALEMU;;P0265RRCCAL1;CC;PIRA;19;N051;2,6;2,65;5,985;0;205;1-Reparacion/Falla equipo de volteo-2.5|42-Descanso/Pausa programada-0.5;180;P;Fresca;22-05-2026 00:50:26;21-05-2026;0;;SKIDDER;;ASERRABLE;CN LOG NVA ALDEA;IN2026;SI;FASA Zona Chillán;FASA Zona Chillán;FASA Zona Chillán;FSC 100%-SA-FM/COC-004173;100% CERTIFICADO CERTFOR-CL21/819943415
828407;21-05-2026;10073;QUIRIQUINO;S123;COSECHA;COSECHA;11:00;23:00;8:00;1:00;81;500;796625600;FORESTAL MILLALEMU Y CIA.LTDA.;2078005;1;796625600;MILLALEMU Y CIA.LTDA. FORESTAL MILLALEMU;;P0330URCPLVA;CC;PIRA;;N011;3,3;3,3;21,03;0;78;1-Reparacion/Falla equipo de volteo-2.5|42-Descanso/Pausa programada-0.5;180;P;Fresca;22-05-2026 00:50:26;21-05-2026;0;;SKIDDER;;PULPABLE;PTA NVA ALDEA;IN2026;SI;FASA Zona Chillán;FASA Zona Chillán;FASA Zona Chillán;FSC 100%-SA-FM/COC-004173;100% CERTIFICADO CERTFOR-CL21/819943415
828407;21-05-2026;10073;QUIRIQUINO;S123;COSECHA;COSECHA;11:00;23:00;8:00;1:00;81;500;796625600;FORESTAL MILLALEMU Y CIA.LTDA.;2078005;1;796625600;MILLALEMU Y CIA.LTDA. FORESTAL MILLALEMU;;P0350URCPLLF;CC;PIRA;;N011;3,5;3,5;56,66;0;334;1-Reparacion/Falla equipo de volteo-2.5|42-Descanso/Pausa programada-0.5;180;P;Fresca;22-05-2026 00:50:26;21-05-2026;0;;SKIDDER;;PULPABLE;PTA NVA ALDEA;IN2026;SI;FASA Zona Chillán;FASA Zona Chillán;FASA Zona Chillán;FSC 100%-SA-FM/COC-004173;100% CERTIFICADO CERTFOR-CL21/819943415
828407;21-05-2026;10073;QUIRIQUINO;S123;COSECHA;COSECHA;11:00;23:00;8:00;1:00;81;500;796625600;FORESTAL MILLALEMU Y CIA.LTDA.;2078005;1;796625600;MILLALEMU Y CIA.LTDA. FORESTAL MILLALEMU;;P0410RRCCAL1;CC;PIRA;760;N051;4;4,1;144,4;0;1029;1-Reparacion/Falla equipo de volteo-2.5|42-Descanso/Pausa programada-0.5;180;P;Fresca;22-05-2026 00:50:26;21-05-2026;0;;SKIDDER;;ASERRABLE;CN LOG NVA ALDEA;IN2026;SI;FASA Zona Chillán;FASA Zona Chillán;FASA Zona Chillán;FSC 100%-SA-FM/COC-004173;100% CERTIFICADO CERTFOR-CL21/819943415
828420;21-05-2026;11748;LAS ULLOAS (BB);S223;COSECHA;COSECHA;11:00;23:00;5:00;1:00;17;87;796625600;FORESTAL MILLALEMU Y CIA.LTDA.;2076547;1;796625600;MILLALEMU Y CIA.LTDA. FORESTAL MILLALEMU;;P0265LRCCAL1;CC;PIRA;6;N051;2,6;2,65;1,998;0;35;10-Mantencion equipo de trozado-6;360;P;Quemada;22-05-2026 01:29:31;21-05-2026;0;;SKIDDER;;PODADO;CN LOG NVA ALDEA;VE2026;SI;FASA Zona Chillán;FASA Zona Chillán;FASA Zona Chillán;FSC 100%-SA-FM/COC-004173;100% CERTIFICADO CERTFOR-CL21/819943415
828420;21-05-2026;11748;LAS ULLOAS (BB);S223;COSECHA;COSECHA;11:00;23:00;5:00;1:00;17;87;796625600;FORESTAL MILLALEMU Y CIA.LTDA.;2076547;1;796625600;MILLALEMU Y CIA.LTDA. FORESTAL MILLALEMU;;P0265MRCCAL1;CC;PIRA;57;N051;2,6;2,65;18,297;0;150;10-Mantencion equipo de trozado-6;360;P;Quemada;22-05-2026 01:29:31;21-05-2026;0;;SKIDDER;;ASERRABLE;CN LOG NVA ALDEA;VE2026;SI;FASA Zona Chillán;FASA Zona Chillán;FASA Zona Chillán;FSC 100%-SA-FM/COC-004173;100% CERTIFICADO CERTFOR-CL21/819943415
828420;21-05-2026;11748;LAS ULLOAS (BB);S223;COSECHA;COSECHA;11:00;23:00;5:00;1:00;17;87;796625600;FORESTAL MILLALEMU Y CIA.LTDA.;2076547;1;796625600;MILLALEMU Y CIA.LTDA. FORESTAL MILLALEMU;;P0300NRCPLVA;CC;PIRA;;N048;3;3;34,363574;0;125;10-Mantencion equipo de trozado-6;360;P;Quemada;22-05-2026 01:29:31;21-05-2026;0;;SKIDDER;;PULPABLE;CN RANQUIL;VE2026;SI;FASA Zona Chillán;FASA Zona Chillán;FASA Zona Chillán;FSC 100%-SA-FM/COC-004173;100% CERTIFICADO CERTFOR-CL21/819943415
828420;21-05-2026;11748;LAS ULLOAS (BB);S223;COSECHA;COSECHA;11:00;23:00;5:00;1:00;17;87;796625600;FORESTAL MILLALEMU Y CIA.LTDA.;2076547;1;796625600;MILLALEMU Y CIA.LTDA. FORESTAL MILLALEMU;;P0410MRCCAL1;CC;PIRA;120;N051;4;4,1;25,44;0;150;10-Mantencion equipo de trozado-6;360;P;Quemada;22-05-2026 01:29:31;21-05-2026;0;;SKIDDER;;ASERRABLE;CN LOG NVA ALDEA;VE2026;SI;FASA Zona Chillán;FASA Zona Chillán;FASA Zona Chillán;FSC 100%-SA-FM/COC-004173;100% CERTIFICADO CERTFOR-CL21/819943415
828429;21-05-2026;10608;POLHUIN;T125;COSECHA;COSECHA;11:00;23:00;11:00;1:00;102;560;796625600;FORESTAL MILLALEMU Y CIA.LTDA.;2076033;1;796625600;MILLALEMU Y CIA.LTDA. FORESTAL MILLALEMU;;E0550UGCPLLF;CC;EUGL;;N011;5,5;5,5;326,46622;0;7000;;0;P;Fresca;22-05-2026 01:40:52;21-05-2026;0;;TORRE500;;PULPABLE;PTA NVA ALDEA;VE2026;SI;FASA Zona Constituci;FASA Zona Constituci;FASA Zona Constituci;FSC 100%-SA-FM/COC-004173;100% CERTIFICADO CERTFOR-CL21/819943415
828456;21-05-2026;11076;LOMA DE LA VACA;TEA02;COSECHA;COSECHA;11:00;23:00;9:30;1:00;50;500;796625600;FORESTAL MILLALEMU Y CIA.LTDA.;2077829;1;796625600;MILLALEMU Y CIA.LTDA. FORESTAL MILLALEMU;;P0244URCPLLF;CC;PIRA;;T010;2,44;2,44;99,68616;0;400;13-Traslados dentro del predio (cancha, sector)-1.5;90;P;Fresca;21-05-2026 12:42:30;22-05-2026;0;;FORWINCH;;PULPABLE;CP CONSTITUCION;IN2026;SI;FASA Zona Constituci;FASA Zona Constituci;FASA Zona Constituci;FSC 100%-SA-FM/COC-004173;100% CERTIFICADO CERTFOR-CL21/819943415
828456;21-05-2026;11076;LOMA DE LA VACA;TEA02;COSECHA;COSECHA;11:00;23:00;9:30;1:00;50;500;796625600;FORESTAL MILLALEMU Y CIA.LTDA.;2077829;1;796625600;MILLALEMU Y CIA.LTDA. FORESTAL MILLALEMU;;P0330RRCCAL1;CC;PIRA;49;T014;3,2;3,3;7,301;0;60;13-Traslados dentro del predio (cancha, sector)-1.5;90;P;Fresca;21-05-2026 12:42:30;22-05-2026;0;;FORWINCH;;ASERRABLE;CN VINALES;IN2026;SI;FASA Zona Constituci;FASA Zona Constituci;FASA Zona Constituci;FSC 100%-SA-FM/COC-004173;100% CERTIFICADO CERTFOR-CL21/819943415
828456;21-05-2026;11076;LOMA DE LA VACA;TEA02;COSECHA;COSECHA;11:00;23:00;9:30;1:00;50;500;796625600;FORESTAL MILLALEMU Y CIA.LTDA.;2077829;1;796625600;MILLALEMU Y CIA.LTDA. FORESTAL MILLALEMU;;P0410RRCCAL1;CC;PIRA;446;T014;4;4,1;84,74;0;80;13-Traslados dentro del predio (cancha, sector)-1.5;90;P;Fresca;21-05-2026 12:42:30;22-05-2026;0;;FORWINCH;;ASERRABLE;CN VINALES;IN2026;SI;FASA Zona Constituci;FASA Zona Constituci;FASA Zona Constituci;FSC 100%-SA-FM/COC-004173;100% CERTIFICADO CERTFOR-CL21/819943415
828459;21-05-2026;12191;CE-27 ESPINALILLO YBAR;MG5;COSECHA;COSECHA;11:00;23:00;10:30;1:00;20;300;796625600;FORESTAL MILLALEMU Y CIA.LTDA.;2078007;1;796625600;MILLALEMU Y CIA.LTDA. FORESTAL MILLALEMU;;P0244URC8-16;CC;PIRA;;T010;2,44;2,44;52,30092;0;102;42-Descanso/Pausa programada-0.5;30;P;Fresca;21-05-2026 12:51:51;22-05-2026;0;;GRAPPLE;;PULPABLE;CP CONSTITUCION;VE2026;SI;FASA Zona Constituci;FASA Zona Constituci;FASA Zona Constituci;FSC 100%-SA-FM/COC-004173;100% CERTIFICADO CERTFOR-CL21/819943415
828459;21-05-2026;12191;CE-27 ESPINALILLO YBAR;MG5;COSECHA;COSECHA;11:00;23:00;10:30;1:00;20;300;796625600;FORESTAL MILLALEMU Y CIA.LTDA.;2078007;1;796625600;MILLALEMU Y CIA.LTDA. FORESTAL MILLALEMU;;P0410RRCCAL1;CC;PIRA;44;T014;4;4,1;8,36;0;8;42-Descanso/Pausa programada-0.5;30;P;Fresca;21-05-2026 12:51:51;22-05-2026;0;;GRAPPLE;;ASERRABLE;CN VINALES;VE2026;SI;FASA Zona Constituci;FASA Zona Constituci;FASA Zona Constituci;FSC 100%-SA-FM/COC-004173;100% CERTIFICADO CERTFOR-CL21/819943415
828461;21-05-2026;40539;LAS MERCEDES C13;S246;COSECHA;COSECHA;11:00;23:00;10:30;1:00;52;1000;796625600;FORESTAL MILLALEMU Y CIA.LTDA.;2077921;1;796625600;MILLALEMU Y CIA.LTDA. FORESTAL MILLALEMU;;P0350URCPLLF;CC;PIRA;;N011;3,5;3,5;114,466716;0;715;4-Reparacion/Falla equipo de Trozado-0.5;30;P;Fresca;21-05-2026 12:53:33;22-05-2026;0;;SKIDDER;;PULPABLE;PTA NVA ALDEA;IN2026;SI;FASA Zona Chillán;FASA Zona Chillán;FASA Zona Chillán;FSC 100%-SA-FM/COC-004173;100% CERTIFICADO CERTFOR-CL21/819943415
828461;21-05-2026;40539;LAS MERCEDES C13;S246;COSECHA;COSECHA;11:00;23:00;10:30;1:00;52;1000;796625600;FORESTAL MILLALEMU Y CIA.LTDA.;2077921;1;796625600;MILLALEMU Y CIA.LTDA. FORESTAL MILLALEMU;;P0410RRCCAL1;CC;PIRA;250;N051;4;4,1;47,5;0;70;4-Reparacion/Falla equipo de Trozado-0.5;30;P;Fresca;21-05-2026 12:53:33;22-05-2026;0;;SKIDDER;;ASERRABLE;CN LOG NVA ALDEA;IN2026;SI;FASA Zona Chillán;FASA Zona Chillán;FASA Zona Chillán;FSC 100%-SA-FM/COC-004173;100% CERTIFICADO CERTFOR-CL21/819943415
828481;20-05-2026;11076;LOMA DE LA VACA;TEA02;COSECHA;COSECHA;11:00;23:00;10:30;1:00;33;900;796625600;FORESTAL MILLALEMU Y CIA.LTDA.;2077829;1;796625600;MILLALEMU Y CIA.LTDA. FORESTAL MILLALEMU;;P0244URCPLLF;CC;PIRA;;T010;2,44;2,44;138,852;0;90;42-Descanso/Pausa programada-0.5;30;P;Fresca;20-05-2026 13:30:24;22-05-2026;0;;FORWINCH;;PULPABLE;CP CONSTITUCION;IN2026;SI;FASA Zona Constituci;FASA Zona Constituci;FASA Zona Constituci;FSC 100%-SA-FM/COC-004173;100% CERTIFICADO CERTFOR-CL21/819943415
828481;20-05-2026;11076;LOMA DE LA VACA;TEA02;COSECHA;COSECHA;11:00;23:00;10:30;1:00;33;900;796625600;FORESTAL MILLALEMU Y CIA.LTDA.;2077829;1;796625600;MILLALEMU Y CIA.LTDA. FORESTAL MILLALEMU;;P0330RRCCAL1;CC;PIRA;645;T014;3,2;3,3;96,105;0;15;42-Descanso/Pausa programada-0.5;30;P;Fresca;20-05-2026 13:30:24;22-05-2026;0;;FORWINCH;;ASERRABLE;CN VINALES;IN2026;SI;FASA Zona Constituci;FASA Zona Constituci;FASA Zona Constituci;FSC 100%-SA-FM/COC-004173;100% CERTIFICADO CERTFOR-CL21/819943415
828512;21-05-2026;10728;CHAMIZAL;TEA08;COSECHA;COSECHA;11:00;23:00;10:30;1:00;26;1560;796625600;FORESTAL MILLALEMU Y CIA.LTDA.;2077946;1;796625600;MILLALEMU Y CIA.LTDA. FORESTAL MILLALEMU;;E0300UGCPLVA;CC;EUGL;;N011;3;3;32,70252;0;32;42-Descanso/Pausa programada-0.5;30;P;Fresca;21-05-2026 14:51:51;21-05-2026;0;;FORWINCH;;PULPABLE;PTA NVA ALDEA;VE2026;SI;FASA Zona Constituci;FASA Zona Constituci;FASA Zona Constituci;FSC 100%-SA-FM/COC-004173;100% CERTIFICADO CERTFOR-CL21/819943415
828512;21-05-2026;10728;CHAMIZAL;TEA08;COSECHA;COSECHA;11:00;23:00;10:30;1:00;26;1560;796625600;FORESTAL MILLALEMU Y CIA.LTDA.;2077946;1;796625600;MILLALEMU Y CIA.LTDA. FORESTAL MILLALEMU;;P0244URCPLLF;CC;PIRA;;T010;2,44;2,44;45,7254;0;45;42-Descanso/Pausa programada-0.5;30;P;Fresca;21-05-2026 14:51:51;21-05-2026;0;;FORWINCH;;PULPABLE;CP CONSTITUCION;VE2026;SI;FASA Zona Constituci;FASA Zona Constituci;FASA Zona Constituci;FSC 100%-SA-FM/COC-004173;100% CERTIFICADO CERTFOR-CL21/819943415
828513;20-05-2026;10728;CHAMIZAL;TEA08;COSECHA;COSECHA;11:00;23:00;2:30;1:00;6;283;796625600;FORESTAL MILLALEMU Y CIA.LTDA.;2077945;1;796625600;MILLALEMU Y CIA.LTDA. FORESTAL MILLALEMU;;E0550UGCPLLF;CC;EUGL;;N011;5,5;5,5;17,04696;0;17;14-Traslados otro predio-8.5;510;P;Fresca;20-05-2026 14:57:07;20-05-2026;0;;FORWINCH;;PULPABLE;PTA NVA ALDEA;VE2026;SI;FASA Zona Constituci;FASA Zona Constituci;FASA Zona Constituci;FSC 100%-SA-FM/COC-004173;100% CERTIFICADO CERTFOR-CL21/819943415
828571;22-05-2026;10608;POLHUIN;T125;COSECHA;COSECHA;11:00;23:00;10:00;1:00;29;600;796625600;FORESTAL MILLALEMU Y CIA.LTDA.;2077509;1;796625600;MILLALEMU Y CIA.LTDA. FORESTAL MILLALEMU;;E0550UGCPLLF;CC;EUGL;;N011;5,5;5,5;177,713;0;7177;13-Traslados dentro del predio (cancha, sector)-1;60;P;Fresca;23-05-2026 00:32:27;22-05-2026;0;;TORRE500;;PULPABLE;PTA NVA ALDEA;VE2026;SI;FASA Zona Constituci;FASA Zona Constituci;FASA Zona Constituci;FSC 100%-SA-FM/COC-004173;100% CERTIFICADO CERTFOR-CL21/819943415
828572;22-05-2026;40539;LAS MERCEDES C13;S246;COSECHA;COSECHA;11:00;23:00;10:00;1:00;216;0;796625600;FORESTAL MILLALEMU Y CIA.LTDA.;2077921;1;796625600;MILLALEMU Y CIA.LTDA. FORESTAL MILLALEMU;;P0350URCPLLF;CC;PIRA;;N011;3,5;3,5;202,745;0;918;58-Cambio de Cadena o Espada-1;60;P;Fresca;23-05-2026 00:34:21;22-05-2026;0;;SKIDDER;;PULPABLE;PTA NVA ALDEA;IN2026;SI;FASA Zona Chillán;FASA Zona Chillán;FASA Zona Chillán;FSC 100%-SA-FM/COC-004173;100% CERTIFICADO CERTFOR-CL21/819943415
828572;22-05-2026;40539;LAS MERCEDES C13;S246;COSECHA;COSECHA;11:00;23:00;10:00;1:00;216;0;796625600;FORESTAL MILLALEMU Y CIA.LTDA.;2077921;1;796625600;MILLALEMU Y CIA.LTDA. FORESTAL MILLALEMU;;P0410RRCCAL1;CC;PIRA;366;N051;4;4,1;69,54;0;139;58-Cambio de Cadena o Espada-1;60;P;Fresca;23-05-2026 00:34:21;22-05-2026;0;;SKIDDER;;ASERRABLE;CN LOG NVA ALDEA;IN2026;SI;FASA Zona Chillán;FASA Zona Chillán;FASA Zona Chillán;FSC 100%-SA-FM/COC-004173;100% CERTIFICADO CERTFOR-CL21/819943415
828582;22-05-2026;11076;LOMA DE LA VACA;TEA02;COSECHA;COSECHA;11:00;23:00;11:00;1:00;20;800;796625600;FORESTAL MILLALEMU Y CIA.LTDA.;2077829;1;796625600;MILLALEMU Y CIA.LTDA. FORESTAL MILLALEMU;;P0244URCPLLF;CC;PIRA;;T010;2,44;2,44;139,905;0;400;;0;P;Fresca;23-05-2026 00:48:03;22-05-2026;0;;FORWINCH;;PULPABLE;CP CONSTITUCION;IN2026;SI;FASA Zona Constituci;FASA Zona Constituci;FASA Zona Constituci;FSC 100%-SA-FM/COC-004173;100% CERTIFICADO CERTFOR-CL21/819943415
828582;22-05-2026;11076;LOMA DE LA VACA;TEA02;COSECHA;COSECHA;11:00;23:00;11:00;1:00;20;800;796625600;FORESTAL MILLALEMU Y CIA.LTDA.;2077829;1;796625600;MILLALEMU Y CIA.LTDA. FORESTAL MILLALEMU;;P0330RRCCAL1;CC;PIRA;76;5943;3,2;3,3;11,324;0;70;;0;P;Fresca;23-05-2026 00:48:03;22-05-2026;0;;FORWINCH;;ASERRABLE;Radiata Spa;IN2026;SI;FASA Zona Constituci;FASA Zona Constituci;FASA Zona Constituci;FSC 100%-SA-FM/COC-004173;100% CERTIFICADO CERTFOR-CL21/819943415
828582;22-05-2026;11076;LOMA DE LA VACA;TEA02;COSECHA;COSECHA;11:00;23:00;11:00;1:00;20;800;796625600;FORESTAL MILLALEMU Y CIA.LTDA.;2077829;1;796625600;MILLALEMU Y CIA.LTDA. FORESTAL MILLALEMU;;P0410RRCCAL1;CC;PIRA;610;T014;4;4,1;115,9;0;200;;0;P;Fresca;23-05-2026 00:48:03;22-05-2026;0;;FORWINCH;;ASERRABLE;CN VINALES;IN2026;SI;FASA Zona Constituci;FASA Zona Constituci;FASA Zona Constituci;FSC 100%-SA-FM/COC-004173;100% CERTIFICADO CERTFOR-CL21/819943415
828585;22-05-2026;11734;COIHUECO Y OTROS (BB);S58;COSECHA;COSECHA;11:00;23:00;10:30;1:00;60;225;796625600;FORESTAL MILLALEMU Y CIA.LTDA.;2076896;1;796625600;MILLALEMU Y CIA.LTDA. FORESTAL MILLALEMU;;P0244URCPLSD;CC;PIRA;;N011;2,44;2,44;90,972;0;96;42-Descanso/Pausa programada-0.5;30;P;Quemada;23-05-2026 00:51:39;22-05-2026;0;;SKIDDER;;PULPABLE;PTA NVA ALDEA;VE2026;SI;FASA Zona Chillán;FASA Zona Chillán;FASA Zona Chillán;FSC 100%-SA-FM/COC-004173;100% CERTIFICADO CERTFOR-CL21/819943415
828585;22-05-2026;11734;COIHUECO Y OTROS (BB);S58;COSECHA;COSECHA;11:00;23:00;10:30;1:00;60;225;796625600;FORESTAL MILLALEMU Y CIA.LTDA.;2076896;1;796625600;MILLALEMU Y CIA.LTDA. FORESTAL MILLALEMU;;P0265LRCCAL1;CC;PIRA;20;N051;2,6;2,65;6,7;0;69;42-Descanso/Pausa programada-0.5;30;P;Fresca;23-05-2026 00:51:39;22-05-2026;0;;SKIDDER;;PODADO;CN LOG NVA ALDEA;VE2026;SI;FASA Zona Chillán;FASA Zona Chillán;FASA Zona Chillán;FSC 100%-SA-FM/COC-004173;100% CERTIFICADO CERTFOR-CL21/819943415
828585;22-05-2026;11734;COIHUECO Y OTROS (BB);S58;COSECHA;COSECHA;11:00;23:00;10:30;1:00;60;225;796625600;FORESTAL MILLALEMU Y CIA.LTDA.;2076896;1;796625600;MILLALEMU Y CIA.LTDA. FORESTAL MILLALEMU;;P0265MRCCAL1;CC;PIRA;243;N051;2,6;2,65;81,405;0;103;42-Descanso/Pausa programada-0.5;30;P;Fresca;23-05-2026 00:51:39;22-05-2026;0;;SKIDDER;;ASERRABLE;CN LOG NVA ALDEA;VE2026;SI;FASA Zona Chillán;FASA Zona Chillán;FASA Zona Chillán;FSC 100%-SA-FM/COC-004173;100% CERTIFICADO CERTFOR-CL21/819943415
828585;22-05-2026;11734;COIHUECO Y OTROS (BB);S58;COSECHA;COSECHA;11:00;23:00;10:30;1:00;60;225;796625600;FORESTAL MILLALEMU Y CIA.LTDA.;2076896;1;796625600;MILLALEMU Y CIA.LTDA. FORESTAL MILLALEMU;;P0265RRCCAL1;CC;PIRA;28;N051;2,6;2,65;9,38;0;31;42-Descanso/Pausa programada-0.5;30;P;Fresca;23-05-2026 00:51:39;22-05-2026;0;;SKIDDER;;ASERRABLE;CN LOG NVA ALDEA;VE2026;SI;FASA Zona Chillán;FASA Zona Chillán;FASA Zona Chillán;FSC 100%-SA-FM/COC-004173;100% CERTIFICADO CERTFOR-CL21/819943415
828585;22-05-2026;11734;COIHUECO Y OTROS (BB);S58;COSECHA;COSECHA;11:00;23:00;10:30;1:00;60;225;796625600;FORESTAL MILLALEMU Y CIA.LTDA.;2076896;1;796625600;MILLALEMU Y CIA.LTDA. FORESTAL MILLALEMU;;P0350URCPLLF;CC;PIRA;;N011;3,5;3,5;0;0;49;42-Descanso/Pausa programada-0.5;30;P;Fresca;23-05-2026 00:51:39;22-05-2026;0;;SKIDDER;;PULPABLE;PTA NVA ALDEA;VE2026;SI;FASA Zona Chillán;FASA Zona Chillán;FASA Zona Chillán;FSC 100%-SA-FM/COC-004173;100% CERTIFICADO CERTFOR-CL21/819943415
828585;22-05-2026;11734;COIHUECO Y OTROS (BB);S58;COSECHA;COSECHA;11:00;23:00;10:30;1:00;60;225;796625600;FORESTAL MILLALEMU Y CIA.LTDA.;2076896;1;796625600;MILLALEMU Y CIA.LTDA. FORESTAL MILLALEMU;;P0400NRCPLLF;CC;PIRA;;N014;4;4;44,241;0;148;42-Descanso/Pausa programada-0.5;30;P;Fresca;23-05-2026 00:51:39;22-05-2026;0;;SKIDDER;;PULPABLE;CP TRUPAN;VE2026;SI;FASA Zona Chillán;FASA Zona Chillán;FASA Zona Chillán;FSC 100%-SA-FM/COC-004173;100% CERTIFICADO CERTFOR-CL21/819943415
828585;22-05-2026;11734;COIHUECO Y OTROS (BB);S58;COSECHA;COSECHA;11:00;23:00;10:30;1:00;60;225;796625600;FORESTAL MILLALEMU Y CIA.LTDA.;2076896;1;796625600;MILLALEMU Y CIA.LTDA. FORESTAL MILLALEMU;;P0410MRCCAL1;CC;PIRA;166;N051;4;4,1;31,54;0;104;42-Descanso/Pausa programada-0.5;30;P;Fresca;23-05-2026 00:51:39;22-05-2026;0;;SKIDDER;;ASERRABLE;CN LOG NVA ALDEA;VE2026;SI;FASA Zona Chillán;FASA Zona Chillán;FASA Zona Chillán;FSC 100%-SA-FM/COC-004173;100% CERTIFICADO CERTFOR-CL21/819943415
828585;22-05-2026;11734;COIHUECO Y OTROS (BB);S58;COSECHA;COSECHA;11:00;23:00;10:30;1:00;60;225;796625600;FORESTAL MILLALEMU Y CIA.LTDA.;2076896;1;796625600;MILLALEMU Y CIA.LTDA. FORESTAL MILLALEMU;;P0410RRCCAL1;CC;PIRA;25;N051;4;4,1;4,75;0;84;42-Descanso/Pausa programada-0.5;30;P;Fresca;23-05-2026 00:51:39;22-05-2026;0;;SKIDDER;;ASERRABLE;CN LOG NVA ALDEA;VE2026;SI;FASA Zona Chillán;FASA Zona Chillán;FASA Zona Chillán;FSC 100%-SA-FM/COC-004173;100% CERTIFICADO CERTFOR-CL21/819943415
828585;22-05-2026;11734;COIHUECO Y OTROS (BB);S58;COSECHA;COSECHA;11:00;23:00;10:30;1:00;60;225;796625600;FORESTAL MILLALEMU Y CIA.LTDA.;2076896;1;796625600;MILLALEMU Y CIA.LTDA. FORESTAL MILLALEMU;;P0550NRCPLLF;CC;PIRA;;N048;5,5;5,5;8,695;0;8;42-Descanso/Pausa programada-0.5;30;P;Quemada 2;23-05-2026 00:51:39;22-05-2026;0;;SKIDDER;;PULPABLE;CN RANQUIL;VE2026;SI;FASA Zona Chillán;FASA Zona Chillán;FASA Zona Chillán;FSC 100%-SA-FM/COC-004173;100% CERTIFICADO CERTFOR-CL21/819943415
828587;22-05-2026;10073;QUIRIQUINO;S123;COSECHA;COSECHA;11:00;23:00;10:00;1:00;116;1000;796625600;FORESTAL MILLALEMU Y CIA.LTDA.;2078005;1;796625600;MILLALEMU Y CIA.LTDA. FORESTAL MILLALEMU;;P0265PRCCAL1;CC;PIRA;148;N051;2,6;2,65;46,62;0;322;17-Falta de trozado-0.5|42-Descanso/Pausa programada-0.5;60;P;Fresca;23-05-2026 00:54:18;22-05-2026;0;;SKIDDER;;PODADO;CN LOG NVA ALDEA;IN2026;SI;FASA Zona Chillán;FASA Zona Chillán;FASA Zona Chillán;FSC 100%-SA-FM/COC-004173;100% CERTIFICADO CERTFOR-CL21/819943415
828587;22-05-2026;10073;QUIRIQUINO;S123;COSECHA;COSECHA;11:00;23:00;10:00;1:00;116;1000;796625600;FORESTAL MILLALEMU Y CIA.LTDA.;2078005;1;796625600;MILLALEMU Y CIA.LTDA. FORESTAL MILLALEMU;;P0265RRCCAL1;CC;PIRA;53;N051;2,6;2,65;16,695;0;222;17-Falta de trozado-0.5|42-Descanso/Pausa programada-0.5;60;P;Fresca;23-05-2026 00:54:18;22-05-2026;0;;SKIDDER;;ASERRABLE;CN LOG NVA ALDEA;IN2026;SI;FASA Zona Chillán;FASA Zona Chillán;FASA Zona Chillán;FSC 100%-SA-FM/COC-004173;100% CERTIFICADO CERTFOR-CL21/819943415
828587;22-05-2026;10073;QUIRIQUINO;S123;COSECHA;COSECHA;11:00;23:00;10:00;1:00;116;1000;796625600;FORESTAL MILLALEMU Y CIA.LTDA.;2078005;1;796625600;MILLALEMU Y CIA.LTDA. FORESTAL MILLALEMU;;P0330URCPLVA;CC;PIRA;;N011;3,3;3,3;10,73;0;90;17-Falta de trozado-0.5|42-Descanso/Pausa programada-0.5;60;P;Fresca;23-05-2026 00:54:18;22-05-2026;0;;SKIDDER;;PULPABLE;PTA NVA ALDEA;IN2026;SI;FASA Zona Chillán;FASA Zona Chillán;FASA Zona Chillán;FSC 100%-SA-FM/COC-004173;100% CERTIFICADO CERTFOR-CL21/819943415
828587;22-05-2026;10073;QUIRIQUINO;S123;COSECHA;COSECHA;11:00;23:00;10:00;1:00;116;1000;796625600;FORESTAL MILLALEMU Y CIA.LTDA.;2078005;1;796625600;MILLALEMU Y CIA.LTDA. FORESTAL MILLALEMU;;P0350URCPLLF;CC;PIRA;;N011;3,5;3,5;120,974;0;453;17-Falta de trozado-0.5|42-Descanso/Pausa programada-0.5;60;P;Fresca;23-05-2026 00:54:18;22-05-2026;0;;SKIDDER;;PULPABLE;PTA NVA ALDEA;IN2026;SI;FASA Zona Chillán;FASA Zona Chillán;FASA Zona Chillán;FSC 100%-SA-FM/COC-004173;100% CERTIFICADO CERTFOR-CL21/819943415
828587;22-05-2026;10073;QUIRIQUINO;S123;COSECHA;COSECHA;11:00;23:00;10:00;1:00;116;1000;796625600;FORESTAL MILLALEMU Y CIA.LTDA.;2078005;1;796625600;MILLALEMU Y CIA.LTDA. FORESTAL MILLALEMU;;P0410RRCCAL1;CC;PIRA;1428;N051;4;4,1;328,44;0;871;17-Falta de trozado-0.5|42-Descanso/Pausa programada-0.5;60;P;Fresca;23-05-2026 00:54:18;22-05-2026;0;;SKIDDER;;ASERRABLE;CN LOG NVA ALDEA;IN2026;SI;FASA Zona Chillán;FASA Zona Chillán;FASA Zona Chillán;FSC 100%-SA-FM/COC-004173;100% CERTIFICADO CERTFOR-CL21/819943415
828612;22-05-2026;12191;CE-27 ESPINALILLO YBAR;MG5;COSECHA;COSECHA;12:00;22:00;8:30;1:00;4;80;796625600;FORESTAL MILLALEMU Y CIA.LTDA.;2078007;1;796625600;MILLALEMU Y CIA.LTDA. FORESTAL MILLALEMU;;P0244URC8-16;CC;PIRA;;T010;2,44;2,44;79,8;0;185;42-Descanso/Pausa programada-0.5;30;P;Fresca;23-05-2026 01:27:38;22-05-2026;0;;GRAPPLE;;PULPABLE;CP CONSTITUCION;VE2026;SI;FASA Zona Constituci;FASA Zona Constituci;FASA Zona Constituci;FSC 100%-SA-FM/COC-004173;100% CERTIFICADO CERTFOR-CL21/819943415
828612;22-05-2026;12191;CE-27 ESPINALILLO YBAR;MG5;COSECHA;COSECHA;12:00;22:00;8:30;1:00;4;80;796625600;FORESTAL MILLALEMU Y CIA.LTDA.;2078007;1;796625600;MILLALEMU Y CIA.LTDA. FORESTAL MILLALEMU;;P0410RRCCAL1;CC;PIRA;107;T014;4;4,1;20,33;0;28;42-Descanso/Pausa programada-0.5;30;P;Fresca;23-05-2026 01:27:38;22-05-2026;0;;GRAPPLE;;ASERRABLE;CN VINALES;VE2026;SI;FASA Zona Constituci;FASA Zona Constituci;FASA Zona Constituci;FSC 100%-SA-FM/COC-004173;100% CERTIFICADO CERTFOR-CL21/819943415
828614;22-05-2026;10728;CHAMIZAL;TEA08;COSECHA;COSECHA;11:00;23:00;10:30;1:00;23;1700;796625600;FORESTAL MILLALEMU Y CIA.LTDA.;2077946;1;796625600;MILLALEMU Y CIA.LTDA. FORESTAL MILLALEMU;;E0300UGCPLVA;CC;EUGL;;N011;3;3;19,504;0;51;42-Descanso/Pausa programada-0.5;30;P;Fresca;23-05-2026 01:34:03;22-05-2026;0;;FORWINCH;;PULPABLE;PTA NVA ALDEA;VE2026;SI;FASA Zona Constituci;FASA Zona Constituci;FASA Zona Constituci;FSC 100%-SA-FM/COC-004173;100% CERTIFICADO CERTFOR-CL21/819943415
828614;22-05-2026;10728;CHAMIZAL;TEA08;COSECHA;COSECHA;11:00;23:00;10:30;1:00;23;1700;796625600;FORESTAL MILLALEMU Y CIA.LTDA.;2077946;1;796625600;MILLALEMU Y CIA.LTDA. FORESTAL MILLALEMU;;E0550UGCPLLF;CC;EUGL;;N011;5,5;5,5;13,822;0;30;42-Descanso/Pausa programada-0.5;30;P;Fresca;23-05-2026 01:34:03;22-05-2026;0;;FORWINCH;;PULPABLE;PTA NVA ALDEA;VE2026;SI;FASA Zona Constituci;FASA Zona Constituci;FASA Zona Constituci;FSC 100%-SA-FM/COC-004173;100% CERTIFICADO CERTFOR-CL21/819943415
828614;22-05-2026;10728;CHAMIZAL;TEA08;COSECHA;COSECHA;11:00;23:00;10:30;1:00;23;1700;796625600;FORESTAL MILLALEMU Y CIA.LTDA.;2077946;1;796625600;MILLALEMU Y CIA.LTDA. FORESTAL MILLALEMU;;P0244URCPLLF;CC;PIRA;;T010;2,44;2,44;51,699;0;95;42-Descanso/Pausa programada-0.5;30;P;Fresca;23-05-2026 01:34:03;22-05-2026;0;;FORWINCH;;PULPABLE;CP CONSTITUCION;VE2026;SI;FASA Zona Constituci;FASA Zona Constituci;FASA Zona Constituci;FSC 100%-SA-FM/COC-004173;100% CERTIFICADO CERTFOR-CL21/819943415
